Category	Bytes	MiB	AssetPath
KEEP_PROTECTED	414112	0.395	Assets/Procedural Worlds/Packages - Install/Gaia/Scripts/Editor/Misc/SpawnerEditor.cs
KEEP_PROTECTED	374711	0.357	Assets/Procedural Worlds/Packages - Install/Gaia/Scripts/Editor/Misc/GaiaManagerEditor.cs
KEEP_PROTECTED	320312	0.305	Assets/Procedural Worlds/Packages - Install/Gaia/Scripts/Core/Spawning System/Spawner.cs
KEEP_PROTECTED	310196	0.296	Assets/Procedural Worlds/Packages - Install/Gaia/Scripts/Core/Photo Mode/PhotoMode.cs
KEEP_PROTECTED	290696	0.277	Assets/Procedural Worlds/Packages - Install/Gaia/Scripts/Core/Session System/GaiaSessionManager.cs
KEEP_PROTECTED	249092	0.238	Assets/Procedural Worlds/Packages - Install/Gaia/Scripts/Core/Utils/GaiaUtils.cs
KEEP_PROTECTED	191860	0.183	Assets/Procedural Worlds/Packages - Install/Gaia/Scripts/Core/Multi Terrain System/GaiaMultiTerrainOperation.cs
KEEP_PROTECTED	187282	0.179	Assets/Procedural Worlds/Packages - Install/Gaia/Scripts/Editor/Misc/ExportTerrain.cs
KEEP_PROTECTED	154262	0.147	Assets/Naganeupseong/Shaders/PBR_Alpha.shader
KEEP_PROTECTED	144456	0.138	Assets/Procedural Worlds/Packages - Install/Gaia/Scripts/Core/API/GaiaAPI.cs
KEEP_PROTECTED	141348	0.135	Assets/Procedural Worlds/Packages - Install/Gaia/Scripts/Core/Stamping System/Stamper.cs
KEEP_PROTECTED	136146	0.130	Assets/Procedural Worlds/Packages - Install/Gaia/Scripts/Editor/Scene Management/GaiaSceneManagement.cs
KEEP_PROTECTED	131558	0.125	Assets/Procedural Worlds/Packages - Install/Gaia/Scripts/Core/ResourcesSystem/GaiaResource.cs
KEEP_PROTECTED	131297	0.125	Assets/Procedural Worlds/Packages - Install/Gaia/Scripts/Core/Utils/HeightMap.cs
KEEP_PROTECTED	129576	0.124	Assets/Procedural Worlds/Packages - Install/Gaia/Scripts/Core/Lighting System/GaiaLightingProfileValues.cs
KEEP_PROTECTED	113911	0.109	Assets/Procedural Worlds/Packages - Install/Gaia/Scripts/Editor/Misc/ConvertTerrains.cs
KEEP_PROTECTED	105582	0.101	Assets/Procedural Worlds/Packages - Install/Gaia/Scripts/Editor/Lighting System/GaiaLighting.cs
KEEP_PROTECTED	103936	0.099	Assets/Procedural Worlds/Frameworks/Common5/Editor/PWCommon5EditorDLL.dll
KEEP_PROTECTED	102403	0.098	Assets/Procedural Worlds/Packages - Install/Gaia/Scripts/Editor/Misc/StamperEditor.cs
KEEP_PROTECTED	98287	0.094	Assets/Procedural Worlds/Packages - Install/Gaia/Scripts/Editor/Scene Management/GaiaLightingEditor.cs
KEEP_PROTECTED	98115	0.094	Assets/Procedural Worlds/Packages - Install/Gaia/Scripts/Editor/Misc/GaiaTerrainExplorerEditor.cs
KEEP_PROTECTED	97435	0.093	Assets/Procedural Worlds/Packages - Install/Gaia/Scripts/Editor/Misc/GaiaHDRPPipelineUtils.cs
KEEP_PROTECTED	89998	0.086	Assets/Procedural Worlds/Packages - Install/Gaia/Scripts/Core/Water System/Reflections/PWS_WaterSystem.cs
KEEP_PROTECTED	89689	0.086	Assets/Procedural Worlds/Packages - Install/Gaia/Scripts/Editor/Misc/GaiaResourceEditor.cs
KEEP_PROTECTED	87928	0.084	Assets/Naganeupseong/Shaders/UnrealCommon.cginc
KEEP_PROTECTED	87256	0.083	Assets/Procedural Worlds/Packages - Install/Gaia/Scripts/Core/Mesh Simplifier/Runtime/MeshSimplifier.cs
KEEP_PROTECTED	84451	0.081	Assets/Procedural Worlds/Packages - Install/Gaia/Scripts/Editor/Water System/GaiaWater.cs
KEEP_PROTECTED	82881	0.079	Assets/Procedural Worlds/Packages - Install/Gaia/Scripts/Editor/Misc/TerrainConverterEditorWindow.cs
KEEP_PROTECTED	82350	0.079	Assets/Procedural Worlds/Packages - Install/Gaia/Scripts/Core/MaskSystem/ImageMask.cs
KEEP_PROTECTED	78273	0.075	Assets/Procedural Worlds/Packages - Install/Gaia/Scripts/Editor/Mask System/ImageMaskListEditor.cs
KEEP_PROTECTED	75297	0.072	Assets/InputActions/InputActions.cs
KEEP_PROTECTED	74979	0.072	Assets/Procedural Worlds/Packages - Install/Gaia/Scripts/Core/Utils/TerrainHelper.cs
KEEP_PROTECTED	73363	0.070	Assets/Procedural Worlds/Packages - Install/Gaia/Scripts/Editor/Multi-Terrain System/TerrainLoaderManagerEditor.cs
KEEP_PROTECTED	65290	0.062	Assets/Procedural Worlds/Packages - Install/Gaia/Scripts/Core/Spawning System/SpawnRule.cs
KEEP_PROTECTED	63339	0.060	Assets/Procedural Worlds/Packages - Install/Gaia/Scripts/Editor/Spawning System/BiomeControllerEditor.cs
KEEP_PROTECTED	62474	0.060	Assets/Procedural Worlds/Packages - Install/Gaia/Scripts/Editor/Scene Management/GaiaWaterEditor.cs
KEEP_PROTECTED	61810	0.059	Assets/Procedural Worlds/Packages - Install/Gaia/Scripts/Core/ResourcesSystem/GaiaWorldManager.cs
KEEP_PROTECTED	55241	0.053	Assets/Editor/JoseonFirstVillageGrayboxBuilder.cs
KEEP_PROTECTED	51337	0.049	Assets/Procedural Worlds/Packages - Install/Gaia/Scripts/Core/Lighting System/GaiaGlobal.cs
KEEP_PROTECTED	50219	0.048	Assets/Procedural Worlds/Packages - Install/Gaia/Scripts/Editor/Water System/GaiaWaterProfileEditor.cs
KEEP_PROTECTED	49921	0.048	Assets/Procedural Worlds/Packages - Install/Gaia/Scripts/Core/Water System/GaiaUnderwaterEffects.cs
KEEP_PROTECTED	45318	0.043	Assets/Procedural Worlds/Frameworks/PWAddressables1/PWAddressables.cs
KEEP_PROTECTED	45098	0.043	Assets/Procedural Worlds/Frameworks/Setup1/Scripts/Editor/SetupEditorWindow.cs
KEEP_PROTECTED	43801	0.042	Assets/Procedural Worlds/Packages - Install/Gaia/Scripts/Editor/Lighting System/GaiaLightingProfileEditor.cs
KEEP_PROTECTED	42732	0.041	Assets/Procedural Worlds/Packages - Install/Gaia/Scripts/Core/Photo Mode/PhotoModeUtils.cs
KEEP_PROTECTED	42501	0.041	Assets/Procedural Worlds/Packages - Install/Gaia/Scripts/Core/MaskSystem/BakedMaskCache.cs
KEEP_PROTECTED	40617	0.039	Assets/Procedural Worlds/Packages - Install/Gaia/Scripts/Core/Photo Mode/PhotoModeProfile.cs
KEEP_PROTECTED	40527	0.039	Assets/Procedural Worlds/Packages - Install/Gaia/Scripts/Core/Multi Terrain System/TerrainScene.cs
KEEP_PROTECTED	40121	0.038	Assets/Procedural Worlds/Packages - Install/Gaia/Scripts/Core/Unity/Terrain Tools/Noise/API/NoiseLib.cs
KEEP_PROTECTED	39205	0.037	Assets/Procedural Worlds/Packages - Install/Gaia/Scripts/Editor/Misc/GaiaURPPipelineUtils.cs
KEEP_PROTECTED	37048	0.035	Assets/Procedural Worlds/Packages - Install/Gaia/Scripts/Core/MaskSystem/PolyMask.cs
KEEP_PROTECTED	35543	0.034	Assets/Procedural Worlds/Packages - Install/Gaia/Scripts/Editor/Misc/GaiaSessionManagerEditor.cs
KEEP_PROTECTED	35153	0.034	Assets/Procedural Worlds/Packages - Install/Gaia/Scripts/Core/Mesh Simplifier/Runtime/LODGenerator.cs
KEEP_PROTECTED	34465	0.033	Assets/Procedural Worlds/Packages - Install/Gaia/Scripts/Editor/Misc/GaiaExtensionExporterEditor.cs
KEEP_PROTECTED	33714	0.032	Assets/Procedural Worlds/Packages - Install/Gaia/Scripts/Core/Utils/GaiaConstants.cs
KEEP_PROTECTED	33313	0.032	Assets/Procedural Worlds/Packages - Install/Gaia/Scripts/Core/ResourcesSystem/GaiaDefaults.cs
KEEP_PROTECTED	32477	0.031	Assets/Procedural Worlds/Packages - Install/Gaia/Scripts/Editor/Mesh Simplifier/LODGeneratorHelperEditor.cs
KEEP_PROTECTED	30216	0.029	Assets/Procedural Worlds/Packages - Install/Gaia/Scripts/Core/Utils/GaiaDirectories.cs
KEEP_PROTECTED	29786	0.028	Assets/Procedural Worlds/Packages - Install/Gaia/Scripts/Editor/Scene Management/GaiaPlayerEditor.cs
KEEP_PROTECTED	28949	0.028	Assets/Procedural Worlds/Packages - Install/Gaia/Scripts/Core/Spawning System/BiomeController.cs
KEEP_PROTECTED	27183	0.026	Assets/Procedural Worlds/Packages - Install/Gaia/Scripts/Editor/Mask System/PolyMaskEditor.cs
KEEP_PROTECTED	27129	0.026	Assets/Procedural Worlds/Packages - Install/Gaia/Scripts/Core/Unity/Terrain Tools/Erosion/TerrainToolGUIHelper.cs
KEEP_PROTECTED	26365	0.025	Assets/Procedural Worlds/Packages - Install/Gaia/Scripts/Editor/Lighting System/PWSkyStandaloneEditor.cs
KEEP_PROTECTED	24211	0.023	Assets/Procedural Worlds/Packages - Install/Gaia/Scripts/Core/Scene Management/GaiaScenePlayer.cs
KEEP_PROTECTED	24127	0.023	Assets/Procedural Worlds/Packages - Install/Gaia/Scripts/Core/Value Adds/UIConfiguration.cs
KEEP_PROTECTED	23683	0.023	Assets/Procedural Worlds/Packages - Install/Gaia/Scripts/Core/Mesh Simplifier/Runtime/MeshCombiner.cs
KEEP_PROTECTED	23309	0.022	Assets/Procedural Worlds/Packages - Install/Gaia/Scripts/Core/Scene Management/GaiaSceneLighting.cs
KEEP_PROTECTED	23159	0.022	Assets/Procedural Worlds/Packages - Install/Gaia/Scripts/Core/Utils/GaiaHDRPRuntimeUtils.cs
KEEP_PROTECTED	22861	0.022	Assets/Naganeupseong/Shaders/PBR_Roof.hlsl
KEEP_PROTECTED	22770	0.022	Assets/Procedural Worlds/Packages - Install/Gaia/Scripts/Core/Lighting System/AutoDepthOfField.cs
KEEP_PROTECTED	22513	0.021	Assets/Naganeupseong/Shaders/PBR_Shaders.hlsl
KEEP_PROTECTED	22016	0.021	Assets/Procedural Worlds/Frameworks/Common5/PWCommon5DLL.dll
KEEP_PROTECTED	21426	0.020	Assets/Procedural Worlds/Packages - Install/Gaia/Scripts/Editor/Multi-Terrain System/Gaia2TopPanel.cs
KEEP_PROTECTED	21196	0.020	Assets/Procedural Worlds/Packages - Install/Gaia/Scripts/Core/ScanningSystem/Scanner.cs
KEEP_PROTECTED	20410	0.019	Assets/Procedural Worlds/Packages - Install/Gaia/Scripts/Editor/Misc/ScannerEditor.cs
KEEP_PROTECTED	20135	0.019	Assets/Naganeupseong/Shaders/PBR_Alpha.hlsl
KEEP_PROTECTED	19729	0.019	Assets/Procedural Worlds/Packages - Install/Gaia/Scripts/Core/ResourcesSystem/GaiaSettings.cs
KEEP_PROTECTED	19641	0.019	Assets/Procedural Worlds/Frameworks/Setup1/Scripts/PWPackageInfo.cs
KEEP_PROTECTED	19627	0.019	Assets/Procedural Worlds/Packages - Install/Gaia/Scripts/Core/Photo Mode/PhotoModeUIHelper.cs
KEEP_PROTECTED	19559	0.019	Assets/Procedural Worlds/Packages - Install/Gaia/Scripts/Core/Unity/Terrain Tools/Noise/NoiseSettingsGUI.cs
KEEP_PROTECTED	19496	0.019	Assets/Procedural Worlds/Packages - Install/Gaia/Scripts/Editor/Value Adds/Location System/LocationManagerEditor.cs
KEEP_PROTECTED	19075	0.018	Assets/Procedural Worlds/Packages - Install/Gaia/Scripts/Core/Lighting System/HDRPDensityVolumeController.cs
KEEP_PROTECTED	18773	0.018	Assets/Procedural Worlds/Packages - Install/Gaia/Scripts/Editor/Lighting System/GaiaGlobalEditor.cs
KEEP_PROTECTED	18543	0.018	Assets/Procedural Worlds/Packages - Install/Gaia/Scripts/Core/Mesh Simplifier/Runtime/Utility/MeshUtils.cs
KEEP_PROTECTED	18234	0.017	Assets/Procedural Worlds/Packages - Install/Gaia/Shaders/PW General/PW_SkyboxProcedural.shader
KEEP_PROTECTED	17923	0.017	Assets/Procedural Worlds/Packages - Install/Gaia/Scripts/Core/Mesh Simplifier/Runtime/Math/Vector3d.cs
KEEP_PROTECTED	17508	0.017	Assets/Naganeupseong/Shaders/LargeWorldCoordinates.hlsl
KEEP_PROTECTED	17326	0.017	Assets/Procedural Worlds/Packages - Install/Gaia/Scripts/Core/MaskSystem/PolyMaskVisualization.cs
KEEP_PROTECTED	17161	0.016	Assets/Procedural Worlds/Packages - Install/Gaia/Scripts/Core/ResourcesSystem/ResourceVisualiser.cs
KEEP_PROTECTED	17107	0.016	Assets/Procedural Worlds/Packages - Install/Gaia/Scripts/Core/Water System/Reflections/GaiaPlanarReflections.cs
KEEP_PROTECTED	17070	0.016	Assets/Procedural Worlds/Packages - Install/Gaia/Scripts/Core/Value Adds/ScreenShotter.cs
KEEP_PROTECTED	17048	0.016	Assets/Procedural Worlds/Packages - Install/Gaia/Scripts/Core/Gaia Wizard/GWS_HDRPDiffusionProfiles.cs
KEEP_PROTECTED	17029	0.016	Assets/Procedural Worlds/Packages - Install/Gaia/Scripts/Core/Scene Management/SceneProfile.cs
KEEP_PROTECTED	16514	0.016	Assets/Procedural Worlds/Packages - Install/Gaia/Scripts/Editor/Misc/ResourceVisualiserEditor.cs
KEEP_PROTECTED	16467	0.016	Assets/Procedural Worlds/Packages - Install/Gaia/Scripts/Editor/Photo Mode/PhotoModeEditor.cs
KEEP_PROTECTED	15990	0.015	Assets/Procedural Worlds/Packages - Install/Gaia/Scripts/Editor/Mask System/CollisionMaskListEditor.cs
KEEP_PROTECTED	15679	0.015	Assets/Procedural Worlds/Packages - Install/Gaia/Scripts/Editor/Misc/GaiaStampSelectorEditorWindow.cs
KEEP_PROTECTED	15491	0.015	Assets/Procedural Worlds/Packages - Install/Gaia/Shaders/PW General/PW_Water.shader
KEEP_PROTECTED	15479	0.015	Assets/Procedural Worlds/Packages - Install/Gaia/Shaders/Unity/Standard Shaders/StampPreview.shader
KEEP_PROTECTED	15350	0.015	Assets/Procedural Worlds/Packages - Install/Gaia/Scripts/Core/Stamping System/WorldMap.cs
KEEP_PROTECTED	15330	0.015	Assets/Procedural Worlds/Packages - Install/Gaia/Scripts/Core/Utils/Vector3Double.cs
KEEP_PROTECTED	15011	0.014	Assets/Procedural Worlds/Packages - Install/Gaia/Scripts/Editor/Misc/EditorUtils.cs
KEEP_PROTECTED	14615	0.014	Assets/Procedural Worlds/Packages - Install/Gaia/Scripts/Editor/Misc/GaiaMassEditTerrains.cs
KEEP_PROTECTED	14540	0.014	Assets/Procedural Worlds/Packages - Install/Gaia/Shaders/Unity/Standard Shaders/SpawnerPreview.shader
KEEP_PROTECTED	14368	0.014	Assets/Procedural Worlds/Packages - Install/Gaia/Scripts/Editor/Stamping System/StamperSettingsEditor.cs
KEEP_PROTECTED	14155	0.013	Assets/Procedural Worlds/Packages - Install/Gaia/Shaders/PW General/PW_General_Forward.shader
KEEP_PROTECTED	14142	0.013	Assets/Procedural Worlds/Packages - Install/Gaia/Scripts/Editor/Water System/PW_Water_MaterialEditor.cs
KEEP_PROTECTED	14132	0.013	Assets/Procedural Worlds/Packages - Install/Gaia/Shaders/PW General/PW_Water_FuncsShared.cginc
KEEP_PROTECTED	13967	0.013	Assets/Procedural Worlds/Packages - Install/Gaia/Scripts/Core/Unity/Terrain Tools/Noise/API/NoiseUtils.cs
KEEP_PROTECTED	13792	0.013	Assets/Procedural Worlds/Packages - Install/Gaia/Scripts/Core/Utils/DynamicDepthOfField.cs
KEEP_PROTECTED	13751	0.013	Assets/Procedural Worlds/Packages - Install/Gaia/Scripts/Core/Photo Mode/PhotoModeButtonManager.cs
KEEP_PROTECTED	13715	0.013	Assets/Procedural Worlds/Packages - Install/Gaia/Scripts/Core/Utils/MathD.cs
KEEP_PROTECTED	13705	0.013	Assets/Procedural Worlds/Packages - Install/Gaia/Scripts/Core/ResourcesSystem/ResourceProtoGameObject.cs
KEEP_PROTECTED	13666	0.013	Assets/Procedural Worlds/Packages - Install/Gaia/Scripts/Core/Utils/FractalGenerator.cs
KEEP_PROTECTED	13611	0.013	Assets/Procedural Worlds/Packages - Install/Gaia/Scripts/Editor/Spawning System/SpawnerSettingsListEditor.cs
KEEP_PROTECTED	13477	0.013	Assets/Procedural Worlds/Frameworks/Setup1/Scripts/SetupUtils.cs
KEEP_PROTECTED	13460	0.013	Assets/Procedural Worlds/Packages - Install/Gaia/Scripts/Core/Utils/SimplexNoiseGenerator.cs
KEEP_PROTECTED	13228	0.013	Assets/Procedural Worlds/Packages - Install/Gaia/Scripts/Core/Unity/Terrain Tools/Noise/FbmFractalType.cs
KEEP_PROTECTED	13033	0.012	Assets/Procedural Worlds/Packages - Install/Gaia/Scripts/Core/Utils/QuadTree.cs
KEEP_PROTECTED	12956	0.012	Assets/Procedural Worlds/Packages - Install/Gaia/Scripts/Core/Gaia Wizard/GWSetting.cs
KEEP_PROTECTED	12850	0.012	Assets/Procedural Worlds/Packages - Install/Gaia/Scripts/Core/Spawning System/SpawnCriteria.cs
KEEP_PROTECTED	12738	0.012	Assets/Procedural Worlds/Packages - Install/Gaia/Scripts/Editor/Misc/GaiaResourceHelper.cs
KEEP_PROTECTED	12709	0.012	Assets/Procedural Worlds/Packages - Install/Gaia/Shaders/Unity/Standard Shaders/BaseOperation.shader
KEEP_PROTECTED	12678	0.012	Assets/Procedural Worlds/Packages - Install/Gaia/Scripts/Editor/Misc/UnityPipelineProfileEditor.cs
KEEP_PROTECTED	12602	0.012	Assets/Procedural Worlds/Packages - Install/Gaia/Scripts/Core/Lighting System/GaiaShaderID.cs
KEEP_PROTECTED	12443	0.012	Assets/Procedural Worlds/Packages - Install/Gaia/Scripts/Editor/API/DemoAPIControllerEditor.cs
KEEP_PROTECTED	12165	0.012	Assets/Procedural Worlds/Packages - Install/Sky & Lighting Presets/Scripts/LightingPresetBuiltIn.cs
KEEP_PROTECTED	12051	0.011	Assets/Procedural Worlds/Packages - Install/Gaia/Scripts/Editor/Misc/PackageInstallerUtils.cs
KEEP_PROTECTED	12018	0.011	Assets/Procedural Worlds/Packages - Install/Gaia/Scripts/Editor/Misc/GaiaTerrainStitcher.cs
KEEP_PROTECTED	12015	0.011	Assets/Procedural Worlds/Packages - Install/Gaia/Scripts/Core/Utils/UnityHeightMap.cs
KEEP_PROTECTED	11857	0.011	Assets/Procedural Worlds/Packages - Install/Gaia/Scripts/Core/MaskSystem/ImageProcessing.cs
KEEP_PROTECTED	11723	0.011	Assets/Procedural Worlds/Packages - Install/Sky & Lighting Presets/Scripts/LightingPresetHDRP.cs
KEEP_PROTECTED	11694	0.011	Assets/Procedural Worlds/Packages - Install/Gaia/Scripts/Core/Value Adds/Location System/LocationSystemScriptableObject.cs
KEEP_PROTECTED	11634	0.011	Assets/Procedural Worlds/Packages - Install/Gaia/Scripts/Editor/Lighting System/LightProbeUtils.cs
KEEP_PROTECTED	11422	0.011	Assets/Procedural Worlds/Packages - Install/Gaia/Shaders/Unity/Terrain Tools/Generated/NoiseBlitFBM.shader
KEEP_PROTECTED	11335	0.011	Assets/Procedural Worlds/Packages - Install/Sky & Lighting Presets/Scripts/LightingPresetURP.cs
KEEP_PROTECTED	11301	0.011	Assets/Procedural Worlds/Packages - Install/Gaia/Scripts/Core/Utils/OrthographicBake.cs
KEEP_PROTECTED	11298	0.011	Assets/Procedural Worlds/Packages - Install/Gaia/Scripts/Core/Unity/Terrain Tools/Noise/NoiseSettings.cs
KEEP_PROTECTED	11123	0.011	Assets/Procedural Worlds/Packages - Install/Gaia/Shaders/Unity/Terrain Tools/Generated/NoiseBlitNone.shader
KEEP_PROTECTED	11118	0.011	Assets/Procedural Worlds/Packages - Install/Gaia/Scripts/Editor/Lighting System/SRPConversionUtils.cs
KEEP_PROTECTED	11114	0.011	Assets/Procedural Worlds/Packages - Install/Gaia/Scripts/Core/Water System/Reflections/GaiaPlanarReflectionsHDRP.cs
KEEP_PROTECTED	11105	0.011	Assets/Procedural Worlds/Packages - Install/Gaia/Shaders/PW General/PW_General_Deferred.shader
KEEP_PROTECTED	11074	0.011	Assets/Procedural Worlds/Packages - Install/Gaia/Scripts/Core/ResourcesSystem/ResourceProtoTree.cs
KEEP_PROTECTED	10955	0.010	Assets/Procedural Worlds/Packages - Install/Gaia/Scripts/Core/Stamping System/StamperSettings.cs
KEEP_PROTECTED	10904	0.010	Assets/Procedural Worlds/Packages - Install/Gaia/Scripts/Core/Utils/MaskedTerrainMesh.cs
KEEP_PROTECTED	10885	0.010	Assets/Procedural Worlds/Packages - Install/Gaia/Scripts/Core/ResourcesSystem/ResourceProtoGeNaSpawner.cs
KEEP_PROTECTED	10815	0.010	Assets/Procedural Worlds/Packages - Install/Gaia/Scripts/Core/ResourcesSystem/ResourceProtoTexture.cs
KEEP_PROTECTED	10798	0.010	Assets/Procedural Worlds/Packages - Install/Gaia/Scripts/Core/Mesh Simplifier/Runtime/LODLevel.cs
KEEP_PROTECTED	10604	0.010	Assets/Procedural Worlds/Packages - Install/Gaia/Shaders/Terrain Operations/FilterImageMask.shader
KEEP_PROTECTED	10602	0.010	Assets/Procedural Worlds/Packages - Install/Gaia/Scripts/Core/Water System/Reflections/ReflectionMasker.cs
KEEP_PROTECTED	10446	0.010	Assets/Procedural Worlds/Packages - Install/Gaia/Scripts/Core/Mesh Simplifier/Runtime/Math/SymmetricMatrix.cs
KEEP_PROTECTED	10401	0.010	Assets/Procedural Worlds/Packages - Install/Gaia/Scripts/Core/Utils/GaiaSplatPrototype.cs
KEEP_PROTECTED	10367	0.010	Assets/Procedural Worlds/Packages - Install/Gaia/Scripts/Editor/Misc/GaiaEditorUtils.cs
KEEP_PROTECTED	10341	0.010	Assets/Procedural Worlds/Packages - Install/Gaia/Scripts/Editor/Lighting System/ReflectionProbeEditorUtils.cs
KEEP_PROTECTED	10230	0.010	Assets/Scripts/Character/Player/PlayerStateMachines/PlayerBaseState.cs
KEEP_PROTECTED	10219	0.010	Assets/Procedural Worlds/Packages - Install/Gaia/Scripts/Core/Unity/Terrain Tools/Noise/API/HlslDescriptions.cs
KEEP_PROTECTED	10028	0.010	Assets/Naganeupseong/Shaders/LWCOperations.hlsl
KEEP_PROTECTED	9892	0.009	Assets/Procedural Worlds/Packages - Install/Gaia/Scripts/Editor/ExtensionSystem/OverCloudExtension.cs
KEEP_PROTECTED	9791	0.009	Assets/Procedural Worlds/Packages - Install/Gaia/Scripts/Editor/Misc/SpawnerGroupEditor.cs
KEEP_PROTECTED	9756	0.009	Assets/Procedural Worlds/Packages - Install/Gaia/Scripts/Core/ResourcesSystem/ResourceProtoDetail.cs
KEEP_PROTECTED	9634	0.009	Assets/Procedural Worlds/Packages - Install/Gaia/Scripts/Core/Photo Mode/PhotoModeColorPicker.cs
KEEP_PROTECTED	9503	0.009	Assets/Procedural Worlds/Packages - Install/Gaia/Scripts/Core/Value Adds/FrameRateManager.cs
KEEP_PROTECTED	9450	0.009	Assets/Editor/CodexUnusedAssetAudit.cs
KEEP_PROTECTED	9399	0.009	Assets/Procedural Worlds/Packages - Install/Gaia/Scripts/Core/Extension System/GaiaExtensionManager.cs
KEEP_PROTECTED	9391	0.009	Assets/Procedural Worlds/Packages - Install/Gaia/Scripts/Core/Unity/Terrain Tools/Noise/API/GeneratedShaderInfo.cs
KEEP_PROTECTED	9351	0.009	Assets/Procedural Worlds/Packages - Install/Gaia/Scripts/Core/Session System/GaiaOperation.cs
KEEP_PROTECTED	9315	0.009	Assets/Procedural Worlds/Packages - Install/Gaia/Scripts/Editor/Water System/GaiaWaterGX.cs
KEEP_PROTECTED	9216	0.009	Assets/Procedural Worlds/Frameworks/CleanUp5/Editor/PWCleanUp5EditorDLL.dll
KEEP_PROTECTED	9171	0.009	Assets/Procedural Worlds/Packages - Install/Gaia/Scripts/Editor/Water System/Reflections/PWS_WaterReflectionsEditor.cs
KEEP_PROTECTED	8828	0.008	Assets/Procedural Worlds/Packages - Install/Gaia/Scripts/Core/Unity/Terrain Tools/Noise/API/FractalType.cs
KEEP_PROTECTED	8798	0.008	Assets/Procedural Worlds/Packages - Install/Gaia/Scripts/Editor/Misc/GaiaSessionEditor.cs
KEEP_PROTECTED	8674	0.008	Assets/Procedural Worlds/Packages - Install/Gaia/Scripts/Core/Utils/Vector2Double.cs
KEEP_PROTECTED	8671	0.008	Assets/Scripts/Character/Player/PlayerStateMachines/PlayerComboAttackStateBase.cs
KEEP_PROTECTED	8592	0.008	Assets/Procedural Worlds/Packages - Install/Gaia/Scripts/Editor/Lighting System/GaiaSkiesGX.cs
KEEP_PROTECTED	8433	0.008	Assets/Procedural Worlds/Packages - Install/Gaia/Scripts/Core/Wind System/WindManager.cs
KEEP_PROTECTED	8405	0.008	Assets/Procedural Worlds/Packages - Install/Gaia/Scripts/Editor/Water System/GaiaUnderwaterEffectsEditor.cs
KEEP_PROTECTED	8365	0.008	Assets/Procedural Worlds/Packages - Install/Gaia/Scripts/Core/Value Adds/CameraController.cs
KEEP_PROTECTED	8277	0.008	Assets/Procedural Worlds/Packages - Install/Gaia/Scripts/Core/Lighting System/PWSkyStandalone.cs
KEEP_PROTECTED	8104	0.008	Assets/Procedural Worlds/Packages - Install/Gaia/Shaders/PW General/PW_Water_Funcs.cginc
KEEP_PROTECTED	8075	0.008	Assets/Procedural Worlds/Packages - Install/Gaia/Scripts/Editor/Unity/Terrain Tools/Noise/ExportNoiseWindow.cs
KEEP_PROTECTED	8028	0.008	Assets/Procedural Worlds/Packages - Install/Gaia/Scripts/Core/Session System/WorldCreationSettings.cs
KEEP_PROTECTED	7916	0.008	Assets/Procedural Worlds/Packages - Install/Gaia/Scripts/Core/Unity/Terrain Tools/Noise/API/NoiseType.cs
KEEP_PROTECTED	7703	0.007	Assets/Procedural Worlds/Packages - Install/Gaia/Scripts/Core/Attributes/PreviewTextureAttribute.cs
KEEP_PROTECTED	7562	0.007	Assets/Procedural Worlds/Packages - Install/Gaia/Scripts/Editor/Lighting System/SelectProfileWindowEditor.cs
KEEP_PROTECTED	7398	0.007	Assets/Procedural Worlds/Packages - Install/Gaia/Scripts/Core/Utils/UnityPipelineProfile.cs
KEEP_PROTECTED	7301	0.007	Assets/Procedural Worlds/Packages - Install/Gaia/Scripts/Core/Utils/GaiaStopwatch.cs
KEEP_PROTECTED	7296	0.007	Assets/Procedural Worlds/Packages - Install/Gaia/Scripts/Editor/Lighting System/UIConfigurationEditor.cs
KEEP_PROTECTED	7279	0.007	Assets/Procedural Worlds/Packages - Install/Gaia/Scripts/Core/Water System/AdvancedWaterUtils.cs
KEEP_PROTECTED	7224	0.007	Assets/Procedural Worlds/Packages - Install/Gaia/Scripts/Core/Photo Mode/TooltipManager.cs
KEEP_PROTECTED	7200	0.007	Assets/Procedural Worlds/Packages - Install/Gaia/Shaders/Unity/Terrain Tools/Generated/NoiseFillFbm.shader
KEEP_PROTECTED	7066	0.007	Assets/Procedural Worlds/Packages - Install/Gaia/Shaders/Unity/Terrain Tools/Generated/NoiseFillNone.shader
KEEP_PROTECTED	7001	0.007	Assets/Procedural Worlds/Packages - Install/Gaia/Shaders/Terrain Operations/FilterDistanceMask.shader
KEEP_PROTECTED	6982	0.007	Assets/Procedural Worlds/Packages - Install/Gaia/Scripts/Core/Mesh Simplifier/Runtime/Utility/ResizableArray.cs
KEEP_PROTECTED	6924	0.007	Assets/Procedural Worlds/Packages - Install/Gaia/Shaders/Unity/Terrain Tools/NoiseLib/FBM/Voronoi.hlsl
KEEP_PROTECTED	6897	0.007	Assets/Procedural Worlds/Packages - Install/Gaia/Shaders/Unity/Terrain Tools/NoiseLib/FBM/Billow.hlsl
KEEP_PROTECTED	6897	0.007	Assets/Procedural Worlds/Packages - Install/Gaia/Shaders/Unity/Terrain Tools/NoiseLib/FBM/Perlin.hlsl
KEEP_PROTECTED	6885	0.007	Assets/Procedural Worlds/Packages - Install/Gaia/Scripts/Core/Water System/GaiaWaterProfile.cs
KEEP_PROTECTED	6870	0.007	Assets/Procedural Worlds/Packages - Install/Gaia/Shaders/Unity/Terrain Tools/NoiseLib/FBM/Ridge.hlsl
KEEP_PROTECTED	6870	0.007	Assets/Procedural Worlds/Packages - Install/Gaia/Shaders/Unity/Terrain Tools/NoiseLib/FBM/Value.hlsl
KEEP_PROTECTED	6860	0.007	Assets/Procedural Worlds/Packages - Install/Gaia/Scripts/Core/Spawning System/SpawnerGroup.cs
KEEP_PROTECTED	6841	0.007	Assets/Procedural Worlds/Packages - Install/Gaia/Scripts/Core/Scene Management/CommandBufferManager.cs
KEEP_PROTECTED	6834	0.007	Assets/Procedural Worlds/Packages - Install/Gaia/Scripts/Editor/Stamping System/StamperAutoSpawnerListEditor.cs
KEEP_PROTECTED	6747	0.006	Assets/Procedural Worlds/Packages - Install/Gaia/Scripts/Editor/Misc/ConvertStamps.cs
KEEP_PROTECTED	6744	0.006	Assets/Procedural Worlds/Packages - Install/Gaia/Scripts/Editor/Misc/UserFilesEditor.cs
KEEP_PROTECTED	6725	0.006	Assets/Procedural Worlds/Packages - Install/Gaia/Scripts/Core/Water System/GaiaWaterProfileValues.cs
KEEP_PROTECTED	6657	0.006	Assets/Procedural Worlds/Packages - Install/Gaia/Scripts/Core/Mesh Simplifier/Runtime/Components/LODGeneratorHelper.cs
KEEP_PROTECTED	6649	0.006	Assets/Procedural Worlds/Packages - Install/Gaia/Scripts/Editor/Spawning System/BiomePresetEditor.cs
KEEP_PROTECTED	6570	0.006	Assets/Procedural Worlds/Packages - Install/Gaia/Scripts/Editor/Misc/TerrainDetailOverwriteEditor.cs
KEEP_PROTECTED	6531	0.006	Assets/Procedural Worlds/Packages - Install/Gaia/Shaders/Unity/Terrain Tools/SmoothHeight.shader
KEEP_PROTECTED	6442	0.006	Assets/Editor/SceneRebuildTool.cs
KEEP_PROTECTED	6355	0.006	Assets/Procedural Worlds/Packages - Install/Gaia/Scripts/Core/Utils/ProgressBar.cs
KEEP_PROTECTED	6349	0.006	Assets/Procedural Worlds/Packages - Install/Gaia/Scripts/Editor/Misc/GaiaHierarchyUtilsEditor.cs
KEEP_PROTECTED	6224	0.006	Assets/Procedural Worlds/Packages - Install/Gaia/Scripts/Core/Utils/WaterFlowMap.cs
KEEP_PROTECTED	6121	0.006	Assets/Procedural Worlds/Frameworks/PWAddressables1/DemoClient/Scripts/WorldSelectionUI.cs
KEEP_PROTECTED	6111	0.006	Assets/Procedural Worlds/Packages - Install/Gaia/Scripts/Core/Lighting System/ReflectionProbeUtils.cs
KEEP_PROTECTED	6086	0.006	Assets/Procedural Worlds/Packages - Install/Gaia/Scripts/Editor/Misc/ShorelineMaskerEditor.cs
KEEP_PROTECTED	5978	0.006	Assets/Procedural Worlds/Packages - Install/Gaia/Scripts/Core/MaskSystem/MaskMapExportSettings.cs
KEEP_PROTECTED	5932	0.006	Assets/Procedural Worlds/Packages - Install/Gaia/Scripts/Core/Mesh Simplifier/Runtime/SimplificationOptions.cs
KEEP_PROTECTED	5862	0.006	Assets/Procedural Worlds/Packages - Install/Gaia/Scripts/Core/Utils/GaiaHierarchyUtils.cs
KEEP_PROTECTED	5728	0.005	Assets/Procedural Worlds/Packages - Install/Gaia/Shaders/Terrain Operations/FilterStrengthTransform.shader
KEEP_PROTECTED	5702	0.005	Assets/Procedural Worlds/Packages - Install/Gaia/Scripts/Core/Scene Management/GaiaSceneWater.cs
KEEP_PROTECTED	5600	0.005	Assets/Procedural Worlds/Packages - Install/Gaia/Scripts/Core/Utils/TerrainDetailOverwrite.cs
KEEP_PROTECTED	5593	0.005	Assets/Procedural Worlds/Packages - Install/Gaia/Shaders/PW General/PW_Water_Under.shader
KEEP_PROTECTED	5574	0.005	Assets/Procedural Worlds/Packages - Install/Gaia/Scripts/Editor/Misc/GaiaMaskExporterEditor.cs
KEEP_PROTECTED	5551	0.005	Assets/Procedural Worlds/Packages - Install/Gaia/Scripts/Core/Runtime System/GaiaRuntimeComponent.cs
KEEP_PROTECTED	5534	0.005	Assets/Procedural Worlds/Packages - Install/Gaia/Scripts/Core/Utils/ScaleTexture.cs
KEEP_PROTECTED	5483	0.005	Assets/Procedural Worlds/Packages - Install/Gaia/Scripts/Editor/Stamping System/StamperAutoMaskExportListEditor.cs
KEEP_PROTECTED	5442	0.005	Assets/Procedural Worlds/Packages - Install/Gaia/Shaders/PW General/SubGraphs/PW_FloraIncludes.hlsl
KEEP_PROTECTED	5358	0.005	Assets/Procedural Worlds/Packages - Install/Gaia/Scripts/Editor/Misc/GaiaWaterflowMapEditor.cs
KEEP_PROTECTED	5302	0.005	Assets/Procedural Worlds/Packages - Install/Gaia/Shaders/Unity/Terrain Tools/NoiseLib/Noise.hlsl
KEEP_PROTECTED	5282	0.005	Assets/Procedural Worlds/Packages - Install/Gaia/Shaders/Unity/Terrain Tools/NoiseLib/Implementation/PerlinImpl.hlsl
KEEP_PROTECTED	5272	0.005	Assets/Procedural Worlds/Packages - Install/Gaia/Scripts/Core/Spawning System/TreeManager.cs
KEEP_PROTECTED	5257	0.005	Assets/Procedural Worlds/Packages - Install/Gaia/Scripts/Core/Water System/HDRPUnderwaterFog.cs
KEEP_PROTECTED	5255	0.005	Assets/Procedural Worlds/Packages - Install/Gaia/Shaders/Terrain Operations/FilterHeightMask.shader
KEEP_PROTECTED	5250	0.005	Assets/Procedural Worlds/Packages - Install/Gaia/Shaders/Unity/Terrain Tools/NoiseLib/Implementation/RidgeImpl.hlsl
KEEP_PROTECTED	5190	0.005	Assets/Procedural Worlds/Packages - Install/Gaia/Scripts/Core/ResourcesSystem/ResourceProtoDNA.cs
KEEP_PROTECTED	5120	0.005	Assets/Procedural Worlds/Packages - Install/Gaia/Scripts/Core/Utils/SimpleCameraLayerCulling.cs
KEEP_PROTECTED	5118	0.005	Assets/Procedural Worlds/Packages - Install/Gaia/Shaders/Terrain Operations/FilterSlopeMask.shader
KEEP_PROTECTED	4988	0.005	Assets/Procedural Worlds/Frameworks/Setup1/Scripts/Editor/CinemachineDefine.cs
KEEP_PROTECTED	4952	0.005	Assets/Procedural Worlds/Packages - Install/Gaia/Shaders/Unity/Terrain Tools/NoiseLib/Implementation/BillowImpl.hlsl
KEEP_PROTECTED	4918	0.005	Assets/Procedural Worlds/Packages - Install/Gaia/Scripts/Core/Value Adds/FreeCamera.cs
KEEP_PROTECTED	4886	0.005	Assets/Procedural Worlds/Packages - Install/Gaia/Scripts/Core/Extension System/Compatible/MassiveCloudGX.cs
KEEP_PROTECTED	4849	0.005	Assets/Procedural Worlds/Frameworks/PWAddressables1/Editor/PWAddressableContentPackConfigEditor.cs
KEEP_PROTECTED	4845	0.005	Assets/Procedural Worlds/Packages - Install/Gaia/Scripts/Core/Gaia Wizard/GWS_HDRPIntCheck.cs
KEEP_PROTECTED	4781	0.005	Assets/Procedural Worlds/Packages - Install/Gaia/Scripts/Editor/Misc/GaiaGrassMaskExporterEditor.cs
KEEP_PROTECTED	4781	0.005	Assets/Procedural Worlds/Packages - Install/Gaia/Scripts/Core/Mesh Simplifier/Runtime/Internal/Triangle.cs
KEEP_PROTECTED	4769	0.005	Assets/Procedural Worlds/Packages - Install/Gaia/Scripts/Core/Utils/XorshiftPlus.cs
KEEP_PROTECTED	4713	0.004	Assets/Procedural Worlds/Packages - Install/Gaia/Shaders/Terrain Operations/FilterMixHeight.shader
KEEP_PROTECTED	4683	0.004	Assets/Procedural Worlds/Packages - Install/Gaia/Scripts/Editor/Misc/GaiaNormalExporterEditor.cs
KEEP_PROTECTED	4443	0.004	Assets/Procedural Worlds/Packages - Install/Gaia/Scripts/Core/Extension System/TemplateFrame.cs
KEEP_PROTECTED	4442	0.004	Assets/Procedural Worlds/Frameworks/PWAddressables1/PWAddressableContentPackConfig.cs
KEEP_PROTECTED	4440	0.004	Assets/Procedural Worlds/Packages - Install/Gaia/Shaders/Terrain Operations/FilterGrowShrink.shader
KEEP_PROTECTED	4438	0.004	Assets/Procedural Worlds/Packages - Install/Gaia/Scripts/Core/MaskSystem/CollisionMask.cs
KEEP_PROTECTED	4391	0.004	Assets/Procedural Worlds/Packages - Install/Gaia/Scripts/Editor/Misc/SimpleCameraLayerCullingEditor.cs
KEEP_PROTECTED	4359	0.004	Assets/Procedural Worlds/Packages - Install/Gaia/Scripts/Editor/Misc/GaiaStopwatchDatasetEditor.cs
KEEP_PROTECTED	4357	0.004	Assets/Procedural Worlds/Packages - Install/Gaia/Shaders/Unity/Terrain Tools/NoiseLib/Implementation/ValueImpl.hlsl
KEEP_PROTECTED	4302	0.004	Assets/Procedural Worlds/Packages - Install/Sky & Lighting Presets/Scripts/EnvironmentBuiltInURP.cs
KEEP_PROTECTED	4298	0.004	Assets/Procedural Worlds/Packages - Install/Gaia/Scripts/Core/Utils/GaiaURPRuntimeUtils.cs
KEEP_PROTECTED	4282	0.004	Assets/Procedural Worlds/Packages - Install/Gaia/Scripts/Core/ResourcesSystem/ResourceProtoStamp.cs
KEEP_PROTECTED	4264	0.004	Assets/Procedural Worlds/Packages - Install/Gaia/Shaders/PW General/SubGraphs/PW_FloraWInd.cginc
KEEP_PROTECTED	4243	0.004	Assets/Procedural Worlds/Packages - Install/Gaia/Scripts/Core/Extension System/Template.cs
KEEP_PROTECTED	4237	0.004	Assets/Procedural Worlds/Packages - Install/Gaia/Scripts/Editor/Lighting System/HDRPDensityVolumeControllerEditor.cs
KEEP_PROTECTED	4225	0.004	Assets/Procedural Worlds/Packages - Install/Gaia/Scripts/Editor/Misc/GaiaTerrainHeightAdjuster.cs
KEEP_PROTECTED	4225	0.004	Assets/Procedural Worlds/Packages - Install/Gaia/Scripts/Editor/Misc/PWApp.cs
KEEP_PROTECTED	4180	0.004	Assets/Scripts/Character/Player/PlayerStateMachines/PlayerGroundState.cs
KEEP_PROTECTED	4177	0.004	Assets/Procedural Worlds/Packages - Install/Gaia/Scripts/Core/Mesh Simplifier/Runtime/Math/MathHelper.cs
KEEP_PROTECTED	4160	0.004	Assets/Procedural Worlds/Packages - Install/Gaia/Scripts/Editor/Water System/Reflections/GaiaPlanarReflectionsHDRPEditor.cs
KEEP_PROTECTED	4112	0.004	Assets/Procedural Worlds/Frameworks/Common5/Editor/Localization/English/PWWelcomeScreen_c5.English.pwlpk
KEEP_PROTECTED	3950	0.004	Assets/Procedural Worlds/Packages - Install/Gaia/Scripts/Core/Value Adds/Location System/LocationSystem.cs
KEEP_PROTECTED	3930	0.004	Assets/Procedural Worlds/Packages - Install/Gaia/Shaders/Terrain Operations/TreeCollisionMaskBaking.shader
KEEP_PROTECTED	3880	0.004	Assets/Procedural Worlds/Packages - Install/Gaia/Scripts/Core/Extension System/Compatible/uConstruct.cs
KEEP_PROTECTED	3874	0.004	Assets/Procedural Worlds/Packages - Install/Gaia/Scripts/Core/Utils/BoundsDouble.cs
KEEP_PROTECTED	3842	0.004	Assets/Procedural Worlds/Packages - Install/Gaia/Shaders/Unity/Terrain Tools/NoiseLib/NoiseCommon.hlsl
KEEP_PROTECTED	3832	0.004	Assets/Scripts/Character/Player/PlayerStateMachines/PlayerStateMachine.cs
KEEP_PROTECTED	3790	0.004	Assets/Procedural Worlds/Packages - Install/Gaia/Scripts/Core/Stamping System/RuntimeStamper.cs
KEEP_PROTECTED	3778	0.004	Assets/Procedural Worlds/Packages - Install/Gaia/Scripts/Editor/Misc/ScreenShotterEditor.cs
KEEP_PROTECTED	3761	0.004	Assets/Procedural Worlds/Packages - Install/Gaia/Scripts/Core/Extension System/Compatible/VolumetricFog.cs
KEEP_PROTECTED	3756	0.004	Assets/Procedural Worlds/Packages - Install/Gaia/Scripts/Core/Utils/Singleton.cs
KEEP_PROTECTED	3751	0.004	Assets/Procedural Worlds/Packages - Install/Gaia/Scripts/Core/Value Adds/CarControllerSetup.cs
KEEP_PROTECTED	3666	0.003	Assets/Scripts/Character/Player/PlayerAnimationData.cs
KEEP_PROTECTED	3661	0.003	Assets/Procedural Worlds/Packages - Install/Gaia/Scripts/Editor/Spawning System/BiomeListEditor.cs
KEEP_PROTECTED	3607	0.003	Assets/Procedural Worlds/Packages - Install/Gaia/Scripts/Core/Mesh Simplifier/Runtime/BlendShape.cs
KEEP_PROTECTED	3607	0.003	Assets/Procedural Worlds/Packages - Install/Gaia/Scripts/Core/Gaia Wizard/GWS_HDRPMotionVectors.cs
KEEP_PROTECTED	3597	0.003	Assets/Procedural Worlds/Packages - Install/Gaia/Scripts/Editor/Water System/Reflections/ReflectionMaskerEditor.cs
KEEP_PROTECTED	3590	0.003	Assets/Procedural Worlds/Packages - Install/Gaia/Shaders/Unity/Terrain Tools/NoiseLib/Implementation/VoronoiImpl.hlsl
KEEP_PROTECTED	3544	0.003	Assets/Procedural Worlds/Packages - Install/Gaia/Scripts/Editor/Photo Mode/ParentScalerEditor.cs
KEEP_PROTECTED	3535	0.003	Assets/Procedural Worlds/Packages - Install/Gaia/Scripts/Core/Mesh Simplifier/Runtime/Internal/BlendShapeFrameContainer.cs
KEEP_PROTECTED	3526	0.003	Assets/Procedural Worlds/Packages - Install/Gaia/Scripts/Editor/Misc/TexturePickerEditor.cs
KEEP_PROTECTED	3525	0.003	Assets/Procedural Worlds/Packages - Install/Gaia/Scripts/Core/Gaia Wizard/GWS_HDRPBoolCheck.cs
KEEP_PROTECTED	3507	0.003	Assets/Procedural Worlds/Packages - Install/Gaia/Scripts/Core/Task System/GaiaTask.cs
KEEP_PROTECTED	3494	0.003	Assets/Procedural Worlds/Packages - Install/Gaia/Scripts/Editor/Misc/GaiaDefinesEditor.cs
KEEP_PROTECTED	3489	0.003	Assets/Procedural Worlds/Packages - Install/Gaia/Scripts/Core/Mesh Simplifier/Runtime/Utility/IOUtils.cs
KEEP_PROTECTED	3464	0.003	Assets/Procedural Worlds/Packages - Install/Gaia/Scripts/Editor/Misc/GaiaStopwatchControlEditor.cs
KEEP_PROTECTED	3445	0.003	Assets/Procedural Worlds/Packages - Install/Gaia/Scripts/Core/ResourcesSystem/ResourceProtoTerrainModifierStamp.cs
KEEP_PROTECTED	3412	0.003	Assets/Procedural Worlds/Packages - Install/Gaia/Scripts/Core/Photo Mode/PhotoModePanelButton.cs
KEEP_PROTECTED	3365	0.003	Assets/Procedural Worlds/Packages - Install/Gaia/Scripts/Core/Water System/FollowPlayerSystem.cs
KEEP_PROTECTED	3301	0.003	Assets/Procedural Worlds/Packages - Install/Gaia/Scripts/Core/Photo Mode/ParentScaler.cs
KEEP_PROTECTED	3268	0.003	Assets/Procedural Worlds/Packages - Install/Gaia/Shaders/PW General/PW_GeneralVars.cginc
KEEP_PROTECTED	3262	0.003	Assets/Procedural Worlds/Packages - Install/Gaia/Scripts/Editor/Scene Management/CommandBufferManagerEditor.cs
KEEP_PROTECTED	3248	0.003	Assets/Procedural Worlds/Packages - Install/Gaia/Scripts/Core/Extension System/GaiaCompatiblePublisher.cs
KEEP_PROTECTED	3233	0.003	Assets/Procedural Worlds/Packages - Install/Gaia/Scripts/Core/Lighting System/GaiaLightingProfile.cs
KEEP_PROTECTED	3221	0.003	Assets/Procedural Worlds/Packages - Install/Gaia/Scripts/Core/Mesh Simplifier/Runtime/Internal/UVChannels.cs
KEEP_PROTECTED	3126	0.003	Assets/Procedural Worlds/Frameworks/Setup1/Scripts/Editor/InputSystemDefine.cs
KEEP_PROTECTED	3122	0.003	Assets/Procedural Worlds/Packages - Install/Gaia/Shaders/PW General/SubGraphs/PW_FloraIncludes_URP.hlsl
KEEP_PROTECTED	3102	0.003	Assets/Procedural Worlds/Packages - Install/Gaia/Scripts/Core/Gaia Wizard/GWS_HDRPDecalAtlasSize.cs
KEEP_PROTECTED	3091	0.003	Assets/Procedural Worlds/Packages - Install/Gaia/Scripts/Core/Gaia Wizard/GWS_HDRPSkyReflectionSize.cs
KEEP_PROTECTED	3087	0.003	Assets/Procedural Worlds/Packages - Install/Gaia/Scripts/Core/Gaia Wizard/GWS_HDRPDirectionalLightShadowPrecision.cs
KEEP_PROTECTED	3076	0.003	Assets/Procedural Worlds/Packages - Install/Gaia/Scripts/Core/Gaia Wizard/GWS_HDRPCookies2DAtlasSize.cs
KEEP_PROTECTED	3054	0.003	Assets/Procedural Worlds/Packages - Install/Gaia/Scripts/Editor/Lighting System/PWSkyPostProcessingManagerEditor.cs
KEEP_PROTECTED	3024	0.003	Assets/Procedural Worlds/Packages - Install/Gaia/Scripts/Core/Photo Mode/ScreenshotSavedManager.cs
KEEP_PROTECTED	3006	0.003	Assets/Procedural Worlds/Packages - Install/Gaia/Scripts/Core/Mesh Simplifier/Runtime/Internal/BlendShapeContainer.cs
KEEP_PROTECTED	2978	0.003	Assets/Procedural Worlds/Packages - Install/Gaia/Scripts/Editor/Water System/AdvancedWaterUtilsEditor.cs
KEEP_PROTECTED	2875	0.003	Assets/Procedural Worlds/Packages - Install/Gaia/Scripts/Core/Water System/PW_Camera_Refraction.cs
KEEP_PROTECTED	2790	0.003	Assets/Procedural Worlds/Packages - Install/Gaia/Scripts/Editor/Misc/FreeCameraEditor.cs
KEEP_PROTECTED	2769	0.003	Assets/Procedural Worlds/Packages - Install/Gaia/Scripts/Core/Gaia Wizard/GWS_HDRPMaxCubeMapReflections.cs
KEEP_PROTECTED	2766	0.003	Assets/Procedural Worlds/Packages - Install/Gaia/Scripts/Core/Gaia Wizard/GWS_HDRPMaxPlanarReflections.cs
KEEP_PROTECTED	2752	0.003	Assets/Procedural Worlds/Packages - Install/Gaia/Scripts/Core/Photo Mode/TooltipTrigger.cs
KEEP_PROTECTED	2742	0.003	Assets/Procedural Worlds/Packages - Install/Gaia/Shaders/Terrain Operations/FilterHeightTransform.shader
KEEP_PROTECTED	2731	0.003	Assets/Procedural Worlds/Packages - Install/Gaia/Shaders/Terrain Operations/SH_PolygonFill.shader
KEEP_PROTECTED	2721	0.003	Assets/Procedural Worlds/Packages - Install/Gaia/Scripts/Core/Spawning System/ISpawnExtension.cs
KEEP_PROTECTED	2702	0.003	Assets/Procedural Worlds/Packages - Install/Gaia/Scripts/Core/Value Adds/Growth.cs
KEEP_PROTECTED	2663	0.003	Assets/Procedural Worlds/Packages - Install/Gaia/Scripts/Core/Spawning System/BaseTerrainSettings.cs
KEEP_PROTECTED	2651	0.003	Assets/Procedural Worlds/Packages - Install/Gaia/Scripts/Core/Spawning System/Spawn Extensions/GeNaProSpawnExtension.cs
KEEP_PROTECTED	2638	0.003	Assets/Procedural Worlds/Packages - Install/Gaia/Shaders/Unity/Terrain Tools/PowerOf.shader
KEEP_PROTECTED	2522	0.002	Assets/Procedural Worlds/Packages - Install/Gaia/Shaders/PW General/PW_ChannelCombine.shader
KEEP_PROTECTED	2421	0.002	Assets/Procedural Worlds/Packages - Install/Gaia/Scripts/Core/Mesh Simplifier/Runtime/Internal/Vertex.cs
KEEP_PROTECTED	2412	0.002	Assets/Procedural Worlds/Packages - Install/Gaia/Scripts/Core/API/APITest.cs
KEEP_PROTECTED	2409	0.002	Assets/Procedural Worlds/Packages - Install/Gaia/Scripts/Core/Gaia Wizard/GWS_HDRPMetalAndAOProperties.cs
KEEP_PROTECTED	2381	0.002	Assets/Procedural Worlds/Packages - Install/Gaia/Scripts/Core/Gaia Wizard/GWS_HDRPSSRTransparency.cs
KEEP_PROTECTED	2370	0.002	Assets/Scripts/Character/Player/PlayerStateMachines/PlayerAttackState.cs
KEEP_PROTECTED	2362	0.002	Assets/Procedural Worlds/Packages - Install/Gaia/Scripts/Core/Gaia Wizard/GWS_HDRPAdditiveNormalBlending.cs
KEEP_PROTECTED	2362	0.002	Assets/Procedural Worlds/Packages - Install/Gaia/Scripts/Core/Extension System/Compatible/Tenkoku.cs
KEEP_PROTECTED	2360	0.002	Assets/Procedural Worlds/Packages - Install/Gaia/Shaders/PW General/PW_SkyboxCubemap.shader
KEEP_PROTECTED	2360	0.002	Assets/Procedural Worlds/Packages - Install/Gaia/Scripts/Core/Session System/WorldMapStampSettings.cs
KEEP_PROTECTED	2357	0.002	Assets/Procedural Worlds/Packages - Install/Gaia/Scripts/Core/Unity/Terrain Tools/Erosion/IBrushUIGroup.cs
KEEP_PROTECTED	2354	0.002	Assets/Procedural Worlds/Packages - Install/Gaia/Scripts/Core/Gaia Wizard/GWS_HDRPVolumetricClouds.cs
KEEP_PROTECTED	2344	0.002	Assets/Procedural Worlds/Packages - Install/Gaia/Scripts/Core/Utils/OpenInFileBrowser.cs
KEEP_PROTECTED	2344	0.002	Assets/Procedural Worlds/Packages - Install/Gaia/Scripts/Editor/Scene Management/SceneProfileEditor.cs
KEEP_PROTECTED	2337	0.002	Assets/Procedural Worlds/Packages - Install/Gaia/Scripts/Core/Gaia Wizard/GWS_HDRPSSGI.cs
KEEP_PROTECTED	2330	0.002	Assets/Procedural Worlds/Packages - Install/Gaia/Scripts/Core/Gaia Wizard/GWS_HDRPSSR.cs
KEEP_PROTECTED	2287	0.002	Assets/Procedural Worlds/Packages - Install/Gaia/Scripts/Editor/Spawning System/SpawnerSettingsEditor.cs
KEEP_PROTECTED	2278	0.002	Assets/Procedural Worlds/Packages - Install/Gaia/Shaders/PW General/PW_Water_Vars.cginc
KEEP_PROTECTED	2274	0.002	Assets/Procedural Worlds/Packages - Install/Gaia/Shaders/Terrain Operations/CombineCollisionMasks.shader
KEEP_PROTECTED	2256	0.002	Assets/Procedural Worlds/Packages - Install/Gaia/Scripts/Core/Gaia Wizard/GWS_HDRPTerrainHoles.cs
KEEP_PROTECTED	2250	0.002	Assets/Procedural Worlds/Packages - Install/Gaia/Scripts/Core/Extension System/Compatible/AQUASWaterSet.cs
KEEP_PROTECTED	2239	0.002	Assets/Procedural Worlds/Packages - Install/Gaia/Scripts/Core/Spawning System/SpawnInfo.cs
KEEP_PROTECTED	2198	0.002	Assets/Procedural Worlds/Packages - Install/Gaia/Scripts/Core/Utils/SpawnProgressBar.cs
KEEP_PROTECTED	2189	0.002	Assets/Procedural Worlds/Packages - Install/Gaia/Scripts/Editor/Value Adds/Post Processing Converter/PostProcessingConverterEditor.cs
KEEP_PROTECTED	2185	0.002	Assets/Procedural Worlds/Packages - Install/Gaia/Scripts/Core/Extension System/Compatible/ThirdPersonController.cs
KEEP_PROTECTED	2163	0.002	Assets/Procedural Worlds/Packages - Install/Gaia/Shaders/Unity/Terrain Tools/NoiseLib/Preview.shader
KEEP_PROTECTED	2149	0.002	Assets/Procedural Worlds/Packages - Install/Gaia/Scripts/Editor/Misc/GaiaSceneReadMeEditor.cs
KEEP_PROTECTED	2147	0.002	Assets/Procedural Worlds/Packages - Install/Gaia/Scripts/Core/Unity/Terrain Tools/Noise/API/NoiseShaderGenerator.cs
KEEP_PROTECTED	2129	0.002	Assets/Procedural Worlds/Packages - Install/Gaia/Scripts/Editor/Lighting System/HDRPDensityVolumeComponentEditor.cs
KEEP_PROTECTED	2121	0.002	Assets/Procedural Worlds/Packages - Install/Gaia/Scripts/Editor/Mask System/MaskMapExportSettingsEditor.cs
KEEP_PROTECTED	2083	0.002	Assets/Procedural Worlds/Frameworks/PWAddressables1/Editor/PWAddressableDefineEditor.cs
KEEP_PROTECTED	2071	0.002	Assets/Procedural Worlds/Packages - Install/Gaia/Scripts/Core/Lighting System/GaiaPostProcessBiome.cs
KEEP_PROTECTED	2066	0.002	Assets/Procedural Worlds/Packages - Install/Gaia/Scripts/Editor/Misc/AboutEditor.cs
KEEP_PROTECTED	2061	0.002	Assets/Procedural Worlds/Packages - Install/Gaia/Scripts/Core/Unity/Terrain Tools/Noise/NoiseSettingsFactory.cs
KEEP_PROTECTED	2050	0.002	Assets/Procedural Worlds/Packages - Install/Gaia/Scripts/Core/Spawning System/SpawnRuleExtension.cs
KEEP_PROTECTED	2001	0.002	Assets/Procedural Worlds/Packages - Install/Gaia/Scripts/Core/Extension System/Compatible/DesktopGroundCoverPackage.cs
KEEP_PROTECTED	1982	0.002	Assets/Procedural Worlds/Packages - Install/Gaia/Scripts/Core/Extension System/Compatible/DesktopTreesPackage.cs
KEEP_PROTECTED	1976	0.002	Assets/Procedural Worlds/Packages - Install/Gaia/Scripts/Editor/Misc/WindManagerEditor.cs
KEEP_PROTECTED	1942	0.002	Assets/Procedural Worlds/Packages - Install/Gaia/Scripts/Editor/Task System/GaiaTaskEditor.cs
KEEP_PROTECTED	1929	0.002	Assets/Procedural Worlds/Packages - Install/Gaia/Scripts/Core/Mesh Simplifier/Runtime/Internal/BorderVertex.cs
KEEP_PROTECTED	1916	0.002	Assets/Scripts/Character/Player/PlayerStateMachines/PlayerAvoidState.cs
KEEP_PROTECTED	1875	0.002	Assets/Procedural Worlds/Packages - Install/Gaia/Scripts/Editor/Mesh Simplifier/SerializedPropertyExtensions.cs
KEEP_PROTECTED	1860	0.002	Assets/Procedural Worlds/Packages - Install/Gaia/Scripts/Editor/Misc/TerrainHelperEditor.cs
KEEP_PROTECTED	1819	0.002	Assets/Procedural Worlds/Packages - Install/Gaia/Shaders/Terrain Operations/SH_AdditiveBrush.shader
KEEP_PROTECTED	1801	0.002	Assets/Procedural Worlds/Packages - Install/Gaia/Scripts/Core/Extension System/Compatible/VillageExteriorsKit.cs
KEEP_PROTECTED	1787	0.002	Assets/Procedural Worlds/Packages - Install/Gaia/Scripts/Core/Photo Mode/UIControllerSelection.cs
KEEP_PROTECTED	1768	0.002	Assets/Procedural Worlds/Packages - Install/Gaia/Scripts/Core/Extension System/Compatible/CountrySidePack.cs
KEEP_PROTECTED	1762	0.002	Assets/Procedural Worlds/Packages - Install/Gaia/Scripts/Editor/Misc/GaiaDefaultsEditor.cs
KEEP_PROTECTED	1743	0.002	Assets/Procedural Worlds/Packages - Install/Gaia/Scripts/Core/Water System/PW_Camera_Depth.cs
KEEP_PROTECTED	1725	0.002	Assets/Procedural Worlds/Packages - Install/Gaia/Scripts/Editor/Water System/DisableUnderwaterFXTriggerEditor.cs
KEEP_PROTECTED	1713	0.002	Assets/Scripts/Character/Player/PlayerStateMachines/PlayerDodgeAttackState.cs
KEEP_PROTECTED	1691	0.002	Assets/Procedural Worlds/Packages - Install/Gaia/Scripts/Core/Extension System/Compatible/DistingoGaiaExtension.cs
KEEP_PROTECTED	1669	0.002	Assets/Procedural Worlds/Packages - Install/Gaia/Scripts/Core/Extension System/GaiaCompatiblePackage.cs
KEEP_PROTECTED	1572	0.001	Assets/Procedural Worlds/Packages - Install/Gaia/Scripts/Editor/Misc/GaiaMaintenanceProfileEditor.cs
KEEP_PROTECTED	1552	0.001	Assets/Procedural Worlds/Packages - Install/Gaia/Scripts/Core/Photo Mode/DraggableUIWindow.cs
KEEP_PROTECTED	1547	0.001	Assets/Scripts/Character/Player/PlayerStateMachines/PlayerAirState.cs
KEEP_PROTECTED	1542	0.001	Assets/Procedural Worlds/Packages - Install/Gaia/Scripts/Core/Mesh Simplifier/Runtime/Components/LODBackupComponent.cs
KEEP_PROTECTED	1535	0.001	Assets/Procedural Worlds/Packages - Install/Gaia/Shaders/Terrain Operations/SH_MaskPreview.shader
KEEP_PROTECTED	1520	0.001	Assets/Procedural Worlds/Packages - Install/Gaia/Scripts/Core/Mesh Simplifier/Runtime/Internal/Ref.cs
KEEP_PROTECTED	1513	0.001	Assets/Procedural Worlds/Packages - Install/Gaia/Scripts/Core/Spawning System/Spawn Extensions/DebugSpawnExtension.cs
KEEP_PROTECTED	1503	0.001	Assets/Procedural Worlds/Packages - Install/Gaia/Scripts/Core/Utils/GaiaSceneInfo.cs
KEEP_PROTECTED	1499	0.001	Assets/Procedural Worlds/Packages - Install/Gaia/Shaders/Unity/Terrain Tools/NoiseLib/NoisePreview.shader
KEEP_PROTECTED	1497	0.001	Assets/Procedural Worlds/Packages - Install/Gaia/Scripts/Core/Extension System/Compatible/GameTexturesCom.cs
KEEP_PROTECTED	1482	0.001	Assets/Procedural Worlds/Packages - Install/Gaia/Scripts/Core/Utils/TimedInstance.cs
KEEP_PROTECTED	1447	0.001	Assets/Scripts/Character/Player/PlayerStateMachines/PlayerRunState.cs
KEEP_PROTECTED	1413	0.001	Assets/Procedural Worlds/Frameworks/Setup1/Scripts/Editor/PWPackageInfoEditor.cs
KEEP_PROTECTED	1407	0.001	Assets/Procedural Worlds/Packages - Install/Gaia/Shaders/Terrain Operations/SpawnStamps.compute
KEEP_PROTECTED	1401	0.001	Assets/Procedural Worlds/Packages - Install/Gaia/Scripts/Core/Lighting System/HDRPDensityVolumeComponent.cs
KEEP_PROTECTED	1385	0.001	Assets/Procedural Worlds/Frameworks/Setup1/Scripts/Editor/SetupAutostart.cs
KEEP_PROTECTED	1372	0.001	Assets/Procedural Worlds/Packages - Install/Gaia/Shaders/Terrain Operations/UnpackUnityTerrain.shader
KEEP_PROTECTED	1359	0.001	Assets/Procedural Worlds/Packages - Install/Gaia/Shaders/Terrain Operations/FilterFlipY.shader
KEEP_PROTECTED	1336	0.001	Assets/Procedural Worlds/Packages - Install/Gaia/Shaders/Unity/Terrain Tools/NoiseLib/None/Voronoi.hlsl
KEEP_PROTECTED	1328	0.001	Assets/Procedural Worlds/Packages - Install/Gaia/Shaders/Terrain Operations/PackUnityTerrain.shader
KEEP_PROTECTED	1323	0.001	Assets/Procedural Worlds/Packages - Install/Gaia/Shaders/Unity/Terrain Tools/NoiseLib/None/Billow.hlsl
KEEP_PROTECTED	1323	0.001	Assets/Procedural Worlds/Packages - Install/Gaia/Shaders/Unity/Terrain Tools/NoiseLib/None/Perlin.hlsl
KEEP_PROTECTED	1310	0.001	Assets/Procedural Worlds/Packages - Install/Gaia/Shaders/Unity/Terrain Tools/NoiseLib/None/Ridge.hlsl
KEEP_PROTECTED	1310	0.001	Assets/Procedural Worlds/Packages - Install/Gaia/Shaders/Unity/Terrain Tools/NoiseLib/None/Value.hlsl
KEEP_PROTECTED	1251	0.001	Assets/Procedural Worlds/Packages - Install/Gaia/Scripts/Editor/Misc/GaiaWelcome.cs
KEEP_PROTECTED	1235	0.001	Assets/Procedural Worlds/Packages - Install/Gaia/Scripts/Editor/Misc/GaiaStdMenu.cs
KEEP_PROTECTED	1198	0.001	Assets/Procedural Worlds/Packages - Install/Gaia/Scripts/Editor/Gaia Editor.asmdef
KEEP_PROTECTED	1154	0.001	Assets/Procedural Worlds/Packages - Install/Gaia/Scripts/Core/Photo Mode/Tooltip.cs
KEEP_PROTECTED	1133	0.001	Assets/Scripts/Character/Player/PlayerStateMachines/PlayerIdleState.cs
KEEP_PROTECTED	1132	0.001	Assets/Procedural Worlds/Packages - Install/Gaia/Scripts/Core/Spawning System/SpawnExtensionInfo.cs
KEEP_PROTECTED	1104	0.001	Assets/Procedural Worlds/Packages - Install/Gaia/Scripts/Editor/Misc/GaiaManagerRefresh.cs
KEEP_PROTECTED	1102	0.001	Assets/Procedural Worlds/Packages - Install/Gaia/Shaders/PW General/PW_Water_CameraNormals.shader
KEEP_PROTECTED	1096	0.001	Assets/Procedural Worlds/Packages - Install/Gaia/Scripts/Core/Water System/DisableUnderwaterFXTrigger.cs
KEEP_PROTECTED	1092	0.001	Assets/Procedural Worlds/Packages - Install/Gaia/Scripts/Core/Photo Mode/TooltipProfile.cs
KEEP_PROTECTED	1079	0.001	Assets/Procedural Worlds/Packages - Install/Gaia/Scripts/Core/Unity/Terrain Tools/Noise/BillowNoise.cs
KEEP_PROTECTED	1033	0.001	Assets/Procedural Worlds/Packages - Install/Gaia/Scripts/Core/ResourcesSystem/GaiaMaintenanceProfile.cs
KEEP_PROTECTED	1026	0.001	Assets/Procedural Worlds/Packages - Install/Gaia/Scripts/Core/Gaia Core.asmdef
KEEP_PROTECTED	1026	0.001	Assets/Procedural Worlds/Packages - Install/Gaia/Scripts/Core/Unity/Terrain Tools/Noise/NoneFractalType.cs
KEEP_PROTECTED	1020	0.001	Assets/Procedural Worlds/Packages - Install/Gaia/Shaders/Unity/Terrain Tools/NoiseLib/NoiseImpl.hlsl
KEEP_PROTECTED	1012	0.001	Assets/Procedural Worlds/Packages - Install/Gaia/Scripts/Editor/Misc/GaiaRemovalEditor.cs
KEEP_PROTECTED	1009	0.001	Assets/Procedural Worlds/Packages - Install/Gaia/Scripts/Core/Session System/SpawnOperationSettings.cs
KEEP_PROTECTED	1007	0.001	Assets/Procedural Worlds/Packages - Install/Sky & Lighting Presets/Scripts/Editor/LightingPresetHDRPEditor.cs
KEEP_PROTECTED	996	0.001	Assets/Procedural Worlds/Packages - Install/Gaia/Scripts/Editor/Misc/ScanForBiomes.cs
KEEP_PROTECTED	993	0.001	Assets/Procedural Worlds/Packages - Install/Sky & Lighting Presets/Scripts/Editor/LightingPresetBuiltInEditor.cs
KEEP_PROTECTED	988	0.001	Assets/Procedural Worlds/Frameworks/PWAddressables1/DemoClient/Scripts/WorldSelectionConfiguration.cs
KEEP_PROTECTED	983	0.001	Assets/Procedural Worlds/Packages - Install/Gaia/Scripts/Core/Photo Mode/ColorPreviewSync.cs
KEEP_PROTECTED	970	0.001	Assets/Procedural Worlds/Packages - Install/Gaia/Scripts/Core/MaskSystem/GaiaNoiseSettings.cs
KEEP_PROTECTED	970	0.001	Assets/Procedural Worlds/Packages - Install/Gaia/Scripts/Core/Unity/Terrain Tools/Erosion/TerrainToolUtility.cs
KEEP_PROTECTED	950	0.001	Assets/Scripts/Character/Player/PlayerStateMachines/PlayerJumpState.cs
KEEP_PROTECTED	946	0.001	Assets/Procedural Worlds/Packages - Install/Sky & Lighting Presets/Scripts/Editor/EnvironmentBuiltInURPEditor.cs
KEEP_PROTECTED	938	0.001	Assets/Procedural Worlds/Packages - Install/Sky & Lighting Presets/Scripts/Editor/LightingPresetURPEditor.cs
KEEP_PROTECTED	936	0.001	Assets/Procedural Worlds/Packages - Install/Gaia/Scripts/Core/Session System/ExportMaskMapOperationSettings.cs
KEEP_PROTECTED	888	0.001	Assets/Procedural Worlds/Packages - Install/Gaia/Scripts/Core/Unity/Terrain Tools/Noise/API/DimensionFlags.cs
KEEP_PROTECTED	874	0.001	Assets/Procedural Worlds/Packages - Install/Gaia/Scripts/Editor/Misc/GaiaScriptOrderManager.cs
KEEP_PROTECTED	856	0.001	Assets/Procedural Worlds/Packages - Install/Gaia/Scripts/Core/Unity/Terrain Tools/Noise/VoronoiNoise.cs
KEEP_PROTECTED	851	0.001	Assets/Procedural Worlds/Packages - Install/Gaia/Scripts/Core/Unity/Terrain Tools/Noise/PerlinNoise.cs
KEEP_PROTECTED	846	0.001	Assets/Procedural Worlds/Packages - Install/Gaia/Scripts/Core/Unity/Terrain Tools/Noise/ValueNoise.cs
KEEP_PROTECTED	846	0.001	Assets/Procedural Worlds/Packages - Install/Gaia/Scripts/Core/Unity/Terrain Tools/Noise/RidgeNoise.cs
KEEP_PROTECTED	822	0.001	Assets/Procedural Worlds/Frameworks/Common5/Editor/PWCommonMenuAG.cs
KEEP_PROTECTED	814	0.001	Assets/Procedural Worlds/Packages - Install/Gaia/Scripts/Editor/Water System/Reflections/GaiaPlanarReflectionsEditor.cs
KEEP_PROTECTED	810	0.001	Assets/Procedural Worlds/Packages - Install/Gaia/Shaders/Terrain Operations/GetTerrainHeights.compute
KEEP_PROTECTED	797	0.001	Assets/Scripts/Character/Player/PlayerStateMachines/PlayerAirComboAttackState.cs
KEEP_PROTECTED	796	0.001	Assets/Procedural Worlds/Packages - Install/Gaia/Shaders/Terrain Operations/SimulateSpawnResult.compute
KEEP_PROTECTED	782	0.001	Assets/Procedural Worlds/Packages - Install/Gaia/Scripts/Editor/Water System/PW_WaterUnder_MaterialEditor.cs
KEEP_PROTECTED	764	0.001	Assets/Procedural Worlds/Packages - Install/Gaia/Scripts/Core/ResourcesSystem/ResourceProtoProbe.cs
KEEP_PROTECTED	755	0.001	Assets/Scripts/Character/Player/PlayerStateMachines/PlayerWalkState.cs
KEEP_PROTECTED	708	0.001	Assets/Procedural Worlds/Packages - Install/Gaia/Scripts/Core/Task System/Tasks/QuickLightingBakeTask.cs
KEEP_PROTECTED	705	0.001	Assets/Procedural Worlds/Packages - Install/Gaia/Scripts/Core/Unity/Terrain Tools/Noise/NoiseBlitShaderGenerator.cs
KEEP_PROTECTED	677	0.001	Assets/Procedural Worlds/Packages - Install/Gaia/Scripts/Core/Session System/ClearOperationSettings.cs
KEEP_PROTECTED	670	0.001	Assets/Procedural Worlds/Packages - Install/Gaia/Scripts/Core/Lighting System/PWSkyPostProcessingManager.cs
KEEP_PROTECTED	657	0.001	Assets/Procedural Worlds/Packages - Install/Gaia/Scripts/Editor/Value Adds/Location System/LocationSystemEditor.cs
KEEP_PROTECTED	625	0.001	Assets/Procedural Worlds/Packages - Install/Gaia/Scripts/Core/Photo Mode/AutoAssignTakePhotoEvent.cs
KEEP_PROTECTED	625	0.001	Assets/Scripts/StateMachines/StateMachine.cs
KEEP_PROTECTED	619	0.001	Assets/Procedural Worlds/Packages - Install/Gaia/Scripts/Core/Task System/Tasks/BakeLightmapsTask.cs
KEEP_PROTECTED	619	0.001	Assets/Procedural Worlds/Frameworks/PWAddressables1/DemoClient/Scripts/WorldSelectionEntryUI.cs
KEEP_PROTECTED	570	0.001	Assets/Procedural Worlds/Packages - Install/Gaia/Scripts/Editor/Photo Mode/PhotoModeProfileEditor.cs
KEEP_PROTECTED	555	0.001	Assets/Procedural Worlds/Packages - Install/Gaia/Shaders/Terrain Operations/GetPreviewHeights.compute
KEEP_PROTECTED	537	0.001	Assets/Scripts/Character/Player/PlayerStateMachines/PlayerFallState.cs
KEEP_PROTECTED	532	0.001	Assets/Procedural Worlds/Packages - Install/Gaia/Scripts/Editor/API/APITestEditor.cs
KEEP_PROTECTED	513	0.000	Assets/Procedural Worlds/Packages - Install/Gaia/Scripts/Core/Session System/SingleTileCreationSettings.cs
KEEP_PROTECTED	488	0.000	Assets/Scripts/Character/Player/PlayerStateMachines/PlayerComboAttackState.cs
KEEP_PROTECTED	483	0.000	Assets/Procedural Worlds/Frameworks/Setup1/Scripts/SetupSettings.cs
KEEP_PROTECTED	480	0.000	Assets/Procedural Worlds/Packages - Install/Gaia/Scripts/Core/API/DemoAPIController.cs
KEEP_PROTECTED	473	0.000	Assets/Procedural Worlds/Packages - Install/Gaia/Scripts/Core/Session System/UndoRedoOperationSettings.cs
KEEP_PROTECTED	468	0.000	Assets/Procedural Worlds/Packages - Install/Gaia/Scripts/Core/Session System/FlattenOperationSettings.cs
KEEP_PROTECTED	451	0.000	Assets/Procedural Worlds/Packages - Install/Gaia/Scripts/Core/ResourcesSystem/ResourceProtoWorldBiomeMask.cs
KEEP_PROTECTED	437	0.000	Assets/Procedural Worlds/Packages - Install/Gaia/Scripts/Core/Unity/Terrain Tools/Noise/NoiseSettingsAssetEditor.cs
KEEP_PROTECTED	430	0.000	Assets/Procedural Worlds/Packages - Install/Gaia/Scripts/Core/Session System/RemoveNonBiomeResourcesSettings.cs
KEEP_PROTECTED	411	0.000	Assets/Procedural Worlds/Packages - Install/Controller Support/Scripts/GRC_ControllerSettings.cs
KEEP_PROTECTED	411	0.000	Assets/Procedural Worlds/Packages - Install/Gaia/Scripts/Core/Unity/Terrain Tools/Noise/NoiseComponent.cs
KEEP_PROTECTED	404	0.000	Assets/Procedural Worlds/Packages - Install/Gaia/Scripts/Core/Value Adds/Post Processing Converter/PostProcessingConverter.cs
KEEP_PROTECTED	401	0.000	Assets/Procedural Worlds/Packages - Install/Gaia/Scripts/Editor/Misc/FloatingPointFixEditor.cs
KEEP_PROTECTED	400	0.000	Assets/Procedural Worlds/Packages - Install/Gaia/Scripts/Core/Utils/ShaderUtility.cs
KEEP_PROTECTED	400	0.000	Assets/Procedural Worlds/Packages - Install/Gaia/Scripts/Editor/Spawning System/WorldBiomeMasksEditor.cs
KEEP_PROTECTED	394	0.000	Assets/Procedural Worlds/Packages - Install/Gaia/Scripts/Editor/Spawning System/WorldDesignerEditor.cs
KEEP_PROTECTED	394	0.000	Assets/Procedural Worlds/Packages - Install/Gaia/Scripts/Editor/Lighting System/AutoDepthOfFieldEditor.cs
KEEP_PROTECTED	374	0.000	Assets/Procedural Worlds/Packages - Install/Gaia/Scripts/Core/ScanningSystem/BinaryReaderMac.cs
KEEP_PROTECTED	369	0.000	Assets/Procedural Worlds/Packages - Install/Gaia/Scripts/Core/MaskSystem/PolyMaskNode.cs
KEEP_PROTECTED	367	0.000	Assets/Procedural Worlds/Packages - Install/Unity HDRP Water/Scripts/GRC_UnityHDRPWaterSettings.cs
KEEP_PROTECTED	340	0.000	Assets/Procedural Worlds/Packages - Install/Gaia Water/Scripts/GRC_WaterSettings.cs
KEEP_PROTECTED	326	0.000	Assets/Procedural Worlds/Packages - Install/Gaia/Scripts/Core/Task System/GaiaTaskBase.cs
KEEP_PROTECTED	323	0.000	Assets/Procedural Worlds/Packages - Install/Gaia/Scripts/Core/Spawning System/WorldBiomeMasks.cs
KEEP_PROTECTED	322	0.000	Assets/Scripts/StateMachines/IState.cs
KEEP_PROTECTED	319	0.000	Assets/Procedural Worlds/Packages - Install/Gaia/Scripts/Core/Spawning System/WorldDesigner.cs
KEEP_PROTECTED	310	0.000	Assets/Procedural Worlds/Packages - Install/Gaia/Scripts/Core/ResourcesSystem/ResourceProtoGameObjectSO.cs
KEEP_PROTECTED	287	0.000	Assets/Procedural Worlds/Packages - Install/Gaia/Scripts/Core/ResourcesSystem/ResourceProtoTextureSO.cs
KEEP_PROTECTED	282	0.000	Assets/Procedural Worlds/Packages - Install/Gaia/Scripts/Core/ResourcesSystem/ResourceProtoDetailSO.cs
KEEP_PROTECTED	274	0.000	Assets/Procedural Worlds/Packages - Install/Gaia/Scripts/Core/ResourcesSystem/ResourceProtoTreeSO.cs
KEEP_PROTECTED	273	0.000	Assets/Procedural Worlds/Packages - Install/Gaia/Scripts/Core/Utils/CustomGaiaController.cs
KEEP_PROTECTED	269	0.000	Assets/Scripts/Character/Player/PlayerStateMachines/IComboWindowEventReceiver.cs
KEEP_PROTECTED	262	0.000	Assets/Procedural Worlds/Packages - Install/Gaia/Scripts/Core/Utils/GaiaStopwatchDataset.cs
KEEP_PROTECTED	257	0.000	Assets/Procedural Worlds/Frameworks/Setup1/Scripts/SetupConstants.cs
KEEP_PROTECTED	251	0.000	Assets/Scripts/Character/Player/PlayerStateMachines/IAirborneState.cs
KEEP_PROTECTED	239	0.000	Assets/Scripts/Character/Player/PlayerStateMachines/IHitWindowEventReceiver.cs
KEEP_PROTECTED	222	0.000	Assets/Procedural Worlds/Packages - Install/Gaia/Scripts/Core/Utils/GaiaScriptOrder.cs
KEEP_PROTECTED	202	0.000	Assets/Procedural Worlds/Packages - Install/Gaia/Scripts/Core/Utils/GaiaMessages.cs
KEEP_PROTECTED	201	0.000	Assets/Procedural Worlds/Packages - Install/Gaia/Shaders/Terrain.cginc
KEEP_PROTECTED	198	0.000	Assets/Procedural Worlds/Packages - Install/Gaia/Scripts/Editor/Spawning System/WorldGeneratorEditor.cs
KEEP_PROTECTED	196	0.000	Assets/Procedural Worlds/Packages - Install/Gaia/Scripts/Core/Unity/Terrain Tools/Noise/NoiseComponentEditor.cs
KEEP_PROTECTED	190	0.000	Assets/Procedural Worlds/Packages - Install/Gaia/Scripts/Core/Spawning System/WorldGenerator.cs
KEEP_PROTECTED	188	0.000	Assets/Procedural Worlds/Packages - Install/Gaia/Scripts/Core/Utils/GaiaStopwatchControl.cs
KEEP_PROTECTED	127	0.000	Assets/Scripts/Character/Player/PlayerStateMachines/IForceEventReceiver.cs
KEEP_PROTECTED	111	0.000	Assets/Procedural Worlds/Packages - Install/Gaia/Scripts/Core/Mesh Simplifier/Runtime/AssemblyAttributes.cs
KEEP_PROTECTED	62	0.000	Assets/Procedural Worlds/Frameworks/PWAddressables1/Gaia Core.asmref
KEEP_PROTECTED	62	0.000	Assets/Procedural Worlds/Frameworks/PWAddressables1/Editor/Gaia Editor.asmref
KEEP_PROTECTED	5	0.000	Assets/Procedural Worlds/Packages - Install/Gaia/Scripts/Editor/Misc/GaiaLWRPPipelineUtils.cs
KEEP_PROTECTED	3	0.000	Assets/Procedural Worlds/Packages - Install/Gaia/Scripts/Core/Utils/FeatureTypeChance.cs
KEEP_REFERENCED	148237280	141.370	Assets/Meshs/Player.fbx
KEEP_REFERENCED	50585212	48.242	Assets/TemplesKor/Textures/T_Sun_Pal_Kidan/T_Sun_Pal_Kidan_BC.png
KEEP_REFERENCED	48826660	46.565	Assets/TemplesKor/Textures/T_Sun_Pal_Roof_B/T_Sun_Pal_Roof_B_BC.png
KEEP_REFERENCED	32351805	30.853	Assets/TemplesKor/Textures/T_Sun_Pal_Bang/T_Sun_Pal_Bang_BC.png
KEEP_REFERENCED	28002191	26.705	Assets/Procedural Worlds/Packages - Install/Asset Samples/NatureManufacture/T_ground_rock_02_N.png
KEEP_REFERENCED	25886461	24.687	Assets/Textures/Player/T_Man04_Body_N.png
KEEP_REFERENCED	24507550	23.372	Assets/Textures/Player/T_Man04_Eye_N.png
KEEP_REFERENCED	21824866	20.814	Assets/Textures/Player/T_Man04_Body_C.png
KEEP_REFERENCED	21801265	20.791	Assets/TemplesKor/Textures/T_Sun_Pal_Gongpo_B/T_Sun_Pal_Gongpo_B_BC.png
KEEP_REFERENCED	21801265	20.791	Assets/TemplesKor/Textures/T_Sun_Pal_Gongpo_A/T_Sun_Pal_Gongpo_A_BC.png
KEEP_REFERENCED	16809826	16.031	Assets/Procedural Worlds/Packages - Install/Asset Samples/NatureManufacture/T_Ground_Sand_02_M.tga
KEEP_REFERENCED	16809401	16.031	Assets/Procedural Worlds/Packages - Install/Asset Samples/NatureManufacture/T_ground_rock_01_M.tga
KEEP_REFERENCED	16807991	16.029	Assets/Procedural Worlds/Packages - Install/Asset Samples/NatureManufacture/T_ground_grass_01_M.tga
KEEP_REFERENCED	16807418	16.029	Assets/Procedural Worlds/Packages - Install/Asset Samples/NatureManufacture/T_ground_rock_02_M.tga
KEEP_REFERENCED	16777260	16.000	Assets/Procedural Worlds/Packages - Install/Asset Samples/NatureManufacture/T_ground_rock_01_A_SM.tga
KEEP_REFERENCED	16777260	16.000	Assets/Procedural Worlds/Packages - Install/Asset Samples/NatureManufacture/T_ground_grass_01_A_SM.tga
KEEP_REFERENCED	16777260	16.000	Assets/Procedural Worlds/Packages - Install/Asset Samples/NatureManufacture/T_ground_rock_02_A_SM.tga
KEEP_REFERENCED	16777260	16.000	Assets/Procedural Worlds/Packages - Install/Asset Samples/NatureManufacture/T_Ground_Sand_02_A_Sm.tga
KEEP_REFERENCED	15512869	14.794	Assets/Procedural Worlds/Packages - Install/Asset Samples/Procedural Worlds/Content Resources/Terrain Details/PW_WildGrass_00_N Sample.png
KEEP_REFERENCED	14387502	13.721	Assets/TemplesKor/Textures/T_Sun_Pal_Wall_E/T_Sun_Pal_Wall_E_BC.png
KEEP_REFERENCED	12697149	12.109	Assets/Textures/Player/T_Man04_Eye_C.png
KEEP_REFERENCED	11918207	11.366	Assets/Naganeupseong/Resource/Textures/Pillar/T_Pillar01b_N.png
KEEP_REFERENCED	11732586	11.189	Assets/TemplesKor/Textures/T_Sun_Pal_Wall_D/T_Sun_Pal_Wall_D_BC.png
KEEP_REFERENCED	11184871	10.667	Assets/Textures/Player/T_Man04_Hair_C.png
KEEP_REFERENCED	11044000	10.532	Assets/Procedural Worlds/Packages - Install/Asset Samples/Procedural Worlds/Content Resources/PW_Tree_Spruce_05/PW_Tree_Spruce_D.png
KEEP_REFERENCED	10871483	10.368	Assets/TemplesKor/Textures/T_Sun_Pal_Wall_F/T_Sun_Pal_Wall_F_BC.png
KEEP_REFERENCED	10423325	9.940	Assets/Procedural Worlds/Packages - Install/Asset Samples/NatureManufacture/T_ground_grass_01_N.png
KEEP_REFERENCED	10381845	9.901	Assets/Procedural Worlds/Packages - Install/Asset Samples/Procedural Worlds/Content Resources/PW_Tree_Spruce_05/PW_Tree_Spruce_N.png
KEEP_REFERENCED	10346117	9.867	Assets/Naganeupseong/Resource/Textures/Wall/T_Wall01a_N.png
KEEP_REFERENCED	10121462	9.653	Assets/TemplesKor/Textures/T_Sun_Pal_Wall_C/T_Sun_Pal_Wall_C_BC.png
KEEP_REFERENCED	10062445	9.596	Assets/TemplesKor/Textures/T_Sun_Pal_Wall_A/T_Sun_Pal_Wall_A_BC.png
KEEP_REFERENCED	9889218	9.431	Assets/TemplesKor/Textures/T_Sun_Pal_Roof_A/T_Sun_Pal_Roof_A_BC.png
KEEP_REFERENCED	9865417	9.408	Assets/Procedural Worlds/Packages - Install/Asset Samples/NatureManufacture/T_ground_rock_01_N.png
KEEP_REFERENCED	9693703	9.245	Assets/Naganeupseong/Resource/Textures/Floor/T_Floor01b_N.png
KEEP_REFERENCED	9532341	9.091	Assets/Naganeupseong/Resource/Textures/Roof/T_Roof01a_02_N.png
KEEP_REFERENCED	9241173	8.813	Assets/Naganeupseong/Resource/Textures/Roof/T_Roof01a_03_N.png
KEEP_REFERENCED	9118622	8.696	Assets/Naganeupseong/Resource/Textures/Floor/T_Floor01d_N.png
KEEP_REFERENCED	8871225	8.460	Assets/Textures/Player/T_Soldiers_01_N.png
KEEP_REFERENCED	8730565	8.326	Assets/Gaia User Data/Stamps/4K Canyons/Canyon 08.exr
KEEP_REFERENCED	8614916	8.216	Assets/Procedural Worlds/Packages - Install/Asset Samples/NatureManufacture/T_Ground_Sand_02_N.png
KEEP_REFERENCED	8524297	8.129	Assets/Procedural Worlds/Packages - Install/Sky & Lighting Presets/Textures/LensDirt01.png
KEEP_REFERENCED	8478308	8.086	Assets/Naganeupseong/Resource/Textures/Door/T_Door01i_N.png
KEEP_REFERENCED	8432113	8.041	Assets/Procedural Worlds/Packages - Install/Asset Samples/Procedural Worlds/Content Resources/Terrain Details/PW_LawnGrass_00_M Sample.png
KEEP_REFERENCED	8317943	7.933	Assets/Procedural Worlds/Packages - Install/Asset Samples/Procedural Worlds/Content Resources/PW_Tree_Spruce_05/PW_Tree_Spruce_M.png
KEEP_REFERENCED	8020402	7.649	Assets/Procedural Worlds/Packages - Install/Asset Samples/Procedural Worlds/Content Resources/PW_Tree_Spruce_05/PW_Tree_Spruce_Needles_02_N.png
KEEP_REFERENCED	8002966	7.632	Assets/Textures/Player/T_Man04_Head01_N.png
KEEP_REFERENCED	7808110	7.446	Assets/Naganeupseong/Resource/Textures/Wall/T_Wall01b_BC.png
KEEP_REFERENCED	7797708	7.436	Assets/Naganeupseong/Resource/Textures/Wall/T_Wall01c_02_N.png
KEEP_REFERENCED	7480069	7.134	Assets/Naganeupseong/Resource/Textures/Wall/T_Wall01b_N.png
KEEP_REFERENCED	7473990	7.128	Assets/Gaia User Data/Stamps/4K Canyons/Canyon 01.exr
KEEP_REFERENCED	7449645	7.105	Assets/Naganeupseong/Resource/Textures/Roof/T_Roof01a_01_N.png
KEEP_REFERENCED	7125348	6.795	Assets/Procedural Worlds/Packages - Install/Asset Samples/Procedural Worlds/Content Resources/Terrain Details/PW_LawnGrass_00_N Sample.png
KEEP_REFERENCED	7008930	6.684	Assets/Procedural Worlds/Packages - Install/Asset Samples/Procedural Worlds/Content Resources/Terrain Details/PW_WildGrass_00_D Sample.png
KEEP_REFERENCED	6947782	6.626	Assets/Procedural Worlds/Packages - Install/Asset Samples/Procedural Worlds/Content Resources/Terrain Details/PW_WildGrass_00_M Sample.png
KEEP_REFERENCED	6904274	6.584	Assets/Textures/Player/T_Soldiers_02_N.png
KEEP_REFERENCED	6649897	6.342	Assets/Naganeupseong/Resource/Textures/Ground/T_Ground02a_N.png
KEEP_REFERENCED	6619960	6.313	Assets/Textures/Player/T_Soldiers_01_BC.png
KEEP_REFERENCED	6474106	6.174	Assets/Naganeupseong/Resource/Textures/Wall/T_Wall01c_01_N.png
KEEP_REFERENCED	6428696	6.131	Assets/Naganeupseong/Resource/Textures/Ground/T_Ground01a_N.png
KEEP_REFERENCED	6373548	6.078	Assets/Naganeupseong/Resource/Textures/Floor/T_Floor01b_BC.png
KEEP_REFERENCED	6312261	6.020	Assets/Naganeupseong/Resource/Textures/Floor/T_Floor01d_BC.png
KEEP_REFERENCED	6233195	5.944	Assets/Naganeupseong/Resource/Textures/Prop/T_Low_Wooden_Bench_N.png
KEEP_REFERENCED	6112323	5.829	Assets/Naganeupseong/Resource/Textures/Roof/T_Roof01a_02_BC.png
KEEP_REFERENCED	6101456	5.819	Assets/Naganeupseong/Resource/Textures/Ground/T_Ground02a_BC.png
KEEP_REFERENCED	5994439	5.717	Assets/Naganeupseong/Resource/Textures/Door/T_Door01i_BC.png
KEEP_REFERENCED	5858821	5.587	Assets/Textures/Player/T_Man04_Hair_Side_C.png
KEEP_REFERENCED	5821455	5.552	Assets/Naganeupseong/Resource/Textures/Wall/T_Wall01c_01_BC.png
KEEP_REFERENCED	5749616	5.483	Assets/TemplesKor/Meshes/SM_SC_East_Three_Stone_Pagoda.fbx
KEEP_REFERENCED	5744520	5.478	Assets/Textures/T_Hwando_BC.png
KEEP_REFERENCED	5703092	5.439	Assets/Procedural Worlds/Packages - Install/Asset Samples/Procedural Worlds/Content Resources/Terrain Details/PW_LawnGrass_00_D Sample.png
KEEP_REFERENCED	5610135	5.350	Assets/Gaia User Data/Stamps/2K Moon/Moon 04.exr
KEEP_REFERENCED	5593734	5.335	Assets/Procedural Worlds/Packages - Install/Asset Samples/Procedural Worlds/Content Resources/PW_Tree_Spruce_05/PW_Tree_Spruce_01_05_LOD3_N.png
KEEP_REFERENCED	5569304	5.311	Assets/Textures/T_Hwando_N.png
KEEP_REFERENCED	5543680	5.287	Assets/Animations/Samurai_Katana/Basic/StandIdle_Break.FBX
KEEP_REFERENCED	5420054	5.169	Assets/Naganeupseong/Resource/Textures/Pillar/T_Pillar01b_BC.png
KEEP_REFERENCED	5322895	5.076	Assets/Naganeupseong/Resource/Textures/Wall/T_Wall01c_02_BC.png
KEEP_REFERENCED	5245162	5.002	Assets/Procedural Worlds/Packages - Install/Asset Samples/Procedural Worlds/Content Resources/PW_Stone_01/PW_Stone_01_D.png
KEEP_REFERENCED	5214563	4.973	Assets/TemplesKor/Textures/T_Sun_Pal_Wall_B/T_Sun_Pal_Wall_B_BC.png
KEEP_REFERENCED	5205313	4.964	Assets/Naganeupseong/Resource/Textures/Prop/T_Low_Wooden_Bench_BC.png
KEEP_REFERENCED	5103474	4.867	Assets/Textures/Player/T_Man04_Head01_C.png
KEEP_REFERENCED	4971596	4.741	Assets/Naganeupseong/Resource/Textures/Roof/T_Roof01a_01_BC.png
KEEP_REFERENCED	4921844	4.694	Assets/Naganeupseong/Resource/Textures/Roof/T_Roof01a_03_AO.png
KEEP_REFERENCED	4916928	4.689	Assets/Naganeupseong/Resource/Textures/Floor/T_Floor01a_BC.png
KEEP_REFERENCED	4877032	4.651	Assets/Gaia User Data/Stamps/4K Dunes/Dunes 01.exr
KEEP_REFERENCED	4808038	4.585	Assets/Textures/Player/T_Soldiers_02_BC.png
KEEP_REFERENCED	4806956	4.584	Assets/Naganeupseong/Resource/Textures/Pillar/T_Pillar01b_AO.png
KEEP_REFERENCED	4543069	4.333	Assets/Naganeupseong/Resource/Textures/Wall/T_Wall01b_R.png
KEEP_REFERENCED	4489656	4.282	Assets/Naganeupseong/Resource/Textures/Wall/T_Wall01a_BC.png
KEEP_REFERENCED	4441004	4.235	Assets/Naganeupseong/Resource/Textures/Roof/T_Roof01a_03_BC.png
KEEP_REFERENCED	4415909	4.211	Assets/Naganeupseong/Resource/Textures/Ground/T_Ground01a_R.png
KEEP_REFERENCED	4249056	4.052	Assets/TemplesKor/Meshes/SM_SC_West_Three_Stone_Pagoda.fbx
KEEP_REFERENCED	4210124	4.015	Assets/JoseonSoul/FirstVillageTempleGraybox/FirstVillageTemple_Terrain.asset
KEEP_REFERENCED	4201067	4.006	Assets/Gaia User Data/Stamps/4K Dunes/Dunes 08.exr
KEEP_REFERENCED	4156504	3.964	Assets/Naganeupseong/Resource/Textures/Ground/T_Ground01a_AO.png
KEEP_REFERENCED	4129351	3.938	Assets/Gaia User Data/Stamps/2K Canyons/Canyon 04.exr
KEEP_REFERENCED	4077245	3.888	Assets/Gaia User Data/Stamps/2K Valleys/Valleys 06.exr
KEEP_REFERENCED	4068097	3.880	Assets/Gaia User Data/Stamps/2K Monument Desert/Monument Desert 05.exr
KEEP_REFERENCED	4030789	3.844	Assets/Gaia User Data/Stamps/2K Monument Desert/Monument Desert 03.exr
KEEP_REFERENCED	4030334	3.844	Assets/Gaia User Data/Stamps/2K Valleys/Valleys 03.exr
KEEP_REFERENCED	4013927	3.828	Assets/Gaia User Data/Stamps/2K Monument Desert/Monument Desert 09.exr
KEEP_REFERENCED	4000170	3.815	Assets/Gaia User Data/Stamps/2K Valleys/Valleys 01.exr
KEEP_REFERENCED	3992132	3.807	Assets/Naganeupseong/Resource/Textures/Roof/T_Roof01a_03_R.png
KEEP_REFERENCED	3970900	3.787	Assets/Gaia User Data/Stamps/2K Monument Desert/Monument Desert 04.exr
KEEP_REFERENCED	3954672	3.771	Assets/Gaia User Data/Stamps/2K Valleys/Valleys 02.exr
KEEP_REFERENCED	3951783	3.769	Assets/Procedural Worlds/Packages - Install/Asset Samples/Procedural Worlds/Content Resources/PW_Tree_Spruce_05/PW_Tree_Spruce_01_05_LOD3_M.png
KEEP_REFERENCED	3931478	3.749	Assets/Gaia User Data/Stamps/2K Valleys/Valleys 05.exr
KEEP_REFERENCED	3922533	3.741	Assets/Gaia User Data/Stamps/2K Valleys/Valleys 04.exr
KEEP_REFERENCED	3915128	3.734	Assets/Gaia User Data/Stamps/2K Monument Desert/Monument Desert 10.exr
KEEP_REFERENCED	3858604	3.680	Assets/Gaia User Data/Stamps/2K Terrace Fields/Terrace Fields 10.exr
KEEP_REFERENCED	3830274	3.653	Assets/Naganeupseong/Resource/Textures/Wall/T_Wall01a_R.png
KEEP_REFERENCED	3825881	3.649	Assets/Gaia User Data/Stamps/2K Monument Desert/Monument Desert 06.exr
KEEP_REFERENCED	3816257	3.639	Assets/Gaia User Data/Stamps/2K Tundra/Tundra 06.exr
KEEP_REFERENCED	3787937	3.612	Assets/Gaia User Data/Stamps/2K Terrace Fields/Terrace Fields 09.exr
KEEP_REFERENCED	3784852	3.610	Assets/Naganeupseong/Resource/Textures/Wall/T_Wall01c_01_AO.png
KEEP_REFERENCED	3758711	3.585	Assets/Gaia User Data/Stamps/2K Moon/Moon 05.exr
KEEP_REFERENCED	3717405	3.545	Assets/Gaia User Data/Stamps/2K Terrace Fields/Terrace Fields 08.exr
KEEP_REFERENCED	3694656	3.523	Assets/Naganeupseong/Resource/Textures/Floor/T_Floor01a_R.png
KEEP_REFERENCED	3681399	3.511	Assets/Naganeupseong/Resource/Textures/Roof/T_Roof01a_01_AO.png
KEEP_REFERENCED	3640289	3.472	Assets/Gaia User Data/Stamps/2K Craters/Craters 01.exr
KEEP_REFERENCED	3639127	3.471	Assets/Gaia User Data/Stamps/2K Meadows/Meadows 06.exr
KEEP_REFERENCED	3620994	3.453	Assets/Gaia User Data/Stamps/2K Monument Desert/Monument Desert 07.exr
KEEP_REFERENCED	3619272	3.452	Assets/Naganeupseong/Resource/Textures/Ground/T_Ground01a_BC.png
KEEP_REFERENCED	3598794	3.432	Assets/Gaia User Data/Stamps/2K Monument Desert/Monument Desert 01.exr
KEEP_REFERENCED	3560212	3.395	Assets/Gaia User Data/Stamps/2K Meadows/Meadows 08.exr
KEEP_REFERENCED	3556196	3.391	Assets/Gaia User Data/Stamps/2K Monument Desert/Monument Desert 08.exr
KEEP_REFERENCED	3553930	3.389	Assets/Gaia User Data/Stamps/2K Monument Desert/Monument Desert 02.exr
KEEP_REFERENCED	3548149	3.384	Assets/Gaia User Data/Stamps/2K Rocky Desert/Rocky Desert 10.exr
KEEP_REFERENCED	3540292	3.376	Assets/Gaia User Data/Stamps/2K Valleys/Valleys 09.exr
KEEP_REFERENCED	3536649	3.373	Assets/Procedural Worlds/Packages - Install/Asset Samples/Procedural Worlds/Content Resources/PW_Tree_Spruce_05/PW_Tree_Spruce_01_05_LOD3_D.png
KEEP_REFERENCED	3532445	3.369	Assets/Gaia User Data/Stamps/2K Tundra/Tundra 10.exr
KEEP_REFERENCED	3499632	3.338	Assets/TemplesKor/Prefabs/SM_Sun_Pal_ex.fbx
KEEP_REFERENCED	3496266	3.334	Assets/Gaia User Data/Stamps/2K Volcanos/Volcano 08.exr
KEEP_REFERENCED	3487660	3.326	Assets/Gaia User Data/Stamps/2K Rocky Desert/Rocky Desert 09.exr
KEEP_REFERENCED	3481032	3.320	Assets/Gaia User Data/Stamps/2K Tundra/Tundra 09.exr
KEEP_REFERENCED	3465368	3.305	Assets/Gaia User Data/Stamps/2K Islands/Islands 10.exr
KEEP_REFERENCED	3458003	3.298	Assets/Gaia User Data/Stamps/2K Volcanos/Volcano 07.exr
KEEP_REFERENCED	3438384	3.279	Assets/TemplesKor/Meshes/SM_SC_Seonamsa_Daegagam_Stupa.fbx
KEEP_REFERENCED	3437257	3.278	Assets/Gaia User Data/Stamps/2K Meadows/Meadows 01.exr
KEEP_REFERENCED	3432489	3.273	Assets/Gaia User Data/Stamps/2K Canyons/Canyon 05.exr
KEEP_REFERENCED	3423884	3.265	Assets/Gaia User Data/Stamps/2K Rocky Desert/Rocky Desert 08.exr
KEEP_REFERENCED	3422943	3.264	Assets/Gaia User Data/Stamps/2K Volcanos/Volcano 10.exr
KEEP_REFERENCED	3420632	3.262	Assets/Gaia User Data/Stamps/2K Volcanos/Volcano 04.exr
KEEP_REFERENCED	3417199	3.259	Assets/Naganeupseong/Resource/Textures/Ground/T_Ground02a_R.png
KEEP_REFERENCED	3416759	3.258	Assets/Gaia User Data/Stamps/2K Islands/Islands 09.exr
KEEP_REFERENCED	3416682	3.258	Assets/Gaia User Data/Stamps/2K Volcanos/Volcano 09.exr
KEEP_REFERENCED	3416385	3.258	Assets/Gaia User Data/Stamps/2K Craters/Craters 09.exr
KEEP_REFERENCED	3409329	3.251	Assets/Gaia User Data/Stamps/2K Meadows/Meadows 03.exr
KEEP_REFERENCED	3408213	3.250	Assets/Gaia User Data/Stamps/2K Meadows/Meadows 04.exr
KEEP_REFERENCED	3407503	3.250	Assets/Gaia User Data/Stamps/2K Volcanos/Volcano 06.exr
KEEP_REFERENCED	3405677	3.248	Assets/Gaia User Data/Stamps/2K Volcanos/Volcano 01.exr
KEEP_REFERENCED	3404613	3.247	Assets/Gaia User Data/Stamps/2K Volcanos/Volcano 02.exr
KEEP_REFERENCED	3401500	3.244	Assets/Gaia User Data/Stamps/2K Volcanos/Volcano 05.exr
KEEP_REFERENCED	3399786	3.242	Assets/Gaia User Data/Stamps/2K Islands/Islands 07.exr
KEEP_REFERENCED	3390870	3.234	Assets/Gaia User Data/Stamps/2K Islands/Islands 03.exr
KEEP_REFERENCED	3390122	3.233	Assets/Gaia User Data/Stamps/2K Islands/Islands 08.exr
KEEP_REFERENCED	3385422	3.229	Assets/Gaia User Data/Stamps/2K Islands/Islands 06.exr
KEEP_REFERENCED	3377481	3.221	Assets/Gaia User Data/Stamps/2K Volcanos/Volcano 03.exr
KEEP_REFERENCED	3376939	3.220	Assets/Gaia User Data/Stamps/2K Tundra/Tundra 07.exr
KEEP_REFERENCED	3372367	3.216	Assets/Gaia User Data/Stamps/2K Rugged Rocks/Rugged Rocks 08.exr
KEEP_REFERENCED	3363832	3.208	Assets/Gaia User Data/Stamps/2K Islands/Islands 04.exr
KEEP_REFERENCED	3359504	3.204	Assets/Gaia User Data/Stamps/2K Rugged Rocks/Rugged Rocks 07.exr
KEEP_REFERENCED	3358108	3.203	Assets/Gaia User Data/Stamps/2K Islands/Islands 02.exr
KEEP_REFERENCED	3347521	3.192	Assets/Gaia User Data/Stamps/2K Meadows/Meadows 05.exr
KEEP_REFERENCED	3344871	3.190	Assets/Naganeupseong/Resource/Textures/Pillar/T_Pillar01b_R.png
KEEP_REFERENCED	3343398	3.189	Assets/Gaia User Data/Stamps/2K Islands/Islands 01.exr
KEEP_REFERENCED	3340095	3.185	Assets/Gaia User Data/Stamps/2K Tundra/Tundra 03.exr
KEEP_REFERENCED	3331952	3.178	Assets/Gaia User Data/Stamps/2K Valleys/Valleys 07.exr
KEEP_REFERENCED	3328397	3.174	Assets/Gaia User Data/Stamps/2K Rugged Rocks/Rugged Rocks 06.exr
KEEP_REFERENCED	3325889	3.172	Assets/Gaia User Data/Stamps/2K Islands/Islands 05.exr
KEEP_REFERENCED	3321994	3.168	Assets/Gaia User Data/Stamps/2K Meadows/Meadows 09.exr
KEEP_REFERENCED	3313890	3.160	Assets/Gaia User Data/Stamps/2K Rocky Desert/Rocky Desert 07.exr
KEEP_REFERENCED	3309014	3.156	Assets/Gaia User Data/Stamps/2K Valleys/Valleys 08.exr
KEEP_REFERENCED	3291241	3.139	Assets/Gaia User Data/Stamps/2K Rocky Desert/Rocky Desert 02.exr
KEEP_REFERENCED	3282884	3.131	Assets/Gaia User Data/Stamps/2K Meadows/Meadows 02.exr
KEEP_REFERENCED	3281231	3.129	Assets/Gaia User Data/Stamps/2K Rugged Rocks/Rugged Rocks 09.exr
KEEP_REFERENCED	3280997	3.129	Assets/Gaia User Data/Stamps/2K Valleys/Valleys 10.exr
KEEP_REFERENCED	3254279	3.104	Assets/Gaia User Data/Stamps/2K Canyons/Canyon 08.exr
KEEP_REFERENCED	3251717	3.101	Assets/Gaia User Data/Stamps/2K Tundra/Tundra 01.exr
KEEP_REFERENCED	3244353	3.094	Assets/Gaia User Data/Stamps/2K Rocky Plateaus/Rocky Plateaus 06.exr
KEEP_REFERENCED	3227837	3.078	Assets/Gaia User Data/Stamps/2K Dunes/Dunes 01.exr
KEEP_REFERENCED	3220523	3.071	Assets/Gaia User Data/Stamps/2K Terrace Fields/Terrace Fields 05.exr
KEEP_REFERENCED	3213418	3.065	Assets/Gaia User Data/Stamps/2K Rocky Desert/Rocky Desert 04.exr
KEEP_REFERENCED	3203128	3.055	Assets/Gaia User Data/Stamps/2K Rocky Desert/Rocky Desert 06.exr
KEEP_REFERENCED	3198671	3.050	Assets/Gaia User Data/Stamps/2K Rocky Desert/Rocky Desert 03.exr
KEEP_REFERENCED	3192240	3.044	Assets/Gaia User Data/Stamps/2K Tundra/Tundra 05.exr
KEEP_REFERENCED	3186564	3.039	Assets/Naganeupseong/Resource/Textures/Wall/T_Wall01a_AO.png
KEEP_REFERENCED	3184613	3.037	Assets/Gaia User Data/Stamps/2K Canyons/Canyon 03.exr
KEEP_REFERENCED	3175803	3.029	Assets/Gaia User Data/Stamps/2K Craters/Craters 03.exr
KEEP_REFERENCED	3170980	3.024	Assets/Gaia User Data/Stamps/2K Rugged Rocks/Rugged Rocks 05.exr
KEEP_REFERENCED	3170074	3.023	Assets/Gaia User Data/Stamps/2K Rugged Rocks/Rugged Rocks 03.exr
KEEP_REFERENCED	3169667	3.023	Assets/Gaia User Data/Stamps/2K Tundra/Tundra 08.exr
KEEP_REFERENCED	3158537	3.012	Assets/Naganeupseong/Resource/Textures/Wall/T_Wall01b_AO.png
KEEP_REFERENCED	3154462	3.008	Assets/Gaia User Data/Stamps/2K Rugged Rocks/Rugged Rocks 01.exr
KEEP_REFERENCED	3153125	3.007	Assets/Gaia User Data/Stamps/2K Tundra/Tundra 02.exr
KEEP_REFERENCED	3150685	3.005	Assets/Gaia User Data/Stamps/2K Rocky Desert/Rocky Desert 01.exr
KEEP_REFERENCED	3141467	2.996	Assets/Gaia User Data/Stamps/2K Rocky Plateaus/Rocky Plateaus 05.exr
KEEP_REFERENCED	3132311	2.987	Assets/Gaia User Data/Stamps/2K Dunes/Dunes 04.exr
KEEP_REFERENCED	3132285	2.987	Assets/Procedural Worlds/Packages - Install/Asset Samples/Procedural Worlds/Content Resources/PW_Tree_Spruce_05/PW_Tree_Spruce_Needles_02_M.png
KEEP_REFERENCED	3127917	2.983	Assets/Gaia User Data/Stamps/2K Rocky Plateaus/Rocky Plateaus 03.exr
KEEP_REFERENCED	3127822	2.983	Assets/Gaia User Data/Stamps/2K Craters/Craters 02.exr
KEEP_REFERENCED	3122410	2.978	Assets/Gaia User Data/Stamps/2K Rugged Rocks/Rugged Rocks 10.exr
KEEP_REFERENCED	3122031	2.977	Assets/Gaia User Data/Stamps/2K Seaside Cliffs/Seaside Cliffs 07.exr
KEEP_REFERENCED	3120779	2.976	Assets/Gaia User Data/Stamps/2K Rugged Rocks/Rugged Rocks 02.exr
KEEP_REFERENCED	3113079	2.969	Assets/Gaia User Data/Stamps/2K Rugged Rocks/Rugged Rocks 04.exr
KEEP_REFERENCED	3104205	2.960	Assets/Gaia User Data/Stamps/2K Meadows/Meadows 10.exr
KEEP_REFERENCED	3103947	2.960	Assets/Gaia User Data/Stamps/2K Moon/Moon 08.exr
KEEP_REFERENCED	3058691	2.917	Assets/Gaia User Data/Stamps/2K Dunes/Dunes 09.exr
KEEP_REFERENCED	3053869	2.912	Assets/Gaia User Data/Stamps/2K Craters/Craters 10.exr
KEEP_REFERENCED	3052041	2.911	Assets/Gaia User Data/Stamps/2K Tundra/Tundra 04.exr
KEEP_REFERENCED	3051378	2.910	Assets/Naganeupseong/Resource/Textures/Floor/T_Floor01b_R.png
KEEP_REFERENCED	3045210	2.904	Assets/Gaia User Data/Stamps/2K Rocky Desert/Rocky Desert 05.exr
KEEP_REFERENCED	3038620	2.898	Assets/Gaia User Data/Stamps/2K Terrace Fields/Terrace Fields 03.exr
KEEP_REFERENCED	3026276	2.886	Assets/Gaia User Data/Stamps/2K Rocky Plateaus/Rocky Plateaus 02.exr
KEEP_REFERENCED	3024332	2.884	Assets/Gaia User Data/Stamps/2K Dunes/Dunes 02.exr
KEEP_REFERENCED	3010472	2.871	Assets/Gaia User Data/Stamps/2K Terrace Fields/Terrace Fields 02.exr
KEEP_REFERENCED	3002148	2.863	Assets/Gaia User Data/Stamps/2K Rocky Plateaus/Rocky Plateaus 04.exr
KEEP_REFERENCED	2997606	2.859	Assets/Gaia User Data/Stamps/2K Canyons/Canyon 06.exr
KEEP_REFERENCED	2979425	2.841	Assets/Naganeupseong/Resource/Textures/Roof/T_Roof01a_02_R.png
KEEP_REFERENCED	2974184	2.836	Assets/Gaia User Data/Stamps/2K Canyons/Canyon 09.exr
KEEP_REFERENCED	2969922	2.832	Assets/Gaia User Data/Stamps/2K Terrace Fields/Terrace Fields 06.exr
KEEP_REFERENCED	2960348	2.823	Assets/Gaia User Data/Stamps/2K Dunes/Dunes 06.exr
KEEP_REFERENCED	2955489	2.819	Assets/Gaia User Data/Stamps/2K Dunes/Dunes 10.exr
KEEP_REFERENCED	2952804	2.816	Assets/Gaia User Data/Stamps/2K Dunes/Dunes 08.exr
KEEP_REFERENCED	2936144	2.800	Assets/Gaia User Data/Stamps/2K Terrace Fields/Terrace Fields 04.exr
KEEP_REFERENCED	2914157	2.779	Assets/Gaia User Data/Stamps/2K Canyons/Canyon 10.exr
KEEP_REFERENCED	2902015	2.768	Assets/Gaia User Data/Stamps/2K Dunes/Dunes 03.exr
KEEP_REFERENCED	2897636	2.763	Assets/Gaia User Data/Stamps/2K Rocky Plateaus/Rocky Plateaus 07.exr
KEEP_REFERENCED	2895475	2.761	Assets/Gaia User Data/Stamps/2K Rocky Plateaus/Rocky Plateaus 08.exr
KEEP_REFERENCED	2881736	2.748	Assets/Gaia User Data/Stamps/2K Canyons/Canyon 01.exr
KEEP_REFERENCED	2866978	2.734	Assets/Gaia User Data/Stamps/2K Dunes/Dunes 05.exr
KEEP_REFERENCED	2849037	2.717	Assets/Gaia User Data/Stamps/2K Dunes/Dunes 07.exr
KEEP_REFERENCED	2848038	2.716	Assets/Gaia User Data/Stamps/2K Rocky Plateaus/Rocky Plateaus 09.exr
KEEP_REFERENCED	2845085	2.713	Assets/TemplesKor/Textures/T_Sun_Pal_Stone/T_Sun_Pal_Stone_BC.png
KEEP_REFERENCED	2829217	2.698	Assets/Gaia User Data/Stamps/2K Seaside Cliffs/Seaside Cliffs 10.exr
KEEP_REFERENCED	2828901	2.698	Assets/Gaia User Data/Stamps/2K Rocky Plateaus/Rocky Plateaus 10.exr
KEEP_REFERENCED	2825820	2.695	Assets/Naganeupseong/Resource/Textures/Roof/T_Roof01a_01_R.png
KEEP_REFERENCED	2824429	2.694	Assets/Naganeupseong/Resource/Textures/Floor/T_Floor01d_R.png
KEEP_REFERENCED	2792253	2.663	Assets/Gaia User Data/Stamps/2K Terrace Fields/Terrace Fields 07.exr
KEEP_REFERENCED	2789046	2.660	Assets/Gaia User Data/Stamps/2K Terrace Fields/Terrace Fields 01.exr
KEEP_REFERENCED	2776097	2.647	Assets/Gaia User Data/Stamps/2K Rocky Plateaus/Rocky Plateaus 01.exr
KEEP_REFERENCED	2759936	2.632	Assets/Gaia User Data/Stamps/2K Meadows/Meadows 07.exr
KEEP_REFERENCED	2728162	2.602	Assets/Gaia User Data/Stamps/2K Canyons/Canyon 07.exr
KEEP_REFERENCED	2720545	2.595	Assets/Procedural Worlds/Packages - Install/Asset Samples/Procedural Worlds/Content Resources/PW_Tree_Spruce_05/PW_Tree_Spruce_Needles_02_D.png
KEEP_REFERENCED	2706587	2.581	Assets/Gaia User Data/Stamps/2K Seaside Cliffs/Seaside Cliffs 02.exr
KEEP_REFERENCED	2692414	2.568	Assets/Gaia User Data/Stamps/2K Seaside Cliffs/Seaside Cliffs 06.exr
KEEP_REFERENCED	2691702	2.567	Assets/Gaia User Data/Stamps/2K Craters/Craters 06.exr
KEEP_REFERENCED	2674185	2.550	Assets/Textures/Player/T_Soldiers_01_M.png
KEEP_REFERENCED	2660380	2.537	Assets/Gaia User Data/Stamps/2K Seaside Cliffs/Seaside Cliffs 05.exr
KEEP_REFERENCED	2659035	2.536	Assets/Gaia User Data/Stamps/2K Seaside Cliffs/Seaside Cliffs 09.exr
KEEP_REFERENCED	2640780	2.518	Assets/Gaia User Data/Stamps/2K Seaside Cliffs/Seaside Cliffs 01.exr
KEEP_REFERENCED	2630585	2.509	Assets/Gaia User Data/Stamps/2K Craters/Craters 04.exr
KEEP_REFERENCED	2630166	2.508	Assets/Gaia User Data/Stamps/2K Seaside Cliffs/Seaside Cliffs 04.exr
KEEP_REFERENCED	2628547	2.507	Assets/Scenes/FirstVillageTemple_Graybox.unity
KEEP_REFERENCED	2621232	2.500	Assets/TemplesKor/Meshes/SM_SC_Seonamsa_North_Stupa.fbx
KEEP_REFERENCED	2605116	2.484	Assets/Gaia User Data/Stamps/2K Seaside Cliffs/Seaside Cliffs 03.exr
KEEP_REFERENCED	2601935	2.481	Assets/Naganeupseong/Resource/Textures/Wall/T_Wall01c_02_R.png
KEEP_REFERENCED	2591872	2.472	Assets/TemplesKor/Meshes/SM_SC_Seonamsa_East_Stupa.fbx
KEEP_REFERENCED	2516216	2.400	Assets/Gaia User Data/Stamps/2K Craters/Craters 05.exr
KEEP_REFERENCED	2495864	2.380	Assets/Gaia User Data/Stamps/2K Highlands/Highlands 01.exr
KEEP_REFERENCED	2475743	2.361	Assets/Gaia User Data/Stamps/2K Craters/Craters 08.exr
KEEP_REFERENCED	2426263	2.314	Assets/Gaia User Data/Stamps/2K Highlands/Highlands 08.exr
KEEP_REFERENCED	2420825	2.309	Assets/Gaia User Data/Stamps/2K Canyons/Canyon 02.exr
KEEP_REFERENCED	2418205	2.306	Assets/Gaia User Data/Stamps/2K Moon/Moon 09.exr
KEEP_REFERENCED	2417409	2.305	Assets/Naganeupseong/Resource/Textures/Prop/T_Low_Wooden_Bench_AO.png
KEEP_REFERENCED	2382299	2.272	Assets/Gaia User Data/Stamps/2K Highlands/Highlands 05.exr
KEEP_REFERENCED	2366277	2.257	Assets/Gaia User Data/Stamps/2K Moon/Moon 07.exr
KEEP_REFERENCED	2317485	2.210	Assets/Gaia User Data/Stamps/2K Craters/Craters 07.exr
KEEP_REFERENCED	2299823	2.193	Assets/Procedural Worlds/Packages - Install/Asset Samples - Synty Studios/Biome/Spawners/Synty Farm Spawner.asset
KEEP_REFERENCED	2298428	2.192	Assets/Gaia User Data/Stamps/2K Seaside Cliffs/Seaside Cliffs 08.exr
KEEP_REFERENCED	2285835	2.180	Assets/Gaia User Data/Stamps/2K Highlands/Highlands 07.exr
KEEP_REFERENCED	2240671	2.137	Assets/Gaia User Data/Stamps/2K Highlands/Highlands 09.exr
KEEP_REFERENCED	2221683	2.119	Assets/Gaia User Data/Stamps/2K Highlands/Highlands 02.exr
KEEP_REFERENCED	2210123	2.108	Assets/Gaia User Data/Stamps/2K Highlands/Highlands 06.exr
KEEP_REFERENCED	2193852	2.092	Assets/Gaia User Data/Stamps/2K Moon/Moon 02.exr
KEEP_REFERENCED	2190707	2.089	Assets/Gaia User Data/Stamps/2K Highlands/Highlands 04.exr
KEEP_REFERENCED	2187868	2.087	Assets/Naganeupseong/Resource/Textures/Door/T_Door01h_02_N.png
KEEP_REFERENCED	2182140	2.081	Assets/Gaia User Data/Stamps/2K Highlands/Highlands 03.exr
KEEP_REFERENCED	2182076	2.081	Assets/Gaia User Data/Stamps/2K Highlands/Highlands 10.exr
KEEP_REFERENCED	2180573	2.080	Assets/Naganeupseong/Resource/Textures/Door/T_Door01h_01_N.png
KEEP_REFERENCED	2121221	2.023	Assets/Naganeupseong/Resource/Textures/Prop/T_Jar01b_N.png
KEEP_REFERENCED	2103312	2.006	Assets/Textures/Player/T_Man04_Eyebrow_C.png
KEEP_REFERENCED	2070134	1.974	Assets/Naganeupseong/Resource/Textures/Chimney/T_Chimney01a_N.png
KEEP_REFERENCED	2068605	1.973	Assets/Naganeupseong/Resource/Textures/Pillar/T_Pillar01a_N.png
KEEP_REFERENCED	2061307	1.966	Assets/Textures/Player/T_Man04_Hair_M.png
KEEP_REFERENCED	2056267	1.961	Assets/Gaia User Data/Stamps/2K Moon/Moon 10.exr
KEEP_REFERENCED	2034318	1.940	Assets/Naganeupseong/Resource/Textures/Pillar/T_Pillar02a_N.png
KEEP_REFERENCED	2028608	1.935	Assets/Naganeupseong/Resource/Textures/Prop/T_Jar01a_N.png
KEEP_REFERENCED	1982668	1.891	Assets/Procedural Worlds/Packages - Install/Asset Samples/Procedural Worlds/Content Resources/PW_Tree_Spruce_05/PW_Tree_Spruce_05 Hero.fbx
KEEP_REFERENCED	1968964	1.878	Assets/Naganeupseong/Resource/Textures/Door/T_Door01b_01_BC.png
KEEP_REFERENCED	1958255	1.868	Assets/Textures/Player/T_Man04_Mouth_N.png
KEEP_REFERENCED	1943882	1.854	Assets/Naganeupseong/Resource/Textures/Door/T_Door01b_01_N.png
KEEP_REFERENCED	1942713	1.853	Assets/Naganeupseong/Resource/Textures/Door/T_Door01e_N.png
KEEP_REFERENCED	1935310	1.846	Assets/Procedural Worlds/Packages - Install/Asset Samples/Procedural Worlds/Content Resources/PW_Stone_01/PW_Stone_01_N.png
KEEP_REFERENCED	1931952	1.842	Assets/Animations/Samurai_Katana/Basic/FightIdle.FBX
KEEP_REFERENCED	1898752	1.811	Assets/Animations/Samurai_Katana/Basic/Falling.FBX
KEEP_REFERENCED	1894288	1.807	Assets/Naganeupseong/Resource/Textures/Door/T_Door01g_N.png
KEEP_REFERENCED	1890737	1.803	Assets/Naganeupseong/Resource/Textures/Door/T_Door01f_01_N.png
KEEP_REFERENCED	1889200	1.802	Assets/Animations/Samurai_Katana/Lock-On/WalkForward_HS.FBX
KEEP_REFERENCED	1889120	1.802	Assets/Animations/Samurai_Katana/Lock-On/WalkBackward_HS.FBX
KEEP_REFERENCED	1889024	1.802	Assets/Animations/Samurai_Katana/Lock-On/WalkLeft_HS.FBX
KEEP_REFERENCED	1889024	1.802	Assets/Animations/Samurai_Katana/Lock-On/WalkRight_HS.FBX
KEEP_REFERENCED	1889008	1.801	Assets/Animations/Samurai_Katana/Basic/WalkForward.FBX
KEEP_REFERENCED	1882003	1.795	Assets/Naganeupseong/Resource/Textures/Prop/T_Mat_N.png
KEEP_REFERENCED	1861803	1.776	Assets/Gaia User Data/Stamps/2K Moon/Moon 01.exr
KEEP_REFERENCED	1846368	1.761	Assets/Animations/Samurai_Katana/Action/LightAttk3.FBX
KEEP_REFERENCED	1835176	1.750	Assets/Naganeupseong/Resource/Textures/Prop/T_Low_Wooden_Bench_R.png
KEEP_REFERENCED	1811017	1.727	Assets/Naganeupseong/Resource/Textures/Window/T_Window01f_N.png
KEEP_REFERENCED	1808570	1.725	Assets/Naganeupseong/Resource/Textures/Door/T_Door01f_01_BC.png
KEEP_REFERENCED	1803568	1.720	Assets/Animations/Samurai_Katana/Action/Dodge_Left.FBX
KEEP_REFERENCED	1803568	1.720	Assets/Animations/Samurai_Katana/Action/Dodge_Right.FBX
KEEP_REFERENCED	1803488	1.720	Assets/Animations/Samurai_Katana/Action/Dodge_Front.FBX
KEEP_REFERENCED	1803472	1.720	Assets/Animations/Samurai_Katana/Action/Dodge_Back.FBX
KEEP_REFERENCED	1794560	1.711	Assets/Naganeupseong/Resource/Textures/Door/T_Door01h_02_BC.png
KEEP_REFERENCED	1789248	1.706	Assets/Animations/Samurai_Katana/Action/Sprint_LightAttk.FBX
KEEP_REFERENCED	1782304	1.700	Assets/Animations/Samurai_Katana/Action/LightAttk2.FBX
KEEP_REFERENCED	1775812	1.694	Assets/Naganeupseong/Resource/Textures/Door/T_Door01j_N.png
KEEP_REFERENCED	1775386	1.693	Assets/Naganeupseong/Resource/Textures/Door/T_Door01h_01_BC.png
KEEP_REFERENCED	1775305	1.693	Assets/Gaia User Data/Stamps/2K Moon/Moon 03.exr
KEEP_REFERENCED	1775136	1.693	Assets/Animations/Samurai_Katana/Action/LightAttk1.FBX
KEEP_REFERENCED	1764241	1.683	Assets/Naganeupseong/Resource/Textures/Window/T_Window01h_N.png
KEEP_REFERENCED	1752405	1.671	Assets/Naganeupseong/Resource/Textures/Window/T_Window01f_BC.png
KEEP_REFERENCED	1746544	1.666	Assets/Animations/Samurai_Katana/Action/Dash_Front.FBX
KEEP_REFERENCED	1719617	1.640	Assets/Naganeupseong/Resource/Textures/Door/T_Door01b_02_BC.png
KEEP_REFERENCED	1710666	1.631	Assets/Naganeupseong/Resource/Textures/Door/T_Door01b_02_N.png
KEEP_REFERENCED	1706407	1.627	Assets/Naganeupseong/Resource/Textures/Door/T_Door01g_BC.png
KEEP_REFERENCED	1696364	1.618	Assets/Naganeupseong/Resource/Textures/Chimney/T_Chimney01a_BC.png
KEEP_REFERENCED	1687022	1.609	Assets/Naganeupseong/Resource/Textures/Wall/T_Wall01c_01_R.png
KEEP_REFERENCED	1684225	1.606	Assets/Naganeupseong/Resource/Textures/Door/T_Door01e_BC.png
KEEP_REFERENCED	1675328	1.598	Assets/Animations/Samurai_Katana/Basic/Sprint.FBX
KEEP_REFERENCED	1645482	1.569	Assets/Naganeupseong/Resource/Textures/Door/T_Door01j_BC.png
KEEP_REFERENCED	1633419	1.558	Assets/Naganeupseong/Resource/Textures/Door/T_Door01d_02_BC.png
KEEP_REFERENCED	1632203	1.557	Assets/Naganeupseong/Resource/Textures/Window/T_Window01d_BC.png
KEEP_REFERENCED	1618525	1.544	Assets/Naganeupseong/Resource/Textures/Door/T_Door01c_BC.png
KEEP_REFERENCED	1567002	1.494	Assets/Naganeupseong/Resource/Textures/Prop/T_Wood_Burning_Stove01b_N.png
KEEP_REFERENCED	1561566	1.489	Assets/Naganeupseong/Resource/Textures/Door/T_Door01d_01_BC.png
KEEP_REFERENCED	1557341	1.485	Assets/Naganeupseong/Resource/Textures/Door/T_Door01f_02_BC.png
KEEP_REFERENCED	1551570	1.480	Assets/Naganeupseong/Resource/Textures/Pillar/T_Pillar02a_BC.png
KEEP_REFERENCED	1546628	1.475	Assets/TemplesKor/Textures/T_Sun_Pal_Step/T_Sun_Pal_Step_BC.png
KEEP_REFERENCED	1491764	1.423	Assets/Naganeupseong/Resource/Textures/Pillar/T_Pillar01a_BC.png
KEEP_REFERENCED	1488508	1.420	Assets/Naganeupseong/Resource/Textures/Door/T_Door01f_02_N.png
KEEP_REFERENCED	1458871	1.391	Assets/TemplesKor/Textures/T_Sun_Pal_Pillar_A/T_Sun_Pal_Pillar_A_BC.png
KEEP_REFERENCED	1447929	1.381	Assets/Naganeupseong/Resource/Textures/Window/T_Window01h_BC.png
KEEP_REFERENCED	1442083	1.375	Assets/Procedural Worlds/Packages - Install/Asset Samples/Procedural Worlds/Content Resources/PW_Stone_01/PW_Stone_01_M.png
KEEP_REFERENCED	1396638	1.332	Assets/Gaia User Data/Stamps/2K Moon/Moon 06.exr
KEEP_REFERENCED	1363709	1.301	Assets/Naganeupseong/Resource/Textures/Prop/T_Wood_Burning_Stove03b_N.png
KEEP_REFERENCED	1321428	1.260	Assets/Naganeupseong/Resource/Textures/Door/T_Door01a_BC.png
KEEP_REFERENCED	1309763	1.249	Assets/Naganeupseong/Resource/Textures/Window/T_Window01i_BC.png
KEEP_REFERENCED	1301236	1.241	Assets/Naganeupseong/Resource/Textures/Closet/T_Closet01a_BC.png
KEEP_REFERENCED	1280261	1.221	Assets/Naganeupseong/Resource/Textures/Window/T_Window01d_N.png
KEEP_REFERENCED	1267316	1.209	Assets/TemplesKor/Textures/T_Sun_Pal_Sign/T_Sun_Pal_Sign_BC.png
KEEP_REFERENCED	1262858	1.204	Assets/Naganeupseong/Resource/Textures/Roof/T_Roof01a_02_AO.png
KEEP_REFERENCED	1256662	1.198	Assets/Naganeupseong/Resource/Textures/Prop/T_Wood_Burning_Stove02b_N.png
KEEP_REFERENCED	1248128	1.190	Assets/Naganeupseong/Resource/Textures/Door/T_Door01a_N.png
KEEP_REFERENCED	1236858	1.180	Assets/Naganeupseong/Resource/Textures/Window/T_Window01i_N.png
KEEP_REFERENCED	1232409	1.175	Assets/Naganeupseong/Resource/Textures/Prop/T_Jar01a_BC.png
KEEP_REFERENCED	1222290	1.166	Assets/TemplesKor/Textures/T_Sun_Pal_Pillar_B/T_Sun_Pal_Pillar_B_BC.png
KEEP_REFERENCED	1193220	1.138	Assets/Naganeupseong/Resource/Textures/Closet/T_Closet01a_N.png
KEEP_REFERENCED	1186421	1.131	Assets/Naganeupseong/Resource/Textures/Prop/T_Jar01b_BC.png
KEEP_REFERENCED	1128155	1.076	Assets/Naganeupseong/Resource/Textures/Prop/T_Mat_BC.png
KEEP_REFERENCED	1050673	1.002	Assets/Naganeupseong/Resource/Textures/Ground/T_Ground02a_AO.png
KEEP_REFERENCED	1021056	0.974	Assets/Naganeupseong/Resource/Textures/Prop/T_Wood_Burning_Stove01b_BC.png
KEEP_REFERENCED	992959	0.947	Assets/Naganeupseong/Resource/Textures/Window/T_Window01h_R.png
KEEP_REFERENCED	980170	0.935	Assets/Textures/Player/T_Man04_Mouth_C.png
KEEP_REFERENCED	975007	0.930	Assets/Naganeupseong/Resource/Textures/Prop/T_Wood_Burning_Stove03b_BC.png
KEEP_REFERENCED	871410	0.831	Assets/Naganeupseong/Resource/Textures/Prop/T_Wood_Burning_Stove02b_BC.png
KEEP_REFERENCED	776492	0.741	Assets/Naganeupseong/Resource/Textures/Door/T_Door01j_R.png
KEEP_REFERENCED	775617	0.740	Assets/Naganeupseong/Resource/Textures/Closet/T_Closet01a_R.png
KEEP_REFERENCED	760669	0.725	Assets/Naganeupseong/Resource/Textures/Door/T_Door01c_N.png
KEEP_REFERENCED	757336	0.722	Assets/Textures/T_Hwando_M.png
KEEP_REFERENCED	683205	0.652	Assets/Naganeupseong/Resource/Textures/Prop/T_Mat_R.png
KEEP_REFERENCED	671645	0.641	Assets/Naganeupseong/Resource/Textures/Pillar/T_Pillar01a_R.png
KEEP_REFERENCED	666286	0.635	Assets/Naganeupseong/Resource/Textures/Prop/T_Jar01b_R.png
KEEP_REFERENCED	640983	0.611	Assets/Naganeupseong/Resource/Textures/Pillar/T_Pillar02a_R.png
KEEP_REFERENCED	640826	0.611	Assets/Naganeupseong/Resource/Textures/Door/T_Door01i_AO.png
KEEP_REFERENCED	634348	0.605	Assets/Procedural Worlds/Packages - Install/Asset Samples/Procedural Worlds/Content Resources/PW_Stone_01/PW_Stone_01.fbx
KEEP_REFERENCED	619922	0.591	Assets/Naganeupseong/Resource/Textures/Door/T_Door01a_R.png
KEEP_REFERENCED	607831	0.580	Assets/Textures/Player/T_Man04_Body_M.png
KEEP_REFERENCED	604879	0.577	Assets/Naganeupseong/Resource/Textures/Prop/T_Jar01a_R.png
KEEP_REFERENCED	592170	0.565	Assets/Naganeupseong/Resource/Textures/Window/T_Window01f_R.png
KEEP_REFERENCED	580562	0.554	Assets/Naganeupseong/Resource/Textures/Pillar/T_Pillar01e_N.png
KEEP_REFERENCED	570631	0.544	Assets/Naganeupseong/Resource/Textures/Floor/T_Floor01b_AO.png
KEEP_REFERENCED	561285	0.535	Assets/Procedural Worlds/Packages - Install/Asset Samples/Procedural Worlds/Content Resources/PW_Tree_Spruce_05/PW_Tree_Ending_D.png
KEEP_REFERENCED	560368	0.534	Assets/Naganeupseong/Resource/Meshes/Roof/SM_Roof05a.fbx
KEEP_REFERENCED	532833	0.508	Assets/Naganeupseong/Resource/Textures/Door/T_Door01d_02_N.png
KEEP_REFERENCED	511275	0.488	Assets/TemplesKor/Textures/T_Sun_Pal_Dori/T_Sun_Pal_Dori_A_BC.png
KEEP_REFERENCED	508823	0.485	Assets/Naganeupseong/Resource/Textures/Door/T_Door01d_01_N.png
KEEP_REFERENCED	499868	0.477	Assets/Naganeupseong/Resource/Textures/Prop/T_Wood_Burning_Stove01b_R.png
KEEP_REFERENCED	496073	0.473	Assets/Naganeupseong/Resource/Textures/Door/T_Door01f_01_R.png
KEEP_REFERENCED	494692	0.472	Assets/Naganeupseong/Resource/Textures/Prop/T_Jar01c_N.png
KEEP_REFERENCED	492873	0.470	Assets/Naganeupseong/Resource/Textures/Door/T_Door01e_R.png
KEEP_REFERENCED	488475	0.466	Assets/Naganeupseong/Resource/Textures/Prop/T_Water_Jar_N.png
KEEP_REFERENCED	480468	0.458	Assets/Naganeupseong/Resource/Textures/Door/T_Door01e_AO.png
KEEP_REFERENCED	473782	0.452	Assets/Procedural Worlds/Packages - Install/Asset Samples/Biomes/Gaia Pro Sample/Gaia Pro Sample-Small Farms.asset
KEEP_REFERENCED	468020	0.446	Assets/Naganeupseong/Resource/Textures/Prop/T_Wood_Burning_Stove03b_R.png
KEEP_REFERENCED	464360	0.443	Assets/Naganeupseong/Resource/Textures/Door/T_Door01b_02_R.png
KEEP_REFERENCED	454159	0.433	Assets/Procedural Worlds/Packages - Install/Asset Samples/Biomes/Towns/Small Farms Spawner.asset
KEEP_REFERENCED	440275	0.420	Assets/Naganeupseong/Resource/Textures/Door/T_Door01b_01_R.png
KEEP_REFERENCED	440078	0.420	Assets/Naganeupseong/Resource/Textures/Door/T_Door01f_01_AO.png
KEEP_REFERENCED	439848	0.419	Assets/Naganeupseong/Resource/Textures/Door/T_Door01c_R.png
KEEP_REFERENCED	435880	0.416	Assets/Naganeupseong/Resource/Textures/Door/T_Door01f_02_AO.png
KEEP_REFERENCED	433994	0.414	Assets/Naganeupseong/Resource/Textures/Window/T_Window01d_R.png
KEEP_REFERENCED	432324	0.412	Assets/Naganeupseong/Resource/Textures/Prop/T_Wood_Burning_Stove02b_R.png
KEEP_REFERENCED	428854	0.409	Assets/Naganeupseong/Resource/Textures/Stair/T_Stair01a_BC.png
KEEP_REFERENCED	428798	0.409	Assets/Naganeupseong/Resource/Textures/Window/T_Window01f_AO.png
KEEP_REFERENCED	416073	0.397	Assets/Procedural Worlds/Packages - Install/Gaia/Shaders/PW General/PW_Details_Foliage_URP.shadergraph
KEEP_REFERENCED	416063	0.397	Assets/TemplesKor/Textures/T_Sun_Bul_Stone_BC.png
KEEP_REFERENCED	403397	0.385	Assets/Naganeupseong/Prefabs/Build/Local_Clerks_House_01.prefab
KEEP_REFERENCED	402161	0.384	Assets/Naganeupseong/Resource/Textures/Stair/T_Stair01a_N.png
KEEP_REFERENCED	399837	0.381	Assets/Naganeupseong/Resource/Textures/Prop/T_Basin01a_N.png
KEEP_REFERENCED	393476	0.375	Assets/Naganeupseong/Prefabs/Build/L_Shaped_House_01.prefab
KEEP_REFERENCED	390101	0.372	Assets/Naganeupseong/Resource/Textures/Window/T_Window01d_AO.png
KEEP_REFERENCED	377600	0.360	Assets/Naganeupseong/Resource/Textures/Door/T_Door02i_N.png
KEEP_REFERENCED	371295	0.354	Assets/Naganeupseong/Resource/Textures/Chimney/T_Chimney01a_R.png
KEEP_REFERENCED	369844	0.353	Assets/Naganeupseong/Resource/Textures/Door/T_Door01b_02_AO.png
KEEP_REFERENCED	366007	0.349	Assets/Naganeupseong/Resource/Textures/Door/T_Door01f_02_R.png
KEEP_REFERENCED	358957	0.342	Assets/Naganeupseong/Resource/Textures/Window/T_Window01i_AO.png
KEEP_REFERENCED	358104	0.342	Assets/Naganeupseong/Resource/Textures/Door/T_Door01b_01_AO.png
KEEP_REFERENCED	346094	0.330	Assets/Naganeupseong/Resource/Textures/Prop/T_Jar01c_BC.png
KEEP_REFERENCED	344996	0.329	Assets/Naganeupseong/Resource/Textures/Door/T_Door01d_02_R.png
KEEP_REFERENCED	342341	0.326	Assets/Naganeupseong/Resource/Textures/Door/T_Door02i_BC.png
KEEP_REFERENCED	330877	0.316	Assets/Naganeupseong/Resource/Textures/Door/T_Door01c_AO.png
KEEP_REFERENCED	330485	0.315	Assets/Procedural Worlds/Packages - Install/Asset Samples/Biomes/Gaia Pro Sample/Gaia Pro Sample-Medium Farms.asset
KEEP_REFERENCED	328570	0.313	Assets/Naganeupseong/Resource/Textures/Prop/T_Jar01a_AO.png
KEEP_REFERENCED	326971	0.312	Assets/Procedural Worlds/Packages - Install/Gaia/Shaders/PW General/PW_General_ShaderGraph_URP.shadergraph
KEEP_REFERENCED	323639	0.309	Assets/Naganeupseong/Resource/Textures/Window/T_Window01i_R.png
KEEP_REFERENCED	321422	0.307	Assets/Naganeupseong/Resource/Textures/Door/T_Door01d_02_AO.png
KEEP_REFERENCED	319421	0.305	Assets/Naganeupseong/Resource/Textures/Pillar/T_Pillar01e_BC.png
KEEP_REFERENCED	317572	0.303	Assets/Naganeupseong/Resource/Textures/Door/T_Door01g_AO.png
KEEP_REFERENCED	315292	0.301	Assets/Procedural Worlds/Packages - Install/Asset Samples/Biomes/Towns/Medium Farms Spawner.asset
KEEP_REFERENCED	314925	0.300	Assets/Naganeupseong/Resource/Textures/Door/T_Door01d_01_R.png
KEEP_REFERENCED	314834	0.300	Assets/Naganeupseong/Prefabs/Build/House_By_The_West_Gate_01.prefab
KEEP_REFERENCED	313568	0.299	Assets/Procedural Worlds/Packages - Install/Asset Samples/Procedural Worlds/Content Resources/VariationMap_Sampled.exr
KEEP_REFERENCED	312566	0.298	Assets/Naganeupseong/Resource/Textures/Prop/T_Basin01a_BC.png
KEEP_REFERENCED	311810	0.297	Assets/Naganeupseong/Resource/Textures/Prop/T_Water_Jar_BC.png
KEEP_REFERENCED	303056	0.289	Assets/Naganeupseong/Resource/Meshes/Door/SM_Door01i_02.fbx
KEEP_REFERENCED	293009	0.279	Assets/Naganeupseong/Resource/Textures/Door/T_Door01d_01_AO.png
KEEP_REFERENCED	291360	0.278	Assets/Naganeupseong/Resource/Meshes/Ground/SM_Ground02a.fbx
KEEP_REFERENCED	290352	0.277	Assets/Naganeupseong/Resource/Meshes/Roof/SM_Roof01a.fbx
KEEP_REFERENCED	273601	0.261	Assets/Naganeupseong/Resource/Textures/Door/T_Door01i_R.png
KEEP_REFERENCED	261278	0.249	Assets/Naganeupseong/Resource/Textures/Door/T_Door01a_AO.png
KEEP_REFERENCED	256378	0.245	Assets/Naganeupseong/Resource/Textures/Door/T_Door01h_02_AO.png
KEEP_REFERENCED	249728	0.238	Assets/Naganeupseong/Resource/Meshes/Roof/SM_Roof03a.fbx
KEEP_REFERENCED	249686	0.238	Assets/Naganeupseong/Resource/Textures/Window/T_Window01h_AO.png
KEEP_REFERENCED	246336	0.235	Assets/Naganeupseong/Resource/Meshes/Wall/SM_Wall01c.fbx
KEEP_REFERENCED	242900	0.232	Assets/Naganeupseong/Resource/Textures/Door/T_Door01h_01_R.png
KEEP_REFERENCED	242784	0.232	Assets/Naganeupseong/Resource/Meshes/Roof/SM_Roof04a.fbx
KEEP_REFERENCED	234336	0.223	Assets/Naganeupseong/Resource/Meshes/Roof/SM_Roof06a.fbx
KEEP_REFERENCED	232570	0.222	Assets/Naganeupseong/Resource/Textures/Floor/T_Floor01d_AO.png
KEEP_REFERENCED	232527	0.222	Assets/Naganeupseong/Resource/Textures/Door/T_Door01h_01_AO.png
KEEP_REFERENCED	227970	0.217	Assets/Naganeupseong/Resource/Textures/Pillar/T_Pillar01a_AO.png
KEEP_REFERENCED	227616	0.217	Assets/Procedural Worlds/Packages - Install/Asset Samples - Synty Studios/Models/SM_POLYGON_Bld_House_01_Synty.fbx
KEEP_REFERENCED	218377	0.208	Assets/Naganeupseong/Prefabs/Build/House_With_Calling_Windows_02.prefab
KEEP_REFERENCED	216578	0.207	Assets/Naganeupseong/Resource/Textures/Door/T_Door01g_R.png
KEEP_REFERENCED	212013	0.202	Assets/Naganeupseong/Prefabs/Build/Wooden_Bench_House_01.prefab
KEEP_REFERENCED	211811	0.202	Assets/Procedural Worlds/Packages - Install/Asset Samples - Synty Studios/Biome/Spawners/Synty Detail Spawner.asset
KEEP_REFERENCED	211750	0.202	Assets/Naganeupseong/Resource/Textures/Prop/T_Wood_Burning_Stove01b_AO.png
KEEP_REFERENCED	207963	0.198	Assets/Procedural Worlds/Packages - Install/Gaia/Shaders/PW General/SubGraphs/PW_Cover.shadersubgraph
KEEP_REFERENCED	198998	0.190	Assets/Naganeupseong/Resource/Textures/Pillar/T_Pillar01e_R.png
KEEP_REFERENCED	194800	0.186	Assets/Naganeupseong/Resource/Meshes/Door/SM_Door02i.fbx
KEEP_REFERENCED	194669	0.186	Assets/Naganeupseong/Resource/Textures/Wall/T_Wall01c_02_A.png
KEEP_REFERENCED	188584	0.180	Assets/Naganeupseong/Prefabs/Build/Bamboo_Rafter_House_01.prefab
KEEP_REFERENCED	188469	0.180	Assets/Naganeupseong/Resource/Textures/Prop/T_Basin01a_R.png
KEEP_REFERENCED	185728	0.177	Assets/Naganeupseong/Resource/Meshes/Wall/SM_Wall07b.fbx
KEEP_REFERENCED	182496	0.174	Assets/Naganeupseong/Resource/Meshes/Wall/SM_Wall02b.fbx
KEEP_REFERENCED	182074	0.174	Assets/Naganeupseong/Resource/Textures/Prop/T_Jar01b_AO.png
KEEP_REFERENCED	179936	0.172	Assets/Naganeupseong/Resource/Meshes/Wall/SM_Wall01b.fbx
KEEP_REFERENCED	179360	0.171	Assets/Naganeupseong/Resource/Meshes/Wall/SM_Wall08b.fbx
KEEP_REFERENCED	172371	0.164	Assets/Naganeupseong/Resource/Textures/Chimney/T_Chimney01a_AO.png
KEEP_REFERENCED	171060	0.163	Assets/Naganeupseong/Resource/Textures/Door/T_Door01h_02_R.png
KEEP_REFERENCED	169808	0.162	Assets/Naganeupseong/Resource/Meshes/Wall/SM_Wall06b.fbx
KEEP_REFERENCED	169424	0.162	Assets/Naganeupseong/Resource/Meshes/Window/SM_Window01i.fbx
KEEP_REFERENCED	168719	0.161	Assets/Naganeupseong/Resource/Textures/Floor/T_Floor01a_N.png
KEEP_REFERENCED	158864	0.152	Assets/Naganeupseong/Resource/Meshes/Ground/SM_Ground03a.fbx
KEEP_REFERENCED	158653	0.151	Assets/Naganeupseong/Resource/Textures/Pillar/T_Pillar02a_AO.png
KEEP_REFERENCED	158464	0.151	Assets/Naganeupseong/Resource/Meshes/Door/SM_Door01c.fbx
KEEP_REFERENCED	154324	0.147	Assets/Naganeupseong/Shaders/PBR_Roof.shader
KEEP_REFERENCED	154320	0.147	Assets/Naganeupseong/Shaders/PBR_Shaders.shader
KEEP_REFERENCED	152752	0.146	Assets/Procedural Worlds/Packages - Install/Gaia/Shaders/PW General/SubGraphs/PW_MainOptions.shadersubgraph
KEEP_REFERENCED	150831	0.144	Assets/Procedural Worlds/Packages - Install/Asset Samples/Biomes/Gaia Pro Sample/Gaia Pro Sample-Large Farms.asset
KEEP_REFERENCED	150320	0.143	Assets/Naganeupseong/Resource/Meshes/Door/SM_Door01e.fbx
KEEP_REFERENCED	147143	0.140	Assets/Naganeupseong/Resource/Textures/Prop/T_Water_Jar_R.png
KEEP_REFERENCED	144844	0.138	Assets/Naganeupseong/Resource/Textures/Prop/T_Jar01c_R.png
KEEP_REFERENCED	144752	0.138	Assets/Naganeupseong/Resource/Meshes/Door/SM_Door01g.fbx
KEEP_REFERENCED	144662	0.138	Assets/Procedural Worlds/Packages - Install/Asset Samples/Biomes/Towns/Large Village Spawner.asset
KEEP_REFERENCED	142409	0.136	Assets/Naganeupseong/Resource/Textures/Door/T_Door01i_MT.png
KEEP_REFERENCED	132507	0.126	Assets/Naganeupseong/Resource/Textures/Roof/T_Roof01a_01_A.png
KEEP_REFERENCED	119218	0.114	Assets/Naganeupseong/Resource/Textures/Stair/T_Stone_Steps01a_N.png
KEEP_REFERENCED	118972	0.113	Assets/Naganeupseong/Resource/Textures/Stair/T_Stair01a_R.png
KEEP_REFERENCED	117651	0.112	Assets/Procedural Worlds/Packages - Install/Asset Samples/Procedural Worlds/Content Resources/PW_Tree_Spruce_05/PW_Tree_Ending_M.png
KEEP_REFERENCED	115760	0.110	Assets/Naganeupseong/Resource/Meshes/Door/SM_Door01a.fbx
KEEP_REFERENCED	114400	0.109	Assets/Naganeupseong/Resource/Meshes/Closet/SM_Closet01a.fbx
KEEP_REFERENCED	112269	0.107	Assets/Naganeupseong/Resource/Textures/Door/T_Door01a_MT.png
KEEP_REFERENCED	111840	0.107	Assets/Naganeupseong/Resource/Meshes/Door/SM_Door01f_02.fbx
KEEP_REFERENCED	111336	0.106	Assets/Naganeupseong/Prefabs/Build/House_By_The_West_Gate_03.prefab
KEEP_REFERENCED	110074	0.105	Assets/Naganeupseong/Resource/Textures/Stair/T_Stone_Steps01a_BC.png
KEEP_REFERENCED	110031	0.105	Assets/Naganeupseong/Resource/Textures/Floor/T_Floor01a_AO.png
KEEP_REFERENCED	109708	0.105	Assets/Naganeupseong/Resource/Meshes/Wall/SM_Wall03b.fbx
KEEP_REFERENCED	106320	0.101	Assets/Naganeupseong/Resource/Meshes/Door/SM_Door01b_02.fbx
KEEP_REFERENCED	106199	0.101	Assets/Naganeupseong/Resource/Textures/Door/T_Door02i_AO.png
KEEP_REFERENCED	104592	0.100	Assets/Naganeupseong/Resource/Meshes/Door/SM_Door01d_02.fbx
KEEP_REFERENCED	103083	0.098	Assets/Procedural Worlds/Packages - Install/Asset Samples - Synty Studios/Biome/Spawners/Synty Tree Spawner.asset
KEEP_REFERENCED	100728	0.096	Assets/Procedural Worlds/Packages - Install/Gaia/Scripts/Core/Multi Terrain System/TerrainLoaderManager.cs
KEEP_REFERENCED	100640	0.096	Assets/Naganeupseong/Resource/Meshes/Door/SM_Door01h_02.fbx
KEEP_REFERENCED	99663	0.095	Assets/Naganeupseong/Prefabs/Build/Smithy.prefab
KEEP_REFERENCED	98468	0.094	Assets/Procedural Worlds/Packages - Install/Asset Samples/Procedural Worlds/Content Resources/PW_Tree_Spruce_05/PW_Tree_Ending_N.png
KEEP_REFERENCED	97648	0.093	Assets/Naganeupseong/Resource/Meshes/Prop/Exterior/SM_Jar01c.fbx
KEEP_REFERENCED	92142	0.088	Assets/Meshs/Hwando_4.mesh
KEEP_REFERENCED	91232	0.087	Assets/Naganeupseong/Resource/Meshes/Prop/Exterior/SM_Jar01b.fbx
KEEP_REFERENCED	91184	0.087	Assets/Naganeupseong/Resource/Meshes/Prop/Exterior/SM_Jar01a.fbx
KEEP_REFERENCED	89816	0.086	Assets/Naganeupseong/Resource/Textures/Door/T_Door01g_M.png
KEEP_REFERENCED	88003	0.084	Assets/Naganeupseong/Resource/Textures/Window/T_Window01f_MT.png
KEEP_REFERENCED	87343	0.083	Assets/Naganeupseong/Resource/Textures/Closet/T_Closet01a_AO.png
KEEP_REFERENCED	87024	0.083	Assets/Naganeupseong/Resource/Meshes/Prop/Exterior/SM_Basin01a.fbx
KEEP_REFERENCED	86539	0.083	Assets/Naganeupseong/Resource/Textures/Stair/T_Stair01a_AO.png
KEEP_REFERENCED	84240	0.080	Assets/Naganeupseong/Resource/Meshes/Prop/Exterior/SM_Low_Wooden_Bench.fbx
KEEP_REFERENCED	82928	0.079	Assets/Naganeupseong/Resource/Meshes/Door/SM_Door01f_01.fbx
KEEP_REFERENCED	82730	0.079	Assets/Procedural Worlds/Packages - Install/Asset Samples - Synty Studios/TerrainTextures/POLYGON_Ground_Normal.png
KEEP_REFERENCED	80231	0.077	Assets/Naganeupseong/Resource/Textures/Prop/T_Water_Jar_AO.png
KEEP_REFERENCED	79309	0.076	Assets/Textures/Player/T_Soldiers_02_M.png
KEEP_REFERENCED	76624	0.073	Assets/Naganeupseong/Resource/Meshes/Door/SM_Door01b_01.fbx
KEEP_REFERENCED	76016	0.072	Assets/Naganeupseong/Resource/Meshes/Door/SM_Door01i_01.fbx
KEEP_REFERENCED	75666	0.072	Assets/Naganeupseong/Resource/Textures/Window/T_Window01i_MT.png
KEEP_REFERENCED	75296	0.072	Assets/Naganeupseong/Resource/Meshes/Window/SM_Window01f.fbx
KEEP_REFERENCED	74521	0.071	Assets/Naganeupseong/Resource/Textures/Door/T_Door01d_02_MT.png
KEEP_REFERENCED	72272	0.069	Assets/Naganeupseong/Resource/Meshes/Window/SM_Window01d.fbx
KEEP_REFERENCED	71952	0.069	Assets/Naganeupseong/Resource/Meshes/Door/SM_Door01h_01.fbx
KEEP_REFERENCED	71200	0.068	Assets/Naganeupseong/Resource/Meshes/Door/SM_Door01d_01.fbx
KEEP_REFERENCED	70272	0.067	Assets/Naganeupseong/Resource/Meshes/Window/SM_Window01h.fbx
KEEP_REFERENCED	68609	0.065	Assets/Naganeupseong/Resource/Textures/Door/T_Door01c_MT.png
KEEP_REFERENCED	65042	0.062	Assets/Naganeupseong/Resource/Textures/Door/T_Door01f_01_MT.png
KEEP_REFERENCED	64664	0.062	Assets/Naganeupseong/Resource/Textures/Prop/T_Jar01c_AO.png
KEEP_REFERENCED	64631	0.062	Assets/Naganeupseong/Resource/Textures/Window/T_Window01h_MT.png
KEEP_REFERENCED	64014	0.061	Assets/Naganeupseong/Resource/Textures/Door/T_Door01f_02_MT.png
KEEP_REFERENCED	63896	0.061	Assets/Naganeupseong/Prefabs/Build/Local_Personnel_Clerks_House_04.prefab
KEEP_REFERENCED	62519	0.060	Assets/Naganeupseong/Resource/Textures/Window/T_Window01d_MT.png
KEEP_REFERENCED	61925	0.059	Assets/Naganeupseong/Resource/Textures/Door/T_Door01e_MT.png
KEEP_REFERENCED	60994	0.058	Assets/Naganeupseong/Resource/Textures/Pillar/T_Pillar01e_AO.png
KEEP_REFERENCED	60256	0.057	Assets/Naganeupseong/Resource/Meshes/Chimney/SM_Chimney01a.fbx
KEEP_REFERENCED	59797	0.057	Assets/Animations/PlayerAnimator.controller
KEEP_REFERENCED	58289	0.056	Assets/Scenes/mainscene.unity
KEEP_REFERENCED	58215	0.056	Assets/Naganeupseong/Resource/Textures/Door/T_Door01h_02_MT.png
KEEP_REFERENCED	53696	0.051	Assets/Naganeupseong/Resource/Meshes/Window/SM_Window02a.fbx
KEEP_REFERENCED	53232	0.051	Assets/Procedural Worlds/Packages - Install/Asset Samples - Synty Studios/Models/SM_POLYGON_Tree_02_Synty.fbx
KEEP_REFERENCED	52255	0.050	Assets/Naganeupseong/Resource/Textures/Door/T_Door01d_01_MT.png
KEEP_REFERENCED	52128	0.050	Assets/Procedural Worlds/Packages - Install/Asset Samples - Synty Studios/Models/SM_POLYGON_Bld_Village_01_Synty.fbx
KEEP_REFERENCED	50331	0.048	Assets/Naganeupseong/Prefabs/Build/Ox_Mill.prefab
KEEP_REFERENCED	49916	0.048	Assets/Procedural Worlds/Packages - Install/Gaia/Shaders/PW General/SubGraphs/PW_AddLighting.shadersubgraph
KEEP_REFERENCED	49217	0.047	Assets/Naganeupseong/Resource/Textures/Door/T_Door01b_01_MT.png
KEEP_REFERENCED	46944	0.045	Assets/Naganeupseong/Resource/Meshes/Window/SM_Window01b.fbx
KEEP_REFERENCED	44264	0.042	Assets/Naganeupseong/Resource/Textures/Door/T_Door01b_02_MT.png
KEEP_REFERENCED	42870	0.041	Assets/Naganeupseong/Resource/Textures/Prop/T_Wood_Burning_Stove03b_AO.png
KEEP_REFERENCED	41985	0.040	Assets/Naganeupseong/Resource/Textures/Door/T_Door01h_01_MT.png
KEEP_REFERENCED	40272	0.038	Assets/Naganeupseong/Resource/Meshes/Pillar/SM_Pillar01e.fbx
KEEP_REFERENCED	40272	0.038	Assets/Procedural Worlds/Packages - Install/Asset Samples - Synty Studios/Models/SM_POLYGON_Flower_01_Synty.fbx
KEEP_REFERENCED	40208	0.038	Assets/Naganeupseong/Resource/Meshes/Wall/SM_Wall21a.fbx
KEEP_REFERENCED	39344	0.038	Assets/Procedural Worlds/Packages - Install/Asset Samples - Synty Studios/Models/SM_POLYGON_Tree_01_Synty.fbx
KEEP_REFERENCED	39335	0.038	Assets/Procedural Worlds/Packages - Install/Asset Samples/Biomes/Gaia Pro Sample/Gaia Pro Sample-Texture.asset
KEEP_REFERENCED	38304	0.037	Assets/Naganeupseong/Resource/Meshes/Floor/SM_Floor01d.fbx
KEEP_REFERENCED	37904	0.036	Assets/TemplesKor/Meshes/SM_Sun_Pal_Stone_B.fbx
KEEP_REFERENCED	37681	0.036	Assets/Procedural Worlds/Packages - Install/Gaia/Shaders/PW General/PW_DitherFade.shadersubgraph
KEEP_REFERENCED	37524	0.036	Assets/Naganeupseong/Resource/Textures/Stair/T_Stone_Steps01a_R.png
KEEP_REFERENCED	37264	0.036	Assets/Naganeupseong/Resource/Meshes/Wall/SM_Wall20a.fbx
KEEP_REFERENCED	35680	0.034	Assets/Naganeupseong/Resource/Meshes/Pillar/SM_Pillar02a.fbx
KEEP_REFERENCED	35552	0.034	Assets/Naganeupseong/Resource/Meshes/Floor/SM_Floor01c.fbx
KEEP_REFERENCED	35472	0.034	Assets/Naganeupseong/Resource/Meshes/Pillar/SM_Pillar01a.fbx
KEEP_REFERENCED	35073	0.033	Assets/Procedural Worlds/Packages - Install/Asset Samples/Biomes/Gaia Pro Sample/Gaia Pro Sample-Rock.asset
KEEP_REFERENCED	35024	0.033	Assets/TemplesKor/Meshes/SM_Sun_Bul_Stone_I.fbx
KEEP_REFERENCED	35024	0.033	Assets/TemplesKor/Meshes/SM_Sun_Bul_Stone_D.fbx
KEEP_REFERENCED	34944	0.033	Assets/TemplesKor/Meshes/SM_Sun_Bul_Stone_H.fbx
KEEP_REFERENCED	34640	0.033	Assets/Naganeupseong/Resource/Meshes/Wall/SM_Wall17a.fbx
KEEP_REFERENCED	34240	0.033	Assets/InputActions/InputActions.inputactions
KEEP_REFERENCED	34030	0.032	Assets/Procedural Worlds/Packages - Install/Gaia/Shaders/PW General/SubGraphs/PW_UnPackNormalStrength.shadersubgraph
KEEP_REFERENCED	33888	0.032	Assets/Naganeupseong/Resource/Meshes/Wall/SM_Wall18a.fbx
KEEP_REFERENCED	33845	0.032	Assets/JoseonSoul/FirstVillageTempleGraybox/T_MountainRock.asset
KEEP_REFERENCED	33844	0.032	Assets/JoseonSoul/FirstVillageTempleGraybox/T_ForestGrass.asset
KEEP_REFERENCED	33844	0.032	Assets/JoseonSoul/FirstVillageTempleGraybox/T_ForestEarth.asset
KEEP_REFERENCED	33712	0.032	Assets/Naganeupseong/Resource/Meshes/Wall/SM_Wall23a.fbx
KEEP_REFERENCED	33676	0.032	Assets/Procedural Worlds/Packages - Install/Asset Samples/Procedural Worlds/Content Resources/Terrain Details/PW_WildGrass_General_Lod1 Sample.fbx
KEEP_REFERENCED	33472	0.032	Assets/Naganeupseong/Resource/Meshes/Wall/SM_Wall13a.fbx
KEEP_REFERENCED	33325	0.032	Assets/Procedural Worlds/Packages - Install/Asset Samples - Synty Studios/Biome/Spawners/Synty Texture Spawner.asset
KEEP_REFERENCED	32944	0.031	Assets/Naganeupseong/Resource/Meshes/Wall/SM_Wall08a.fbx
KEEP_REFERENCED	32864	0.031	Assets/Naganeupseong/Resource/Meshes/Wall/SM_Wall12a.fbx
KEEP_REFERENCED	32864	0.031	Assets/Naganeupseong/Resource/Meshes/Wall/SM_Wall15a.fbx
KEEP_REFERENCED	32816	0.031	Assets/Naganeupseong/Resource/Meshes/Wall/SM_Wall06a.fbx
KEEP_REFERENCED	32736	0.031	Assets/Naganeupseong/Resource/Meshes/Wall/SM_Wall09a.fbx
KEEP_REFERENCED	32448	0.031	Assets/Naganeupseong/Resource/Meshes/Wall/SM_Wall07a.fbx
KEEP_REFERENCED	32368	0.031	Assets/Naganeupseong/Resource/Meshes/Floor/SM_Floor01b.fbx
KEEP_REFERENCED	32224	0.031	Assets/Naganeupseong/Resource/Meshes/Wall/SM_Wall03a.fbx
KEEP_REFERENCED	32224	0.031	Assets/Naganeupseong/Resource/Meshes/Wall/SM_Wall16a.fbx
KEEP_REFERENCED	32176	0.031	Assets/Naganeupseong/Resource/Meshes/Ground/SM_Ground01a.fbx
KEEP_REFERENCED	32166	0.031	Assets/Procedural Worlds/Packages - Install/Asset Samples/Biomes/Gaia Pro Sample/Gaia Pro Sample-Tree.asset
KEEP_REFERENCED	32016	0.031	Assets/Naganeupseong/Resource/Meshes/Wall/SM_Wall02a.fbx
KEEP_REFERENCED	31984	0.031	Assets/Naganeupseong/Resource/Meshes/Wall/SM_Wall19a.fbx
KEEP_REFERENCED	31968	0.030	Assets/Naganeupseong/Resource/Meshes/Wall/SM_Wall05a.fbx
KEEP_REFERENCED	31216	0.030	Assets/Naganeupseong/Resource/Meshes/Stair/SM_Stone_Steps01a.fbx
KEEP_REFERENCED	30911	0.029	Assets/Procedural Worlds/Packages - Install/Gaia/Editor Resources/Session Icon.png
KEEP_REFERENCED	30816	0.029	Assets/Naganeupseong/Resource/Meshes/Pillar/SM_Pillar03b.fbx
KEEP_REFERENCED	30160	0.029	Assets/Naganeupseong/Resource/Meshes/Floor/SM_Floor02b.fbx
KEEP_REFERENCED	29361	0.028	Assets/Naganeupseong/Prefabs/Build/L_Shaped_House_02.prefab
KEEP_REFERENCED	29325	0.028	Assets/Procedural Worlds/Packages - Install/Gaia/Settings/Default Terrain Generator Settings.asset
KEEP_REFERENCED	29039	0.028	Assets/Procedural Worlds/Packages - Install/Controller Support/Scripts/GRC_ControllerSupport.cs
KEEP_REFERENCED	29024	0.028	Assets/Naganeupseong/Resource/Meshes/Stair/SM_Stair01a.fbx
KEEP_REFERENCED	28816	0.027	Assets/Naganeupseong/Resource/Meshes/Pillar/SM_Pillar02b.fbx
KEEP_REFERENCED	28736	0.027	Assets/Naganeupseong/Resource/Meshes/Door/SM_Door01i_03.fbx
KEEP_REFERENCED	28688	0.027	Assets/Naganeupseong/Resource/Meshes/Wall/SM_Wall01a.fbx
KEEP_REFERENCED	28656	0.027	Assets/Naganeupseong/Resource/Meshes/Wall/SM_Wall04a.fbx
KEEP_REFERENCED	28544	0.027	Assets/Naganeupseong/Resource/Meshes/Floor/SM_Floor04a.fbx
KEEP_REFERENCED	28452	0.027	Assets/Naganeupseong/Resource/Textures/Closet/T_Closet01a_MT.png
KEEP_REFERENCED	28448	0.027	Assets/Naganeupseong/Resource/Meshes/Floor/SM_Floor02a.fbx
KEEP_REFERENCED	28336	0.027	Assets/Naganeupseong/Resource/Meshes/Floor/SM_Floor06a.fbx
KEEP_REFERENCED	28256	0.027	Assets/TemplesKor/Meshes/SM_Sun_Bul_Stone_J.fbx
KEEP_REFERENCED	28240	0.027	Assets/Naganeupseong/Resource/Meshes/Floor/SM_Floor01a.fbx
KEEP_REFERENCED	28160	0.027	Assets/Naganeupseong/Resource/Meshes/Pillar/SM_Pillar01b.fbx
KEEP_REFERENCED	28048	0.027	Assets/Naganeupseong/Resource/Meshes/Floor/SM_Floor05a.fbx
KEEP_REFERENCED	27952	0.027	Assets/Naganeupseong/Resource/Meshes/Floor/SM_Floor03a.fbx
KEEP_REFERENCED	27280	0.026	Assets/Procedural Worlds/Packages - Install/Asset Samples - Synty Studios/Models/SM_POLYGON_Rock_01_Synty.fbx
KEEP_REFERENCED	27264	0.026	Assets/Procedural Worlds/Packages - Install/Asset Samples - Synty Studios/Models/SM_POLYGON_Rocks_01_Synty.fbx
KEEP_REFERENCED	27200	0.026	Assets/Naganeupseong/Resource/Meshes/Door/SM_Door01j.fbx
KEEP_REFERENCED	27152	0.026	Assets/Procedural Worlds/Packages - Install/Asset Samples - Synty Studios/Models/SM_POLYGON_Fence_01_Synty.fbx
KEEP_REFERENCED	26336	0.025	Assets/Procedural Worlds/Packages - Install/Asset Samples - Synty Studios/Models/SM_POLYGON_Grass_01_Synty.fbx
KEEP_REFERENCED	26316	0.025	Assets/Procedural Worlds/Packages - Install/Asset Samples/Procedural Worlds/Content Resources/Terrain Details/PW_LawnGrass_CloverFlower Sample.fbx
KEEP_REFERENCED	26012	0.025	Assets/Settings/UniversalRenderPipelineGlobalSettings.asset
KEEP_REFERENCED	25643	0.024	Assets/Naganeupseong/Prefabs/Prop/Jars.prefab
KEEP_REFERENCED	25024	0.024	Assets/Procedural Worlds/Packages - Install/Asset Samples - Synty Studios/Models/SM_POLYGON_Bush_01_Synty.fbx
KEEP_REFERENCED	24969	0.024	Assets/Settings/DefaultVolumeProfile.asset
KEEP_REFERENCED	24320	0.023	Assets/Procedural Worlds/Packages - Install/Asset Samples - Synty Studios/Models/SM_POLYGON_Rock_02_Synty.fbx
KEEP_REFERENCED	23876	0.023	Assets/Procedural Worlds/Packages - Install/Asset Samples/Biomes/Gaia Pro Sample/Gaia Pro Sample-Grass.asset
KEEP_REFERENCED	23601	0.023	Assets/Naganeupseong/Resource/Textures/Prop/T_Wood_Burning_Stove02b_AO.png
KEEP_REFERENCED	22336	0.021	Assets/Procedural Worlds/Packages - Install/Gaia/Shaders/PW General/SubGraphs/PW_TilingOffset.shadersubgraph
KEEP_REFERENCED	20068	0.019	Assets/Naganeupseong/Resource/Textures/Stair/T_Stone_Steps01a_AO.png
KEEP_REFERENCED	19780	0.019	Assets/Meshs/Hwando_6.mesh
KEEP_REFERENCED	19009	0.018	Assets/Procedural Worlds/Packages - Install/Sky & Lighting Presets/Presets/URP/Morning Preset Post Processing URP.asset
KEEP_REFERENCED	18594	0.018	Assets/Meshs/Hwando_5.mesh
KEEP_REFERENCED	18365	0.018	Assets/Procedural Worlds/Packages - Install/Sky & Lighting Presets/Scripts/GRC_LightingPresets.cs
KEEP_REFERENCED	17013	0.016	Assets/Procedural Worlds/Packages - Install/Asset Samples/Procedural Worlds/Content Resources/Terrain Details/PW_Detail_WildGrass Sample.mat
KEEP_REFERENCED	16026	0.015	Assets/Procedural Worlds/Packages - Install/Unity HDRP Water/Scripts/GRC_UnityHDRPWater.cs
KEEP_REFERENCED	14940	0.014	Assets/Procedural Worlds/Packages - Install/Gaia/Editor Resources/Tree Collider Proxy.fbx
KEEP_REFERENCED	14903	0.014	Assets/Procedural Worlds/Packages - Install/Gaia/Shaders/PW General/PW_GeneralFuncs.cginc
KEEP_REFERENCED	14880	0.014	Assets/Procedural Worlds/Packages - Install/Gaia/Scripts/Core/Utils/ExportTerrainSettings.cs
KEEP_REFERENCED	14824	0.014	Assets/Procedural Worlds/Packages - Install/Asset Samples/Procedural Worlds/Content Resources/Terrain Details/PW_Detail_Lawn Sample.mat
KEEP_REFERENCED	14200	0.014	Assets/Procedural Worlds/Packages - Install/Asset Samples/Procedural Worlds/Prefabs/PW_Tree_Spruce_05.prefab
KEEP_REFERENCED	14064	0.013	Assets/Procedural Worlds/Packages - Install/Gaia/Shaders/PW General/SubGraphs/PW_CoverUVNode.shadersubgraph
KEEP_REFERENCED	13989	0.013	Assets/Naganeupseong/Resource/Textures/Door/T_Door02i_R.png
KEEP_REFERENCED	13237	0.013	Assets/Procedural Worlds/Packages - Install/Asset Samples/Procedural Worlds/Prefabs/PW_Stone_01.prefab
KEEP_REFERENCED	13169	0.013	Assets/Procedural Worlds/Packages - Install/Gaia/Scripts/Core/Runtime System/GRC_Utilities.cs
KEEP_REFERENCED	13117	0.013	Assets/Procedural Worlds/Packages - Install/Gaia/Scripts/Core/Spawning System/SpawnerSettings.cs
KEEP_REFERENCED	11466	0.011	Assets/Naganeupseong/Resource/Textures/Door/T_Door02i_MT.png
KEEP_REFERENCED	11162	0.011	Assets/Procedural Worlds/Packages - Install/Gaia/Scripts/Core/Scene Management/GaiaSceneCullingProfile.cs
KEEP_REFERENCED	10931	0.010	Assets/Procedural Worlds/Packages - Install/Asset Samples - Synty Studios/Materials/POLYGON_Texture_02.png
KEEP_REFERENCED	10511	0.010	Assets/Procedural Worlds/Packages - Install/Gaia/Shaders/PW General/SubGraphs/PW_CheckBackface.shadersubgraph
KEEP_REFERENCED	10483	0.010	Assets/Procedural Worlds/Packages - Install/Asset Samples - Synty Studios/Materials/POLYGON_Texture_01.png
KEEP_REFERENCED	10365	0.010	Assets/Prefabs/Hwando.prefab
KEEP_REFERENCED	9982	0.010	Assets/Scripts/Character/Player/CinemachineCameraBridge.cs
KEEP_REFERENCED	9597	0.009	Assets/Procedural Worlds/Packages - Install/Gaia/Scripts/Core/Spawning System/BiomePreset.cs
KEEP_REFERENCED	8895	0.008	Assets/Naganeupseong/Prefabs/Structure/Wall/Wall01c.prefab
KEEP_REFERENCED	7786	0.007	Assets/Procedural Worlds/Packages - Install/Asset Samples - Synty Studios/Materials/Texture_02_Gaia_Wind_small.mat
KEEP_REFERENCED	7783	0.007	Assets/Procedural Worlds/Packages - Install/Asset Samples - Synty Studios/Materials/Texture_01_Gaia_Wind_small.mat
KEEP_REFERENCED	7578	0.007	Assets/Procedural Worlds/Frameworks/Common5/Editor/Resources/helpBtnOnp_c5.png
KEEP_REFERENCED	7527	0.007	Assets/Procedural Worlds/Frameworks/Common5/Editor/Resources/helpBtnOn_c5.png
KEEP_REFERENCED	7504	0.007	Assets/Procedural Worlds/Packages - Install/Gaia Water/Scripts/GRC_Water.cs
KEEP_REFERENCED	7495	0.007	Assets/Procedural Worlds/Frameworks/Common5/Editor/Resources/helpBtnOff_c5.png
KEEP_REFERENCED	7476	0.007	Assets/Procedural Worlds/Frameworks/Common5/Editor/Resources/helpBtnOffp_c5.png
KEEP_REFERENCED	7253	0.007	Assets/Procedural Worlds/Packages - Install/Asset Samples/Procedural Worlds/Content Resources/PW_Tree_Spruce_05/PW_Tree_Spruce_05_Needles.mat
KEEP_REFERENCED	7216	0.007	Assets/Procedural Worlds/Packages - Install/Gaia/Shaders/PW General/SubGraphs/PW_WorldUVScale.shadersubgraph
KEEP_REFERENCED	7165	0.007	Assets/Procedural Worlds/Frameworks/Common5/Editor/Resources/pwub_builtin_13_c5.png
KEEP_REFERENCED	7163	0.007	Assets/Procedural Worlds/Packages - Install/Asset Samples/Procedural Worlds/Content Resources/PW_Tree_Spruce_05/PW_Tree_Spruce_01_05_LOD3.mat
KEEP_REFERENCED	7126	0.007	Assets/Procedural Worlds/Packages - Install/Asset Samples/Procedural Worlds/Content Resources/PW_Stone_01/PW_Stone_01.mat
KEEP_REFERENCED	7011	0.007	Assets/Procedural Worlds/Packages - Install/Asset Samples/Procedural Worlds/Content Resources/PW_Tree_Spruce_05/PW_Tree_Spruce_01_Ending.mat
KEEP_REFERENCED	7008	0.007	Assets/Procedural Worlds/Packages - Install/Asset Samples/Procedural Worlds/Content Resources/PW_Tree_Spruce_05/PW_Tree_Spruce_05_Bark.mat
KEEP_REFERENCED	6885	0.007	Assets/Procedural Worlds/Frameworks/Common5/Editor/Resources/pwub_builtin_14_c5.png
KEEP_REFERENCED	6831	0.007	Assets/Procedural Worlds/Packages - Install/Asset Samples - Synty Studios/Materials/Texture_02_Gaia_Wind_large.mat
KEEP_REFERENCED	6831	0.007	Assets/Procedural Worlds/Packages - Install/Asset Samples - Synty Studios/Materials/Texture_01_Gaia_Wind_large.mat
KEEP_REFERENCED	6831	0.007	Assets/Procedural Worlds/Packages - Install/Asset Samples - Synty Studios/Materials/Texture_02_Gaia.mat
KEEP_REFERENCED	6830	0.007	Assets/Procedural Worlds/Packages - Install/Asset Samples - Synty Studios/Materials/Texture_01_Gaia.mat
KEEP_REFERENCED	6537	0.006	Assets/Procedural Worlds/Frameworks/Common5/Editor/Resources/pwub_builtin_12_c5.png
KEEP_REFERENCED	6459	0.006	Assets/Scripts/Character/Player/CinemachineTuningPanel.cs
KEEP_REFERENCED	6446	0.006	Assets/Procedural Worlds/Packages - Install/Gaia/Scripts/Core/Session System/GaiaSession.cs
KEEP_REFERENCED	5920	0.006	Assets/Procedural Worlds/Packages - Install/Gaia/Settings/Terrain Export Defaults/04 Create Impostors.asset
KEEP_REFERENCED	5789	0.006	Assets/Procedural Worlds/Packages - Install/Asset Samples/Procedural Worlds/Content Resources/PW_Tree_Spruce_05/PW_Tree_Spruce_01_05_LOD3.mesh
KEEP_REFERENCED	5776	0.006	Assets/Procedural Worlds/Packages - Install/Gaia/Scripts/Core/Multi Terrain System/TerrainSceneStorage.cs
KEEP_REFERENCED	5733	0.005	Assets/Scripts/Character/Player/PlayerLockOn.cs
KEEP_REFERENCED	5613	0.005	Assets/Procedural Worlds/Frameworks/Common5/Editor/Resources/pwub_builtin_6_c5.png
KEEP_REFERENCED	5492	0.005	Assets/Procedural Worlds/Packages - Install/Asset Samples - Synty Studios/TerrainTextures/POLYGON_Dirt.png
KEEP_REFERENCED	5490	0.005	Assets/Procedural Worlds/Packages - Install/Asset Samples - Synty Studios/TerrainTextures/POLYGON_sandyRock.png
KEEP_REFERENCED	5393	0.005	Assets/Procedural Worlds/Frameworks/Common5/Editor/Resources/pwub_builtin_9_c5.png
KEEP_REFERENCED	5349	0.005	Assets/Procedural Worlds/Frameworks/Common5/Editor/Resources/pwub_builtin_19_c5.png
KEEP_REFERENCED	5262	0.005	Assets/Procedural Worlds/Packages - Install/Gaia/Scripts/Core/Gaia Wizard/GWS_RenderingPath.cs
KEEP_REFERENCED	5213	0.005	Assets/Procedural Worlds/Frameworks/Common5/Editor/Resources/pwub_builtin_8_c5.png
KEEP_REFERENCED	4992	0.005	Assets/Procedural Worlds/Packages - Install/Asset Samples - Synty Studios/TerrainTextures/POLYGON_Grass.png
KEEP_REFERENCED	4991	0.005	Assets/Procedural Worlds/Packages - Install/Asset Samples - Synty Studios/TerrainTextures/POLYGON_rock.png
KEEP_REFERENCED	4905	0.005	Assets/Procedural Worlds/Frameworks/Common5/Editor/Resources/pwub_builtin_16_c5.png
KEEP_REFERENCED	4847	0.005	Assets/Procedural Worlds/Frameworks/Common5/Editor/Resources/pwub_builtin_7_c5.png
KEEP_REFERENCED	4813	0.005	Assets/Settings/PC_RPAsset.asset
KEEP_REFERENCED	4799	0.005	Assets/Procedural Worlds/Frameworks/Common5/Editor/Resources/pwub_builtin_15_c5.png
KEEP_REFERENCED	4793	0.005	Assets/Settings/Mobile_RPAsset.asset
KEEP_REFERENCED	4784	0.005	Assets/Naganeupseong/Resource/Materials/M_Wall01c_02.mat
KEEP_REFERENCED	4603	0.004	Assets/Procedural Worlds/Frameworks/Common5/Editor/Resources/pwub_builtin_17_c5.png
KEEP_REFERENCED	4595	0.004	Assets/Procedural Worlds/Frameworks/Common5/Editor/Resources/pwub_builtin_10_c5.png
KEEP_REFERENCED	4533	0.004	Assets/Naganeupseong/Resource/Materials/M_Roof01a_01.mat
KEEP_REFERENCED	4421	0.004	Assets/Procedural Worlds/Frameworks/Common5/Editor/Resources/pwub_builtin_2_c5.png
KEEP_REFERENCED	4391	0.004	Assets/Procedural Worlds/Frameworks/Common5/Editor/Resources/pwub_builtin_3_c5.png
KEEP_REFERENCED	4351	0.004	Assets/Procedural Worlds/Frameworks/Common5/Editor/Resources/pwub_builtin_18_c5.png
KEEP_REFERENCED	4348	0.004	Assets/Scripts/Character/Player/PlayerCameraProximityFade.cs
KEEP_REFERENCED	4246	0.004	Assets/Meshs/Materials/T_Soldiers_02_BC.mat
KEEP_REFERENCED	4244	0.004	Assets/Meshs/Materials/T_man04_body_C.mat
KEEP_REFERENCED	4244	0.004	Assets/Meshs/Materials/T_Soldiers_01_BC.mat
KEEP_REFERENCED	4236	0.004	Assets/Procedural Worlds/Packages - Install/Gaia/Scripts/Core/Gaia Wizard/GWS_URPShadowDistance.cs
KEEP_REFERENCED	4212	0.004	Assets/Meshs/Materials/T_Man04_Hair_Side_C.mat
KEEP_REFERENCED	4210	0.004	Assets/Meshs/Materials/T_Man04_Eyebrow_C.mat
KEEP_REFERENCED	4173	0.004	Assets/Meshs/Materials/T_man04_hair_C.mat
KEEP_REFERENCED	4168	0.004	Assets/Meshs/Materials/T_man04_head_C.mat
KEEP_REFERENCED	4163	0.004	Assets/Meshs/Materials/base_04_T_man01_MOUTH2.mat
KEEP_REFERENCED	4159	0.004	Assets/Meshs/Materials/T_man04_EYE_C.mat
KEEP_REFERENCED	4146	0.004	Assets/Materials/M_Hwando_BC.mat
KEEP_REFERENCED	4090	0.004	Assets/Meshs/Materials/base_04_m_eye6.mat
KEEP_REFERENCED	4090	0.004	Assets/JoseonSoul/FirstVillageTempleGraybox/M_Road.mat
KEEP_REFERENCED	4075	0.004	Assets/Naganeupseong/Prefabs/Structure/Roof/Roof06a.prefab
KEEP_REFERENCED	4075	0.004	Assets/Naganeupseong/Prefabs/Structure/Roof/Roof01a.prefab
KEEP_REFERENCED	4075	0.004	Assets/Naganeupseong/Prefabs/Structure/Roof/Roof03a.prefab
KEEP_REFERENCED	4059	0.004	Assets/Procedural Worlds/Packages - Install/Gaia/Shaders/PW General/PW_GeneralWind.cginc
KEEP_REFERENCED	4016	0.004	Assets/JoseonSoul/FirstVillageTempleGraybox/M_Zone_01_Practice_BasicAttack___5m_.mat
KEEP_REFERENCED	4015	0.004	Assets/JoseonSoul/FirstVillageTempleGraybox/M_Zone_02_Practice_HeavyAttack___12m_.mat
KEEP_REFERENCED	4008	0.004	Assets/JoseonSoul/FirstVillageTempleGraybox/M_Zone_05_Temple_Courtyard___30m_.mat
KEEP_REFERENCED	4007	0.004	Assets/Naganeupseong/Prefabs/Structure/Ground/Ground02a.prefab
KEEP_REFERENCED	4005	0.004	Assets/JoseonSoul/FirstVillageTempleGraybox/M_Zone_04_Boss_Approach___30m_.mat
KEEP_REFERENCED	4002	0.004	Assets/JoseonSoul/FirstVillageTempleGraybox/M_Zone_00_Start_Village__0m_.mat
KEEP_REFERENCED	4000	0.004	Assets/JoseonSoul/FirstVillageTempleGraybox/M_Zone_03_Practice_Dodge___20m_.mat
KEEP_REFERENCED	3993	0.004	Assets/Procedural Worlds/Packages - Install/Gaia/Scripts/Core/Gaia Wizard/GWS_ShaderVariantLimit.cs
KEEP_REFERENCED	3984	0.004	Assets/Animations/Samurai_Katana/Action/Materials/Texture_Yellow.mat
KEEP_REFERENCED	3983	0.004	Assets/Animations/Samurai_Katana/Basic/Materials/Texture_Yellow.mat
KEEP_REFERENCED	3982	0.004	Assets/Animations/Samurai_Katana/Action/Materials/Texture_Gray.mat
KEEP_REFERENCED	3982	0.004	Assets/Animations/Samurai_Katana/Action/Materials/Texture_White.mat
KEEP_REFERENCED	3982	0.004	Assets/Animations/Samurai_Katana/Basic/Materials/Texture_White.mat
KEEP_REFERENCED	3982	0.004	Assets/Animations/Samurai_Katana/Basic/Materials/Texture_Gray.mat
KEEP_REFERENCED	3981	0.004	Assets/Animations/Samurai_Katana/Basic/Materials/Texture_Blue.mat
KEEP_REFERENCED	3981	0.004	Assets/Animations/Samurai_Katana/Action/Materials/Texture_Blue.mat
KEEP_REFERENCED	3964	0.004	Assets/JoseonSoul/FirstVillageTempleGraybox/M_Enemy.mat
KEEP_REFERENCED	3963	0.004	Assets/JoseonSoul/FirstVillageTempleGraybox/M_Boss.mat
KEEP_REFERENCED	3960	0.004	Assets/Procedural Worlds/Packages - Install/Gaia/Settings/Terrain Export Defaults/05 Bake Collider Objects.asset
KEEP_REFERENCED	3933	0.004	Assets/Naganeupseong/Prefabs/Structure/Floor/Floor02b.prefab
KEEP_REFERENCED	3933	0.004	Assets/Naganeupseong/Prefabs/Structure/Floor/Floor01b.prefab
KEEP_REFERENCED	3903	0.004	Assets/Procedural Worlds/Frameworks/Common5/Editor/Resources/pwub_builtin_5_c5.png
KEEP_REFERENCED	3896	0.004	Assets/Prefabs/EnemyDummyB.prefab
KEEP_REFERENCED	3896	0.004	Assets/Prefabs/EnemyDummyA.prefab
KEEP_REFERENCED	3895	0.004	Assets/Procedural Worlds/Frameworks/Common5/Editor/Resources/pwub_builtin_1_c5.png
KEEP_REFERENCED	3889	0.004	Assets/Procedural Worlds/Packages - Install/Gaia/Settings/Terrain Export Defaults/03 Convert To Low Poly.asset
KEEP_REFERENCED	3866	0.004	Assets/Naganeupseong/Prefabs/Structure/Pillar/Pillar01e.prefab
KEEP_REFERENCED	3862	0.004	Assets/Settings/SampleSceneProfile.asset
KEEP_REFERENCED	3859	0.004	Assets/Procedural Worlds/Packages - Install/Gaia/Scripts/Core/Spawning System/BiomeControllerSettings.cs
KEEP_REFERENCED	3858	0.004	Assets/Procedural Worlds/Packages - Install/Asset Samples - Synty Studios/SM_POLYGON_Tree_02_B.prefab
KEEP_REFERENCED	3858	0.004	Assets/Procedural Worlds/Packages - Install/Asset Samples - Synty Studios/SM_POLYGON_Tree_02_A.prefab
KEEP_REFERENCED	3854	0.004	Assets/Procedural Worlds/Packages - Install/Asset Samples - Synty Studios/SM_POLYGON_Tree_01_B.prefab
KEEP_REFERENCED	3852	0.004	Assets/Procedural Worlds/Packages - Install/Asset Samples - Synty Studios/SM_POLYGON_Tree_01_A.prefab
KEEP_REFERENCED	3847	0.004	Assets/Procedural Worlds/Packages - Install/Asset Samples - Synty Studios/SM_POLYGON_Rock_01_A.prefab
KEEP_REFERENCED	3838	0.004	Assets/Procedural Worlds/Packages - Install/Asset Samples - Synty Studios/SM_POLYGON_Bush_01_B.prefab
KEEP_REFERENCED	3838	0.004	Assets/Procedural Worlds/Packages - Install/Asset Samples - Synty Studios/SM_POLYGON_Bush_01_A.prefab
KEEP_REFERENCED	3823	0.004	Assets/Procedural Worlds/Packages - Install/Asset Samples - Synty Studios/SM_POLYGON_Fence_01_A.prefab
KEEP_REFERENCED	3817	0.004	Assets/Procedural Worlds/Packages - Install/Asset Samples - Synty Studios/SM_POLYGON_Bld_House_01_B.prefab
KEEP_REFERENCED	3813	0.004	Assets/Procedural Worlds/Packages - Install/Asset Samples - Synty Studios/SM_POLYGON_Bld_Village_01_A.prefab
KEEP_REFERENCED	3813	0.004	Assets/Procedural Worlds/Packages - Install/Asset Samples - Synty Studios/SM_POLYGON_Bld_House_01_A.prefab
KEEP_REFERENCED	3811	0.004	Assets/Procedural Worlds/Packages - Install/Asset Samples - Synty Studios/SM_POLYGON_Bld_Village_01_B.prefab
KEEP_REFERENCED	3809	0.004	Assets/Naganeupseong/Prefabs/Prop/Low_Wooden_Bench.prefab
KEEP_REFERENCED	3795	0.004	Assets/Procedural Worlds/Packages - Install/Asset Samples - Synty Studios/SM_POLYGON_Rock_02_A.prefab
KEEP_REFERENCED	3795	0.004	Assets/Naganeupseong/Prefabs/Structure/Pillar/Pillar01b.prefab
KEEP_REFERENCED	3795	0.004	Assets/Naganeupseong/Prefabs/Structure/Pillar/Pillar02a.prefab
KEEP_REFERENCED	3790	0.004	Assets/Procedural Worlds/Frameworks/Common5/Editor/Resources/pwtaba_c5.png
KEEP_REFERENCED	3789	0.004	Assets/Naganeupseong/Prefabs/Prop/Jar01b.prefab
KEEP_REFERENCED	3783	0.004	Assets/Naganeupseong/Prefabs/Prop/Mat.prefab
KEEP_REFERENCED	3721	0.004	Assets/Procedural Worlds/Frameworks/Common5/Editor/Resources/pwtabsBorder_c5.png
KEEP_REFERENCED	3603	0.003	Assets/Procedural Worlds/Frameworks/Common5/Editor/Resources/pwub_builtin_20_c5.png
KEEP_REFERENCED	3534	0.003	Assets/Settings/PC_Renderer.asset
KEEP_REFERENCED	3523	0.003	Assets/Procedural Worlds/Frameworks/Common5/Editor/Resources/pwub_builtin_11_c5.png
KEEP_REFERENCED	3419	0.003	Assets/Procedural Worlds/Frameworks/Common5/Editor/Resources/pwub_builtin_4_c5.png
KEEP_REFERENCED	3321	0.003	Assets/Naganeupseong/Resource/Materials/M_Door01b_02.mat
KEEP_REFERENCED	3321	0.003	Assets/Naganeupseong/Resource/Materials/M_Door01d_01.mat
KEEP_REFERENCED	3321	0.003	Assets/Naganeupseong/Resource/Materials/M_Door01b_01.mat
KEEP_REFERENCED	3321	0.003	Assets/Naganeupseong/Resource/Materials/M_Door01d_02.mat
KEEP_REFERENCED	3319	0.003	Assets/Naganeupseong/Resource/Materials/M_Door01h_01.mat
KEEP_REFERENCED	3319	0.003	Assets/Naganeupseong/Resource/Materials/M_Door01h_02.mat
KEEP_REFERENCED	3319	0.003	Assets/Naganeupseong/Resource/Materials/M_Door01f_01.mat
KEEP_REFERENCED	3319	0.003	Assets/Naganeupseong/Resource/Materials/M_Door01f_02.mat
KEEP_REFERENCED	3318	0.003	Assets/Naganeupseong/Resource/Materials/M_Window01i.mat
KEEP_REFERENCED	3318	0.003	Assets/Naganeupseong/Resource/Materials/M_Window01d.mat
KEEP_REFERENCED	3318	0.003	Assets/Naganeupseong/Resource/Materials/M_Door01e.mat
KEEP_REFERENCED	3318	0.003	Assets/Naganeupseong/Resource/Materials/M_Window01h.mat
KEEP_REFERENCED	3318	0.003	Assets/Naganeupseong/Resource/Materials/M_Closet01a.mat
KEEP_REFERENCED	3318	0.003	Assets/Naganeupseong/Resource/Materials/M_Door01a.mat
KEEP_REFERENCED	3318	0.003	Assets/Naganeupseong/Resource/Materials/M_Door01c.mat
KEEP_REFERENCED	3318	0.003	Assets/Naganeupseong/Resource/Materials/M_Window01f.mat
KEEP_REFERENCED	3318	0.003	Assets/Naganeupseong/Resource/Materials/M_Door01g.mat
KEEP_REFERENCED	3316	0.003	Assets/Naganeupseong/Resource/Materials/M_Door02i.mat
KEEP_REFERENCED	3316	0.003	Assets/Naganeupseong/Resource/Materials/M_Door01i.mat
KEEP_REFERENCED	3282	0.003	Assets/JoseonSoul/FirstVillageTempleGraybox/M_Terrain_URP.mat
KEEP_REFERENCED	3275	0.003	Assets/Naganeupseong/Resource/Materials/M_Wood_Burning_Stove03b.mat
KEEP_REFERENCED	3275	0.003	Assets/Naganeupseong/Resource/Materials/M_Wood_Burning_Stove01b.mat
KEEP_REFERENCED	3275	0.003	Assets/Naganeupseong/Resource/Materials/M_Wood_Burning_Stove02b.mat
KEEP_REFERENCED	3270	0.003	Assets/Naganeupseong/Resource/Materials/M_Low_Wooden_Bench.mat
KEEP_REFERENCED	3268	0.003	Assets/Naganeupseong/Resource/Materials/M_Roof01a_03.mat
KEEP_REFERENCED	3268	0.003	Assets/Naganeupseong/Resource/Materials/M_Stone_Steps01a.mat
KEEP_REFERENCED	3268	0.003	Assets/Naganeupseong/Resource/Materials/M_Wall01c_01.mat
KEEP_REFERENCED	3265	0.003	Assets/Naganeupseong/Resource/Materials/M_Ground01a.mat
KEEP_REFERENCED	3265	0.003	Assets/Naganeupseong/Resource/Materials/M_Pillar01b.mat
KEEP_REFERENCED	3265	0.003	Assets/Naganeupseong/Resource/Materials/M_Wall01b.mat
KEEP_REFERENCED	3264	0.003	Assets/Naganeupseong/Resource/Materials/M_Roof01a_02.mat
KEEP_REFERENCED	3264	0.003	Assets/Naganeupseong/Resource/Materials/M_Chimney01a.mat
KEEP_REFERENCED	3263	0.003	Assets/Naganeupseong/Resource/Materials/M_Water_Jar.mat
KEEP_REFERENCED	3263	0.003	Assets/Naganeupseong/Resource/Materials/M_Pillar02a.mat
KEEP_REFERENCED	3263	0.003	Assets/Naganeupseong/Resource/Materials/M_Wall01a.mat
KEEP_REFERENCED	3263	0.003	Assets/Naganeupseong/Resource/Materials/M_Ground02a.mat
KEEP_REFERENCED	3263	0.003	Assets/Naganeupseong/Resource/Materials/M_Pillar01a.mat
KEEP_REFERENCED	3263	0.003	Assets/Naganeupseong/Resource/Materials/M_Pillar01e.mat
KEEP_REFERENCED	3262	0.003	Assets/Naganeupseong/Resource/Materials/M_Floor01d.mat
KEEP_REFERENCED	3262	0.003	Assets/Naganeupseong/Resource/Materials/M_Floor01b.mat
KEEP_REFERENCED	3262	0.003	Assets/Naganeupseong/Resource/Materials/M_Stair01a.mat
KEEP_REFERENCED	3260	0.003	Assets/Naganeupseong/Resource/Materials/M_Jar01b.mat
KEEP_REFERENCED	3260	0.003	Assets/Naganeupseong/Resource/Materials/M_Jar01a.mat
KEEP_REFERENCED	3260	0.003	Assets/Naganeupseong/Resource/Materials/M_Jar01c.mat
KEEP_REFERENCED	3250	0.003	Assets/Procedural Worlds/Packages - Install/Asset Samples - Synty Studios/SM_POLYGON_Rocks_01_A.prefab
KEEP_REFERENCED	3203	0.003	Assets/Naganeupseong/Resource/Materials/M_Floor01a.mat
KEEP_REFERENCED	3173	0.003	Assets/ScriptableObjects/Datas/PlayerSO.asset
KEEP_REFERENCED	3152	0.003	Assets/Naganeupseong/Resource/Materials/M_Basin01a.mat
KEEP_REFERENCED	3151	0.003	Assets/Naganeupseong/Resource/Materials/M_Door01j.mat
KEEP_REFERENCED	3149	0.003	Assets/Naganeupseong/Resource/Materials/M_Mat.mat
KEEP_REFERENCED	3097	0.003	Assets/Procedural Worlds/Frameworks/Common5/Editor/Resources/pwtabap_c5.png
KEEP_REFERENCED	3066	0.003	Assets/Procedural Worlds/Frameworks/Common5/Editor/Resources/pwresav16_c5.png
KEEP_REFERENCED	3044	0.003	Assets/Procedural Worlds/Packages - Install/Gaia/Editor Resources/gadvIco.png
KEEP_REFERENCED	2993	0.003	Assets/Procedural Worlds/Frameworks/PWAddressables1/PWAddressablesConfig.cs
KEEP_REFERENCED	2975	0.003	Assets/Procedural Worlds/Packages - Install/Asset Samples/Biomes/Gaia Pro Sample.asset
KEEP_REFERENCED	2829	0.003	Assets/Procedural Worlds/Packages - Install/Gaia/Scripts/Core/Gaia Wizard/GWS_InputSystem.cs
KEEP_REFERENCED	2732	0.003	Assets/Procedural Worlds/Packages - Install/Gaia/Scripts/Core/Gaia Wizard/GWS_PostProcessing.cs
KEEP_REFERENCED	2616	0.002	Assets/Procedural Worlds/Packages - Install/Asset Samples - Synty Studios/SM_POLYGON_Flower_01_B.prefab
KEEP_REFERENCED	2616	0.002	Assets/Procedural Worlds/Packages - Install/Asset Samples - Synty Studios/SM_POLYGON_Flower_01_A.prefab
KEEP_REFERENCED	2615	0.002	Assets/Procedural Worlds/Packages - Install/Asset Samples - Synty Studios/SM_POLYGON_Grass_01_B.prefab
KEEP_REFERENCED	2615	0.002	Assets/Procedural Worlds/Packages - Install/Asset Samples - Synty Studios/SM_POLYGON_Grass_01_A.prefab
KEEP_REFERENCED	2586	0.002	Assets/Procedural Worlds/Frameworks/Common5/Editor/Resources/pwdarkBoxp_c5.png
KEEP_REFERENCED	2576	0.002	Assets/Scripts/UI/LockOnTargetMarker.cs
KEEP_REFERENCED	2503	0.002	Assets/Procedural Worlds/Packages - Install/Asset Samples - Synty Studios/Biome/Synty Studios (Low Poly).asset
KEEP_REFERENCED	2492	0.002	Assets/Procedural Worlds/Packages - Install/Gaia/Settings/Terrain Export Defaults/01 Export To OBJ Files.asset
KEEP_REFERENCED	2475	0.002	Assets/TemplesKor/Meshes/SM_SC_West_Three_Stone_Pagoda.prefab
KEEP_REFERENCED	2472	0.002	Assets/Procedural Worlds/Frameworks/Common5/Editor/Resources/onlineHelp_c5.png
KEEP_REFERENCED	2417	0.002	Assets/Procedural Worlds/Frameworks/Common5/Editor/Resources/pwtab_c5.png
KEEP_REFERENCED	2388	0.002	Assets/Procedural Worlds/Packages - Install/Asset Samples/Procedural Worlds/Content Resources/PW_Tree_Spruce_05/PW_Tree_Spruce_01_05_LOD3.prefab
KEEP_REFERENCED	2382	0.002	Assets/Procedural Worlds/Frameworks/Common5/Editor/Resources/unity_16_c5.png
KEEP_REFERENCED	2288	0.002	Assets/Procedural Worlds/Packages - Install/Asset Samples - Synty Studios/Materials/Texture_01.mat
KEEP_REFERENCED	2273	0.002	Assets/Procedural Worlds/Packages - Install/Gaia/Scripts/Core/ResourcesSystem/BuildConfig.cs
KEEP_REFERENCED	2224	0.002	Assets/Procedural Worlds/Frameworks/Common5/Editor/Resources/pwtabp_c5.png
KEEP_REFERENCED	2206	0.002	Assets/Scripts/Character/Player/Player.cs
KEEP_REFERENCED	2137	0.002	Assets/Procedural Worlds/Frameworks/Common5/Editor/Resources/pwsavas16_c5.png
KEEP_REFERENCED	2135	0.002	Assets/Procedural Worlds/Packages - Install/Gaia/Settings/Terrain Export Defaults/02 Convert To Mesh.asset
KEEP_REFERENCED	2052	0.002	Assets/Gaia User Data/Sessions/GS-20260814 - 165600/Gaia Lighting Settings.asset
KEEP_REFERENCED	2052	0.002	Assets/Gaia User Data/Sessions/GS-20260814 - 161359/Gaia Lighting Settings.asset
KEEP_REFERENCED	1993	0.002	Assets/Procedural Worlds/Packages - Install/Gaia/Scripts/Core/Gaia Wizard/GWS_ColorSpace.cs
KEEP_REFERENCED	1818	0.002	Assets/Scripts/Character/Player/PlayerCameraFollowTarget.cs
KEEP_REFERENCED	1814	0.002	Assets/Procedural Worlds/Frameworks/Common5/Editor/Resources/pwsav16_c5.png
KEEP_REFERENCED	1787	0.002	Assets/Procedural Worlds/Packages - Install/Gaia/Scripts/Core/ResourcesSystem/UserFiles.cs
KEEP_REFERENCED	1765	0.002	Assets/Settings/Mobile_Renderer.asset
KEEP_REFERENCED	1744	0.002	Assets/Gaia User Data/Settings/Package Config Settings.asset
KEEP_REFERENCED	1676	0.002	Assets/Procedural Worlds/Packages - Install/Gaia/Scripts/Core/Gaia Wizard/GWS_VerifySavingAssets.cs
KEEP_REFERENCED	1650	0.002	Assets/Procedural Worlds/Frameworks/Common5/Editor/Resources/pwdarkBox_c5.png
KEEP_REFERENCED	1549	0.001	Assets/Procedural Worlds/Packages - Install/Sky & Lighting Presets/Presets/URP/Morning Preset GlobalPostProcessing.prefab
KEEP_REFERENCED	1481	0.001	Assets/ScriptableObjects/Scripts/PlayerAttackData.cs
KEEP_REFERENCED	1474	0.001	Assets/Procedural Worlds/Packages - Install/Gaia/Shaders/PW General/PW_DitherIncludes.hlsl
KEEP_REFERENCED	1395	0.001	Assets/ScriptableObjects/Scripts/PlayerGroundData.cs
KEEP_REFERENCED	1383	0.001	Assets/Procedural Worlds/Frameworks/Common5/Editor/Resources/pwtabsBorderp_c5.png
KEEP_REFERENCED	1346	0.001	Assets/Procedural Worlds/Packages - Install/Asset Samples/Biomes/Towns (3D Forge).asset
KEEP_REFERENCED	1334	0.001	Assets/Procedural Worlds/Packages - Install/Gaia/Scripts/Core/Scene Management/Gaia Default Scene Culling Profile.asset
KEEP_REFERENCED	1316	0.001	Assets/Scripts/Character/Player/AttackAnimationEventRelay.cs
KEEP_REFERENCED	1277	0.001	Assets/Gaia User Data/Settings/UserFiles.asset
KEEP_REFERENCED	1274	0.001	Assets/Scripts/Character/Player/PlayerHitbox.cs
KEEP_REFERENCED	1220	0.001	Assets/Gaia User Data/Sessions/GS-20260814 - 165600/TerrainScenes.asset
KEEP_REFERENCED	1220	0.001	Assets/Gaia User Data/Sessions/GS-20260814 - 151731/TerrainScenes.asset
KEEP_REFERENCED	1220	0.001	Assets/Gaia User Data/Sessions/GS-20260814 - 161359/TerrainScenes.asset
KEEP_REFERENCED	1179	0.001	Assets/ScriptableObjects/Scripts/PlayerLockOnData.cs
KEEP_REFERENCED	1148	0.001	Assets/Procedural Worlds/Packages - Install/Gaia/Shaders/PW General/PW_SnowFunctions.hlsl
KEEP_REFERENCED	1099	0.001	Assets/Gaia User Data/Sessions/GS-20260814 - 165600.asset
KEEP_REFERENCED	1024	0.001	Assets/Scripts/Character/Player/ForceReceiver.cs
KEEP_REFERENCED	1011	0.001	Assets/Gaia User Data/Sessions/GS-20260814 - 161359.asset
KEEP_REFERENCED	1009	0.001	Assets/Gaia User Data/Sessions/GS-20260814 - 151731.asset
KEEP_REFERENCED	925	0.001	Assets/Procedural Worlds/Packages - Install/Asset Samples - Synty Studios/Colliders/Synty Medium Farm Collider.prefab
KEEP_REFERENCED	923	0.001	Assets/Procedural Worlds/Packages - Install/Asset Samples - Synty Studios/Colliders/Synty Small Farm Collider.prefab
KEEP_REFERENCED	869	0.001	Assets/Procedural Worlds/Frameworks/Setup1/Scripts/PWPackageConfigSettings.cs
KEEP_REFERENCED	852	0.001	Assets/Procedural Worlds/Frameworks/Common5/Editor/Resources/CommonMenu_c5.txt
KEEP_REFERENCED	840	0.001	Assets/JoseonSoul/FirstVillageTempleGraybox/TL_TemperateGrass.terrainlayer
KEEP_REFERENCED	838	0.001	Assets/JoseonSoul/FirstVillageTempleGraybox/TL_MountainRock.terrainlayer
KEEP_REFERENCED	832	0.001	Assets/Procedural Worlds/Packages - Install/Gaia/Shaders/PW General/PW_URP_MainLight.hlsl
KEEP_REFERENCED	814	0.001	Assets/Gaia User Data/Settings/AddressableConfig.asset
KEEP_REFERENCED	765	0.001	Assets/Gaia User Data/Settings/Gaia Runtime Settings/GRCControllerSupport.asset
KEEP_REFERENCED	761	0.001	Assets/Procedural Worlds/Frameworks/Common5/Editor/Resources/pwundo_c5.png
KEEP_REFERENCED	753	0.001	Assets/JoseonSoul/FirstVillageTempleGraybox/TL_EarthPath.terrainlayer
KEEP_REFERENCED	750	0.001	Assets/Scripts/Character/Enemy/Enemy.cs
KEEP_REFERENCED	694	0.001	Assets/Procedural Worlds/Packages - Install/Gaia/Scripts/Core/Utils/GaiaSceneReadMe.cs
KEEP_REFERENCED	621	0.001	Assets/Procedural Worlds/Frameworks/Common5/Editor/Resources/onlineKnowledgeBase_c5.png
KEEP_REFERENCED	614	0.001	Assets/Gaia User Data/Settings/Gaia Runtime Settings/GRC_LightingPresets.asset
KEEP_REFERENCED	603	0.001	Assets/Procedural Worlds/Frameworks/Common5/Editor/Resources/onlineVideo_c5.png
KEEP_REFERENCED	582	0.001	Assets/Gaia User Data/Settings/Gaia Runtime Settings/GRC_Utilities.asset
KEEP_REFERENCED	548	0.001	Assets/Gaia User Data/Settings/Gaia Runtime Settings/GRC_Water.asset
KEEP_REFERENCED	545	0.001	Assets/Gaia User Data/Settings/Gaia Runtime Settings/GRC_UnityHDRPWater.asset
KEEP_REFERENCED	526	0.001	Assets/Gaia User Data/Settings/Gaia Wizard Settings/GWS_ShaderVariantLimit.asset
KEEP_REFERENCED	524	0.000	Assets/Gaia User Data/Settings/Gaia Wizard Settings/GWS_PostProcessing.asset
KEEP_REFERENCED	522	0.000	Assets/ScriptableObjects/Enemy/EnemyDummyB.asset
KEEP_REFERENCED	522	0.000	Assets/Gaia User Data/Settings/Gaia Wizard Settings/GWS_RenderingPath.asset
KEEP_REFERENCED	521	0.000	Assets/ScriptableObjects/Enemy/EnemyDummyA.asset
KEEP_REFERENCED	518	0.000	Assets/Gaia User Data/Settings/Gaia Wizard Settings/GWS_URPShadowDistance.asset
KEEP_REFERENCED	510	0.000	Assets/Procedural Worlds/Packages - Install/Gaia/Editor Resources/ggxIco.png
KEEP_REFERENCED	495	0.000	Assets/Gaia User Data/Settings/Gaia Wizard Settings/GWS_VerifySavingAssets.asset
KEEP_REFERENCED	495	0.000	Assets/Scripts/Character/Player/PlayerInput.cs
KEEP_REFERENCED	488	0.000	Assets/Gaia User Data/Settings/Gaia Wizard Settings/GWS_InputSystem.asset
KEEP_REFERENCED	487	0.000	Assets/Gaia User Data/Settings/Gaia Wizard Settings/GWS_ColorSpace.asset
KEEP_REFERENCED	487	0.000	Assets/Gaia User Data/Settings/BuildConfig.asset
KEEP_REFERENCED	482	0.000	Assets/ScriptableObjects/Scripts/PlayerSO.cs
KEEP_REFERENCED	288	0.000	Assets/ScriptableObjects/Scripts/EnemySO.cs
KEEP_REFERENCED	223	0.000	Assets/ScriptableObjects/Scripts/PlayerAirData.cs
KEEP_REFERENCED	222	0.000	Assets/Procedural Worlds/Packages - Install/Gaia/Shaders/PW General/PW_GetSnowGlobal.hlsl
REVIEW_UNREFERENCED_LARGE	81182281	77.421	Assets/TemplesKor/Textures/T_Sun_Gate_Dori_B/T_Sun_Gate_Dori_B_BC.png
REVIEW_UNREFERENCED_LARGE	81182281	77.421	Assets/TemplesKor/Textures/T_Sun_Gate_Dori_A/T_Sun_Gate_Dori_A_BC.png
REVIEW_UNREFERENCED_LARGE	70862636	67.580	Assets/Procedural Worlds/Packages - Install/Sky & Lighting Presets/Skyboxes/PW_Sky_Cloudy.hdr
REVIEW_UNREFERENCED_LARGE	58177986	55.483	Assets/TemplesKor/Textures/T_SC_Seonamsa_Sajeokbi_BC.png
REVIEW_UNREFERENCED_LARGE	57884995	55.203	Assets/TemplesKor/Textures/T_SC_West_Three_Stone_Pagoda_BC.png
REVIEW_UNREFERENCED_LARGE	56853772	54.220	Assets/TemplesKor/Textures/T_SC_East_Three_Stone_Pagoda_BC.png
REVIEW_UNREFERENCED_LARGE	55507450	52.936	Assets/TemplesKor/Textures/T_Sun_Gate_Roof_A/T_Sun_Gate_Roof_A_BC.png
REVIEW_UNREFERENCED_LARGE	54942725	52.397	Assets/TemplesKor/Textures/T_SC_Seonamsa_Daegagam_Stupa_BC.png
REVIEW_UNREFERENCED_LARGE	54637816	52.107	Assets/TemplesKor/Textures/T_SC_Seonamsa_Jungsubi_BC.png
REVIEW_UNREFERENCED_LARGE	52239389	49.819	Assets/TemplesKor/Textures/T_SC_Seonamsa_MaAeyeoraeipsang_BC.png
REVIEW_UNREFERENCED_LARGE	52021577	49.612	Assets/TemplesKor/Textures/T_WJ_Songgwangsa_Bell_Tower_Hyeonpan_BC.png
REVIEW_UNREFERENCED_LARGE	51744250	49.347	Assets/TemplesKor/Textures/T_SC_Seonamsa_North_Stupa_BC.png
REVIEW_UNREFERENCED_LARGE	50727145	48.377	Assets/TemplesKor/Textures/T_Sun_Gate_Roof_B/T_Sun_Gate_Roof_B_BC.png
REVIEW_UNREFERENCED_LARGE	50068831	47.749	Assets/TemplesKor/Textures/T_SC_Seonamsa_East_Stupa_BC.png
REVIEW_UNREFERENCED_LARGE	48348419	46.109	Assets/TemplesKor/Textures/T_SC_Seonamsa_Samindang_BC.png
REVIEW_UNREFERENCED_LARGE	48304518	46.067	Assets/TemplesKor/Textures/T_WJ_Songgwangsa_Bell_Tower_Bell_BC.png
REVIEW_UNREFERENCED_LARGE	47810188	45.595	Assets/Procedural Worlds/Packages - Install/Sky & Lighting Presets/Skyboxes/starmap_8k.tif
REVIEW_UNREFERENCED_LARGE	38974357	37.169	Assets/TemplesKor/Textures/T_WJ_Songgwangsa_Bell_Tower_Woodenfish_BC.png
REVIEW_UNREFERENCED_LARGE	34229409	32.644	Assets/Procedural Worlds/Packages - Install/Sky & Lighting Presets/Skyboxes/PW_Sky_Evening_Clear.hdr
REVIEW_UNREFERENCED_LARGE	33991889	32.417	Assets/Naganeupseong/Resource/Textures/Ox_Mill01a/T_Ox_Mill01a_N.png
REVIEW_UNREFERENCED_LARGE	31153648	29.710	Assets/TemplesKor/Textures/T_Sun_Dae_Jang_BC.png
REVIEW_UNREFERENCED_LARGE	31080158	29.640	Assets/TemplesKor/Textures/T_Sun_Kak_Gang_BC.png
REVIEW_UNREFERENCED_LARGE	28259820	26.951	Assets/TemplesKor/Textures/T_SC_Seonamsa_Seungseongyo_BC.png
REVIEW_UNREFERENCED_LARGE	27686761	26.404	Assets/TemplesKor/Textures/T_Sun_Bul_gong_BC.png
REVIEW_UNREFERENCED_LARGE	26230089	25.015	Assets/TemplesKor/Textures/T_Sun_Dae_Roof_BC.png
REVIEW_UNREFERENCED_LARGE	25973894	24.771	Assets/TemplesKor/Textures/T_Sun_Won_Roof_BC.png
REVIEW_UNREFERENCED_LARGE	25922461	24.722	Assets/TemplesKor/Textures/T_Sun_Bul_Roof_BC.png
REVIEW_UNREFERENCED_LARGE	24196411	23.075	Assets/TemplesKor/Textures/T_K_Kirim_Dae_Roof_B/T_K_Kirim_Dae_Roof_B_BC.png
REVIEW_UNREFERENCED_LARGE	23866922	22.761	Assets/Naganeupseong/Scene/Resource/Terrain/T_Ground01b_N.png
REVIEW_UNREFERENCED_LARGE	23157016	22.084	Assets/TemplesKor/Textures/T_Ssang_Dae_Roof_BC.png
REVIEW_UNREFERENCED_LARGE	22870929	21.811	Assets/TemplesKor/Textures/T_Sun_Toilet_Kidan_A_BC.png
REVIEW_UNREFERENCED_LARGE	22757538	21.703	Assets/TemplesKor/Textures/T_Sun_toilet_Roof_BC.png
REVIEW_UNREFERENCED_LARGE	22410317	21.372	Assets/Naganeupseong/Resource/Textures/Ox_Mill01a/T_Ox_Mill01a_BC.png
REVIEW_UNREFERENCED_LARGE	22379286	21.343	Assets/Naganeupseong/Resource/Textures/Ox_Mill01a/T_Ox_Mill01a_AO.png
REVIEW_UNREFERENCED_LARGE	21423410	20.431	Assets/Naganeupseong/Scene/Resource/Terrain/T_Ground01b_BC.png
REVIEW_UNREFERENCED_LARGE	20761731	19.800	Assets/TemplesKor/Textures/T_Sun_Dae_Kidan_BC.png
REVIEW_UNREFERENCED_LARGE	20005883	19.079	Assets/TemplesKor/Textures/T_Sun_Toilet_Kidan_B_BC.png
REVIEW_UNREFERENCED_LARGE	19845982	18.927	Assets/TemplesKor/Textures/T_Ssang_Dae_Jang_BC.png
REVIEW_UNREFERENCED_LARGE	19686003	18.774	Assets/TemplesKor/Textures/T_K_Kirim_Dae_Gong_D/T_K_Kirim_Dae_Gong_D_AO.png
REVIEW_UNREFERENCED_LARGE	19540874	18.636	Assets/TemplesKor/Textures/T_Song_Jong_Kidan_BC.png
REVIEW_UNREFERENCED_LARGE	19127150	18.241	Assets/TemplesKor/Textures/T_Sun_Gate_Bang/T_Sun_Gate_Bang_BC.png
REVIEW_UNREFERENCED_LARGE	19055293	18.173	Assets/TemplesKor/Textures/T_K_Kirim_Dae_Kidan/T_K_Kirim_Dae_Kidan_BC.png
REVIEW_UNREFERENCED_LARGE	18996099	18.116	Assets/TemplesKor/Textures/T_Sun_Pal_Roof_B/T_Sun_Pal_Roof_B_AO.png
REVIEW_UNREFERENCED_LARGE	18936459	18.059	Assets/TemplesKor/Textures/T_Geumsan_Mi_Kidan_BC.png
REVIEW_UNREFERENCED_LARGE	18795292	17.925	Assets/TemplesKor/Textures/T_Song_Jong_Kidan_AO.png
REVIEW_UNREFERENCED_LARGE	18340640	17.491	Assets/TemplesKor/Meshes/SM_SC_Seonamsa_Seungseongyo.fbx
REVIEW_UNREFERENCED_LARGE	18012474	17.178	Assets/TemplesKor/Textures/T_Sun_Dae_Kidan_AO.png
REVIEW_UNREFERENCED_LARGE	17987255	17.154	Assets/TemplesKor/Textures/T_Sun_Kak_Gang_AO.png
REVIEW_UNREFERENCED_LARGE	17950719	17.119	Assets/TemplesKor/Textures/T_Sun_Dae_Jang_AO.png
REVIEW_UNREFERENCED_LARGE	17948667	17.117	Assets/TemplesKor/Textures/T_Sun_Bul_gong_AO.png
REVIEW_UNREFERENCED_LARGE	17942629	17.111	Assets/TemplesKor/Textures/T_K_Kirim_Dae_Roof_B/T_K_Kirim_Dae_Roof_B_AO.png
REVIEW_UNREFERENCED_LARGE	17773733	16.950	Assets/TemplesKor/Textures/T_Ssang_Dae_Kidan_BC.png
REVIEW_UNREFERENCED_LARGE	17736519	16.915	Assets/TemplesKor/Textures/T_K_Kirim_Dae_Dori/T_K_Kirim_Dae_Dori_AO.png
REVIEW_UNREFERENCED_LARGE	17622760	16.806	Assets/TemplesKor/Textures/T_Sun_Gate_Roof_B/T_Sun_Gate_Roof_B_AO.png
REVIEW_UNREFERENCED_LARGE	17582517	16.768	Assets/TemplesKor/Textures/T_Sun_Gate_Dori_A/T_Sun_Gate_Dori_A_AO.png
REVIEW_UNREFERENCED_LARGE	17582517	16.768	Assets/TemplesKor/Textures/T_Sun_Gate_Dori_B/T_Sun_Gate_Dori_B_AO.png
REVIEW_UNREFERENCED_LARGE	17165221	16.370	Assets/TemplesKor/Textures/T_Sun_toilet_Roof_AO.png
REVIEW_UNREFERENCED_LARGE	17064232	16.274	Assets/TemplesKor/Textures/T_Sun_Dae_Roof_AO.png
REVIEW_UNREFERENCED_LARGE	17021490	16.233	Assets/TemplesKor/Textures/T_Sun_Toilet_Kidan_A_AO.png
REVIEW_UNREFERENCED_LARGE	17004934	16.217	Assets/TemplesKor/Textures/T_Sun_Bul_Roof_AO.png
REVIEW_UNREFERENCED_LARGE	16917858	16.134	Assets/TemplesKor/Textures/T_Sun_Won_Roof_AO.png
REVIEW_UNREFERENCED_LARGE	16772743	15.996	Assets/TemplesKor/Textures/T_Ssang_Dae_Roof_AO.png
REVIEW_UNREFERENCED_LARGE	16690748	15.918	Assets/TemplesKor/Textures/T_SC_Seonamsa_Sajeokbi_AO.png
REVIEW_UNREFERENCED_LARGE	16624875	15.855	Assets/TemplesKor/Textures/T_K_Kirim_Dae_Dori/T_K_Kirim_Dae_Dori_BC.png
REVIEW_UNREFERENCED_LARGE	16525819	15.760	Assets/TemplesKor/Textures/T_SC_Seonamsa_Samindang_AO.png
REVIEW_UNREFERENCED_LARGE	16504252	15.740	Assets/TemplesKor/Textures/T_Ssang_Dae_Jang_AO.png
REVIEW_UNREFERENCED_LARGE	16473620	15.710	Assets/TemplesKor/Textures/T_SC_Seonamsa_North_Stupa_AO.png
REVIEW_UNREFERENCED_LARGE	16471959	15.709	Assets/TemplesKor/Textures/T_SC_Seonamsa_East_Stupa_AO.png
REVIEW_UNREFERENCED_LARGE	16326101	15.570	Assets/TemplesKor/Textures/T_Sun_Gate_Roof_A/T_Sun_Gate_Roof_A_AO.png
REVIEW_UNREFERENCED_LARGE	16306562	15.551	Assets/TemplesKor/Textures/T_SC_Seonamsa_Jungsubi_AO.png
REVIEW_UNREFERENCED_LARGE	16285118	15.531	Assets/TemplesKor/Textures/T_SC_West_Three_Stone_Pagoda_AO.png
REVIEW_UNREFERENCED_LARGE	16059139	15.315	Assets/TemplesKor/Textures/T_SC_Seonamsa_MaAeyeoraeipsang_AO.png
REVIEW_UNREFERENCED_LARGE	16003752	15.262	Assets/TemplesKor/Textures/T_Sun_Toilet_Kidan_B_AO.png
REVIEW_UNREFERENCED_LARGE	15982695	15.242	Assets/TemplesKor/Textures/T_SC_East_Three_Stone_Pagoda_AO.png
REVIEW_UNREFERENCED_LARGE	15921332	15.184	Assets/TemplesKor/Textures/T_SC_Seonamsa_Daegagam_Stupa_AO.png
REVIEW_UNREFERENCED_LARGE	15841494	15.108	Assets/TemplesKor/Textures/T_Song_Jong_Floor_AO.png
REVIEW_UNREFERENCED_LARGE	15595729	14.873	Assets/TemplesKor/Textures/T_WJ_Songgwangsa_Bell_Tower_Bell_AO.png
REVIEW_UNREFERENCED_LARGE	15418416	14.704	Assets/TemplesKor/Textures/T_K_Kirim_Dae_Kidan/T_K_Kirim_Dae_Kidan_AO.png
REVIEW_UNREFERENCED_LARGE	15004836	14.310	Assets/TemplesKor/Textures/T_SC_Seonamsa_Seungseongyo_AO.png
REVIEW_UNREFERENCED_LARGE	14982294	14.288	Assets/Procedural Worlds/Packages - Install/Stamps/Islands/4k Island 3.exr
REVIEW_UNREFERENCED_LARGE	14918772	14.228	Assets/TemplesKor/Textures/T_Sun_Kak_Roof_AO.png
REVIEW_UNREFERENCED_LARGE	14870828	14.182	Assets/TemplesKor/Textures/T_Geumsan_Mi_Kidan_AO.png
REVIEW_UNREFERENCED_LARGE	14834925	14.148	Assets/TemplesKor/Textures/T_Geumsan_Mi_Dori_AO.png
REVIEW_UNREFERENCED_LARGE	14819941	14.133	Assets/TemplesKor/Textures/T_K_Kirim_Dae_Roof_A/T_K_Kirim_Dae_Roof_A_AO.png
REVIEW_UNREFERENCED_LARGE	14660165	13.981	Assets/TemplesKor/Textures/T_WJ_Songgwangsa_Bell_Tower_Woodenfish_AO.png
REVIEW_UNREFERENCED_LARGE	14599554	13.923	Assets/Procedural Worlds/Packages - Install/Stamps/Masks/GenericMask2.exr
REVIEW_UNREFERENCED_LARGE	14527413	13.854	Assets/TemplesKor/Textures/T_WJ_Songgwangsa_Bell_Tower_Hyeonpan_AO.png
REVIEW_UNREFERENCED_LARGE	14417407	13.750	Assets/TemplesKor/Textures/T_Sun_Pal_Kidan/T_Sun_Pal_Kidan_AO.png
REVIEW_UNREFERENCED_LARGE	14324904	13.661	Assets/TemplesKor/Textures/T_K_Kirim_Dae_Roof_A/T_K_Kirim_Dae_Roof_A_BC.png
REVIEW_UNREFERENCED_LARGE	14087947	13.435	Assets/TemplesKor/Textures/T_Ssang_Dae_Kidan_AO.png
REVIEW_UNREFERENCED_LARGE	14071641	13.420	Assets/TemplesKor/Textures/T_Geumsan_Mi_Roof_BC.png
REVIEW_UNREFERENCED_LARGE	13902742	13.259	Assets/TemplesKor/Textures/T_Geumsan_Mi_Dori_BC.png
REVIEW_UNREFERENCED_LARGE	13859953	13.218	Assets/TemplesKor/Textures/T_Sun_Kak_Roof_BC.png
REVIEW_UNREFERENCED_LARGE	13821993	13.182	Assets/TemplesKor/Textures/T_Geumsan_Mi_Roof_AO.png
REVIEW_UNREFERENCED_LARGE	13775870	13.138	Assets/TemplesKor/Textures/T_Song_Jong_Roof_AO.png
REVIEW_UNREFERENCED_LARGE	13746273	13.109	Assets/TemplesKor/Textures/T_K_Kirim_Dae_Gong_D/T_K_Kirim_Dae_Gong_D_BC.png
REVIEW_UNREFERENCED_LARGE	13588592	12.959	Assets/Procedural Worlds/Packages - Install/Sky & Lighting Presets/Skyboxes/GaiaSampleDay.hdr
REVIEW_UNREFERENCED_LARGE	13501760	12.876	Assets/Procedural Worlds/Packages - Install/Sky & Lighting Presets/Textures/FogNoise.psd
REVIEW_UNREFERENCED_LARGE	13501760	12.876	Assets/Procedural Worlds/Packages - Install/Sky & Lighting Presets/Textures/GustNoise.psd
REVIEW_UNREFERENCED_LARGE	13160114	12.550	Assets/TemplesKor/Textures/T_Sun_Pal_Roof_A/T_Sun_Pal_Roof_A_AO.png
REVIEW_UNREFERENCED_LARGE	13005826	12.403	Assets/TemplesKor/Textures/T_Sun_Toilet_Floor_AO.png
REVIEW_UNREFERENCED_LARGE	12817981	12.224	Assets/TemplesKor/Textures/T_Sun_Pal_Bang/T_Sun_Pal_Bang_AO.png
REVIEW_UNREFERENCED_LARGE	12813363	12.220	Assets/TemplesKor/Textures/T_Song_Jong_Roof_BC.png
REVIEW_UNREFERENCED_LARGE	12806081	12.213	Assets/Procedural Worlds/Packages - Install/Sky & Lighting Presets/Skyboxes/GaiaSampleNight.hdr
REVIEW_UNREFERENCED_LARGE	12704542	12.116	Assets/Procedural Worlds/Gaia Quick Start.pdf
REVIEW_UNREFERENCED_LARGE	12408374	11.834	Assets/TemplesKor/Textures/T_K_Kirim_Dae_Kidan/T_K_Kirim_Dae_Kidan_S.png
REVIEW_UNREFERENCED_LARGE	12386579	11.813	Assets/Procedural Worlds/Packages - Install/Sky & Lighting Presets/Skyboxes/GaiaSampleMorningAndEvening.hdr
REVIEW_UNREFERENCED_LARGE	12131392	11.569	Assets/TemplesKor/Textures/T_Song_Jong_Kidan_S.png
REVIEW_UNREFERENCED_LARGE	12072555	11.513	Assets/TemplesKor/Textures/T_Song_Jong_Floor_BC.png
REVIEW_UNREFERENCED_LARGE	12006593	11.450	Assets/Procedural Worlds/Packages - Install/Sky & Lighting Presets/Textures/LensDirt02.png
REVIEW_UNREFERENCED_LARGE	11915023	11.363	Assets/Procedural Worlds/Packages - Install/Gaia Water/Content Resources/Mesh/WaterWaveMesh.mesh
REVIEW_UNREFERENCED_LARGE	11871508	11.322	Assets/TemplesKor/Textures/T_K_Kirim_Dae_Kidan/T_K_Kirim_Dae_Kidan_N.png
REVIEW_UNREFERENCED_LARGE	11805575	11.259	Assets/Procedural Worlds/Packages - Install/Stamps/Islands/4k Island 4.exr
REVIEW_UNREFERENCED_LARGE	11733160	11.190	Assets/TemplesKor/Textures/T_K_Kirim_Dae_Roof_B/T_K_Kirim_Dae_Roof_B_S.png
REVIEW_UNREFERENCED_LARGE	11636830	11.098	Assets/TemplesKor/Textures/T_K_Kirim_Dae_Roof_B/T_K_Kirim_Dae_Roof_B_N.png
REVIEW_UNREFERENCED_LARGE	11592149	11.055	Assets/TemplesKor/Textures/T_Sun_Dae_Jang_S.png
REVIEW_UNREFERENCED_LARGE	11480456	10.949	Assets/Procedural Worlds/Packages - Install/Stamps/Mesas/4k Mesa 1.exr
REVIEW_UNREFERENCED_LARGE	11468339	10.937	Assets/Procedural Worlds/Packages - Install/Stamps/Mountains/4k Mountain 4.exr
REVIEW_UNREFERENCED_LARGE	11272510	10.750	Assets/Procedural Worlds/Packages - Install/Stamps/Mesas/4k Mesa 2.exr
REVIEW_UNREFERENCED_LARGE	11213787	10.694	Assets/TemplesKor/Textures/T_SC_Seonamsa_Sajeokbi_S.png
REVIEW_UNREFERENCED_LARGE	11133358	10.618	Assets/TemplesKor/Textures/T_Sun_Dae_Roof_S.png
REVIEW_UNREFERENCED_LARGE	11126140	10.611	Assets/Naganeupseong/Resource/Textures/Ox_Mill01a/T_Ox_Mill01a_R.png
REVIEW_UNREFERENCED_LARGE	11079718	10.566	Assets/TemplesKor/Textures/T_Sun_Won_Roof_S.png
REVIEW_UNREFERENCED_LARGE	11041063	10.530	Assets/Procedural Worlds/Packages - Install/Stamps/Mountains/4k Mountain 5.exr
REVIEW_UNREFERENCED_LARGE	11032673	10.522	Assets/TemplesKor/Textures/T_Sun_Toilet_Floor_BC.png
REVIEW_UNREFERENCED_LARGE	10996672	10.487	Assets/TemplesKor/Textures/T_SC_Seonamsa_Sajeokbi_N.png
REVIEW_UNREFERENCED_LARGE	10969509	10.461	Assets/Procedural Worlds/Packages - Install/Sky & Lighting Presets/Skyboxes/GaiaSampleEveningTinted.hdr
REVIEW_UNREFERENCED_LARGE	10947412	10.440	Assets/TemplesKor/Textures/T_Sun_Kak_Gang_S.png
REVIEW_UNREFERENCED_LARGE	10864679	10.361	Assets/Procedural Worlds/Packages - Install/Stamps/Mountains/4k Mountain 2.exr
REVIEW_UNREFERENCED_LARGE	10694060	10.199	Assets/TemplesKor/Textures/T_Sun_Gate_Dori_A/T_Sun_Gate_Dori_A_N.png
REVIEW_UNREFERENCED_LARGE	10694060	10.199	Assets/TemplesKor/Textures/T_Sun_Gate_Dori_B/T_Sun_Gate_Dori_B_N.png
REVIEW_UNREFERENCED_LARGE	10686602	10.192	Assets/Procedural Worlds/Packages - Install/Stamps/Mountains/4k Mountain 1.exr
REVIEW_UNREFERENCED_LARGE	10637112	10.144	Assets/TemplesKor/Textures/T_Sun_Gate_Pillar/T_Sun_Gate_Pillar_BC.png
REVIEW_UNREFERENCED_LARGE	10613715	10.122	Assets/TemplesKor/Textures/T_Sun_Gate_Dori_B/T_Sun_Gate_Dori_B_S.png
REVIEW_UNREFERENCED_LARGE	10613715	10.122	Assets/TemplesKor/Textures/T_Sun_Gate_Dori_A/T_Sun_Gate_Dori_A_S.png
REVIEW_UNREFERENCED_LARGE	10513551	10.027	Assets/TemplesKor/Textures/T_Sun_Pal_Kidan/T_Sun_Pal_Kidan_S.png
REVIEW_UNREFERENCED_LARGE	10443000	9.959	Assets/TemplesKor/Textures/T_Sun_Dae_Roof_N.png
REVIEW_UNREFERENCED_LARGE	10390646	9.909	Assets/Procedural Worlds/Packages - Install/Gaia Water/Content Resources/Textures/Foam Textures/PW_ShoreFoamWithMask.psd
REVIEW_UNREFERENCED_LARGE	10368162	9.888	Assets/TemplesKor/Textures/T_Sun_Won_Roof_N.png
REVIEW_UNREFERENCED_LARGE	10304672	9.827	Assets/TemplesKor/Textures/T_Sun_Dae_Jang_N.png
REVIEW_UNREFERENCED_LARGE	10254134	9.779	Assets/TemplesKor/Textures/T_SC_Seonamsa_MaAeyeoraeipsang_S.png
REVIEW_UNREFERENCED_LARGE	10191617	9.719	Assets/TemplesKor/Textures/T_SC_Seonamsa_MaAeyeoraeipsang_N.png
REVIEW_UNREFERENCED_LARGE	10189829	9.718	Assets/Procedural Worlds/Packages - Install/Stamps/Mountains/4k Mountain 3.exr
REVIEW_UNREFERENCED_LARGE	10172155	9.701	Assets/TemplesKor/Textures/T_Sun_Kak_Gang_N.png
REVIEW_UNREFERENCED_LARGE	10106622	9.638	Assets/Procedural Worlds/Packages - Install/Stamps/Mesas/4k Mesa 4.exr
REVIEW_UNREFERENCED_LARGE	10072579	9.606	Assets/TemplesKor/Textures/T_Ssang_Dae_Roof_S.png
REVIEW_UNREFERENCED_LARGE	10049655	9.584	Assets/TemplesKor/Textures/T_Sun_Pal_Kidan/T_Sun_Pal_Kidan_N.png
REVIEW_UNREFERENCED_LARGE	10006315	9.543	Assets/TemplesKor/Textures/T_SC_Seonamsa_East_Stupa_S.png
REVIEW_UNREFERENCED_LARGE	9890084	9.432	Assets/Procedural Worlds/Packages - Install/Stamps/Hills/4k Hills 3.exr
REVIEW_UNREFERENCED_LARGE	9870762	9.413	Assets/TemplesKor/Textures/T_Sun_Pal_Roof_B/T_Sun_Pal_Roof_B_N.png
REVIEW_UNREFERENCED_LARGE	9869025	9.412	Assets/TemplesKor/Textures/T_SC_Seonamsa_North_Stupa_S.png
REVIEW_UNREFERENCED_LARGE	9820399	9.365	Assets/TemplesKor/Textures/T_SC_Seonamsa_Jungsubi_N.png
REVIEW_UNREFERENCED_LARGE	9818584	9.364	Assets/TemplesKor/Textures/T_Song_Jong_Kidan_N.png
REVIEW_UNREFERENCED_LARGE	9738705	9.288	Assets/TemplesKor/Textures/T_SC_Seonamsa_Jungsubi_S.png
REVIEW_UNREFERENCED_LARGE	9738032	9.287	Assets/TemplesKor/Textures/T_Sun_Dae_Kidan_S.png
REVIEW_UNREFERENCED_LARGE	9604063	9.159	Assets/Procedural Worlds/Packages - Install/Stamps/Islands/4k Island 5.exr
REVIEW_UNREFERENCED_LARGE	9595666	9.151	Assets/TemplesKor/Textures/T_Sun_Pal_Roof_B/T_Sun_Pal_Roof_B_S.png
REVIEW_UNREFERENCED_LARGE	9568548	9.125	Assets/TemplesKor/Textures/T_Ssang_Dae_Kidan_S.png
REVIEW_UNREFERENCED_LARGE	9544042	9.102	Assets/TemplesKor/Textures/T_SC_West_Three_Stone_Pagoda_S.png
REVIEW_UNREFERENCED_LARGE	9451087	9.013	Assets/TemplesKor/Textures/T_SC_Seonamsa_East_Stupa_N.png
REVIEW_UNREFERENCED_LARGE	9446560	9.009	Assets/TemplesKor/Textures/T_SC_Seonamsa_Daegagam_Stupa_N.png
REVIEW_UNREFERENCED_LARGE	9445053	9.008	Assets/TemplesKor/Textures/T_Sun_Bul_Roof_S.png
REVIEW_UNREFERENCED_LARGE	9406688	8.971	Assets/TemplesKor/Textures/T_SC_Seonamsa_Daegagam_Stupa_S.png
REVIEW_UNREFERENCED_LARGE	9396094	8.961	Assets/TemplesKor/Textures/T_SC_Seonamsa_North_Stupa_N.png
REVIEW_UNREFERENCED_LARGE	9359234	8.926	Assets/TemplesKor/Textures/T_SC_West_Three_Stone_Pagoda_N.png
REVIEW_UNREFERENCED_LARGE	9338081	8.905	Assets/Procedural Worlds/Packages - Install/Stamps/Hills/4K Hills 4.exr
REVIEW_UNREFERENCED_LARGE	9281342	8.851	Assets/Procedural Worlds/Packages - Install/Stamps/Hills/4K Hills 5.exr
REVIEW_UNREFERENCED_LARGE	9131162	8.708	Assets/TemplesKor/Textures/T_SC_East_Three_Stone_Pagoda_N.png
REVIEW_UNREFERENCED_LARGE	9104236	8.682	Assets/TemplesKor/Textures/T_SC_East_Three_Stone_Pagoda_S.png
REVIEW_UNREFERENCED_LARGE	8977230	8.561	Assets/TemplesKor/Textures/T_Ssang_Dae_Roof_N.png
REVIEW_UNREFERENCED_LARGE	8975138	8.559	Assets/TemplesKor/Textures/T_Geumsan_Mi_Bang_AO.png
REVIEW_UNREFERENCED_LARGE	8868875	8.458	Assets/Procedural Worlds/Packages - Install/Stamps/Rivers/4k River 1.exr
REVIEW_UNREFERENCED_LARGE	8844972	8.435	Assets/TemplesKor/Textures/T_Ssang_Dae_Kidan_N.png
REVIEW_UNREFERENCED_LARGE	8826228	8.417	Assets/Naganeupseong/Resource/Textures/Watermill/T_Watermill_01_N.png
REVIEW_UNREFERENCED_LARGE	8776856	8.370	Assets/Procedural Worlds/Packages - Install/Stamps/Islands/4k Island 1.exr
REVIEW_UNREFERENCED_LARGE	8675953	8.274	Assets/TemplesKor/Textures/T_K_Kirim_Dae_Gong_D/T_K_Kirim_Dae_Gong_D_N.png
REVIEW_UNREFERENCED_LARGE	8609233	8.210	Assets/TemplesKor/Textures/T_Ssang_Dae_Jang_S.png
REVIEW_UNREFERENCED_LARGE	8579169	8.182	Assets/TemplesKor/Textures/T_Sun_Bul_Roof_N.png
REVIEW_UNREFERENCED_LARGE	8558298	8.162	Assets/Naganeupseong/Resource/Textures/Prop/T_Fire_Pot01a_N.png
REVIEW_UNREFERENCED_LARGE	8473609	8.081	Assets/TemplesKor/Textures/T_SC_Seonamsa_Samindang_S.png
REVIEW_UNREFERENCED_LARGE	8353366	7.966	Assets/TemplesKor/Textures/T_Sun_Dae_Kidan_N.png
REVIEW_UNREFERENCED_LARGE	8158984	7.781	Assets/TemplesKor/Textures/T_SC_Seonamsa_Samindang_N.png
REVIEW_UNREFERENCED_LARGE	8035783	7.664	Assets/TemplesKor/Textures/T_Geumsan_Mi_Kidan_S.png
REVIEW_UNREFERENCED_LARGE	7896304	7.531	Assets/Procedural Worlds/Packages - Install/Stamps/Islands/4k Island 2.exr
REVIEW_UNREFERENCED_LARGE	7878543	7.514	Assets/TemplesKor/Textures/T_K_Kirim_Dae_Gongpo/T_K_Kirim_Dae_Gongpo_BC.png
REVIEW_UNREFERENCED_LARGE	7770338	7.410	Assets/TemplesKor/Textures/T_K_Kirim_Dae_Wall_H/T_K_Kirim_Dae_Wall_H_BC.png
REVIEW_UNREFERENCED_LARGE	7742566	7.384	Assets/TemplesKor/Textures/T_Sun_Bul_gong_S.png
REVIEW_UNREFERENCED_LARGE	7697107	7.341	Assets/TemplesKor/Textures/T_Sun_Kak_Dori_A_BC.png
REVIEW_UNREFERENCED_LARGE	7697101	7.341	Assets/TemplesKor/Textures/T_Sun_Kak_Dori_B_BC.png
REVIEW_UNREFERENCED_LARGE	7670633	7.315	Assets/TemplesKor/Textures/T_Sun_Gate_Roof_A/T_Sun_Gate_Roof_A_S.png
REVIEW_UNREFERENCED_LARGE	7644724	7.291	Assets/TemplesKor/Textures/T_K_Kirim_Dae_Gong_D/T_K_Kirim_Dae_Gong_D_S.png
REVIEW_UNREFERENCED_LARGE	7644321	7.290	Assets/TemplesKor/Textures/T_Ssang_Dae_Jang_N.png
REVIEW_UNREFERENCED_LARGE	7624250	7.271	Assets/TemplesKor/Textures/T_Sun_Dae_Bang_B_BC.png
REVIEW_UNREFERENCED_LARGE	7624250	7.271	Assets/TemplesKor/Textures/T_Sun_Dae_Bang_A_BC.png
REVIEW_UNREFERENCED_LARGE	7606201	7.254	Assets/Naganeupseong/Scene/Resource/Terrain/T_Ground02b_N.png
REVIEW_UNREFERENCED_LARGE	7600565	7.248	Assets/Procedural Worlds/Packages - Install/Stamps/Mesas/4k Mesa 3.exr
REVIEW_UNREFERENCED_LARGE	7588354	7.237	Assets/TemplesKor/Textures/T_Sun_Toilet_Wall_J_BC.png
REVIEW_UNREFERENCED_LARGE	7563323	7.213	Assets/TemplesKor/Textures/T_Sun_Gate_Roof_B/T_Sun_Gate_Roof_B_N.png
REVIEW_UNREFERENCED_LARGE	7517666	7.169	Assets/TemplesKor/Textures/T_Sun_Gate_Roof_B/T_Sun_Gate_Roof_B_S.png
REVIEW_UNREFERENCED_LARGE	7471024	7.125	Assets/TemplesKor/Textures/T_Sun_Gate_Gongpo_A_B/T_Sun_Gate_Gongpo_A_B_BC.png
REVIEW_UNREFERENCED_LARGE	7422129	7.078	Assets/TemplesKor/Textures/T_Sun_Gate_Roof_A/T_Sun_Gate_Roof_A_N.png
REVIEW_UNREFERENCED_LARGE	7352609	7.012	Assets/TemplesKor/Textures/T_Sun_Bul_gong_N.png
REVIEW_UNREFERENCED_LARGE	7299621	6.961	Assets/Naganeupseong/Resource/Textures/Door/T_Door01k_N.png
REVIEW_UNREFERENCED_LARGE	7210512	6.876	Assets/TemplesKor/Textures/T_K_Kirim_Dae_Wall_C/T_K_Kirim_Dae_Wall_C_BC.png
REVIEW_UNREFERENCED_LARGE	7161579	6.830	Assets/TemplesKor/Textures/T_Sun_Kak_Kidan_BC.png
REVIEW_UNREFERENCED_LARGE	7083405	6.755	Assets/Naganeupseong/Resource/Textures/Prop/T_A_frame_Carrier01b_N.png
REVIEW_UNREFERENCED_LARGE	7048850	6.722	Assets/TemplesKor/Textures/T_Sun_Toilet_Kidan_A_N.png
REVIEW_UNREFERENCED_LARGE	7024967	6.700	Assets/TemplesKor/Textures/T_K_Kirim_Dae_Dori/T_K_Kirim_Dae_Dori_N.png
REVIEW_UNREFERENCED_LARGE	6995638	6.672	Assets/TemplesKor/Textures/T_K_Kirim_Dae_Wall_F/T_K_Kirim_Dae_Wall_F_BC.png
REVIEW_UNREFERENCED_LARGE	6985718	6.662	Assets/TemplesKor/Textures/T_Geumsan_Mi_Kidan_N.png
REVIEW_UNREFERENCED_LARGE	6968619	6.646	Assets/Naganeupseong/Resource/Textures/Prop/T_Cart01a_01_N.png
REVIEW_UNREFERENCED_LARGE	6935547	6.614	Assets/Naganeupseong/Resource/Textures/Door/T_Door01k_BC.png
REVIEW_UNREFERENCED_LARGE	6935335	6.614	Assets/TemplesKor/Textures/T_Song_Jong_Roof_N.png
REVIEW_UNREFERENCED_LARGE	6871544	6.553	Assets/TemplesKor/Textures/T_K_Kirim_Dae_Wall_D/T_K_Kirim_Dae_Wall_D_BC.png
REVIEW_UNREFERENCED_LARGE	6820552	6.505	Assets/Procedural Worlds/Packages - Install/Stamps/Rivers/4k River 2.exr
REVIEW_UNREFERENCED_LARGE	6785110	6.471	Assets/TemplesKor/Textures/T_K_Kirim_Dae_Dori/T_K_Kirim_Dae_Dori_S.png
REVIEW_UNREFERENCED_LARGE	6690933	6.381	Assets/TemplesKor/Textures/T_Sun_toilet_Roof_S.png
REVIEW_UNREFERENCED_LARGE	6592706	6.287	Assets/Naganeupseong/Resource/Textures/Prop/T_Cart01a_02_N.png
REVIEW_UNREFERENCED_LARGE	6563888	6.260	Assets/TemplesKor/Textures/T_Sun_Toilet_Kidan_B_N.png
REVIEW_UNREFERENCED_LARGE	6530818	6.228	Assets/Procedural Worlds/Packages - Install/Stamps/Rivers/4k River 4.exr
REVIEW_UNREFERENCED_LARGE	6513158	6.211	Assets/TemplesKor/Textures/T_Sun_Toilet_Kidan_A_S.png
REVIEW_UNREFERENCED_LARGE	6512364	6.211	Assets/Procedural Worlds/Packages - Install/Stamps/Plains/4k Plains 5.exr
REVIEW_UNREFERENCED_LARGE	6401573	6.105	Assets/TemplesKor/Textures/T_K_Kirim_Dae_Roof_A/T_K_Kirim_Dae_Roof_A_S.png
REVIEW_UNREFERENCED_LARGE	6391549	6.095	Assets/Procedural Worlds/Packages - Install/Stamps/Mesas/4k Mesa 5.exr
REVIEW_UNREFERENCED_LARGE	6339842	6.046	Assets/Procedural Worlds/Packages - Install/Stamps/Rivers/4k River 3.exr
REVIEW_UNREFERENCED_LARGE	6332137	6.039	Assets/TemplesKor/Textures/T_Sun_toilet_Roof_N.png
REVIEW_UNREFERENCED_LARGE	6307595	6.015	Assets/Procedural Worlds/Packages - Install/Stamps/Plains/4k Plains 4.exr
REVIEW_UNREFERENCED_LARGE	6296710	6.005	Assets/TemplesKor/Textures/T_K_Kirim_Dae_Wall_B/T_K_Kirim_Dae_Wall_B_BC.png
REVIEW_UNREFERENCED_LARGE	6295447	6.004	Assets/TemplesKor/Textures/T_Song_Jong_Roof_S.png
REVIEW_UNREFERENCED_LARGE	6223211	5.935	Assets/TemplesKor/Textures/T_K_Kirim_Dae_Wall_G/T_K_Kirim_Dae_Wall_G_BC.png
REVIEW_UNREFERENCED_LARGE	6179350	5.893	Assets/TemplesKor/Textures/T_K_Kirim_Dae_Wall_E/T_K_Kirim_Dae_Wall_E_BC.png
REVIEW_UNREFERENCED_LARGE	6157393	5.872	Assets/Procedural Worlds/Packages - Install/Stamps/Plains/4k Plains 2.exr
REVIEW_UNREFERENCED_LARGE	6150115	5.865	Assets/TemplesKor/Textures/T_Geumsan_Mi_Roof_S.png
REVIEW_UNREFERENCED_LARGE	6140506	5.856	Assets/Naganeupseong/Resource/Textures/Watermill/T_Watermill_02_BC.png
REVIEW_UNREFERENCED_LARGE	6111554	5.828	Assets/TemplesKor/Textures/T_Geumsan_Mi_Dori_S.png
REVIEW_UNREFERENCED_LARGE	6095910	5.814	Assets/TemplesKor/Textures/T_Geumsan_Mi_Roof_N.png
REVIEW_UNREFERENCED_LARGE	6057697	5.777	Assets/TemplesKor/Textures/T_Song_Jong_Floor_S.png
REVIEW_UNREFERENCED_LARGE	6041443	5.762	Assets/Procedural Worlds/Packages - Install/Stamps/Plains/4k Plains 1.exr
REVIEW_UNREFERENCED_LARGE	6024892	5.746	Assets/TemplesKor/Textures/T_K_Kirim_Dae_Roof_A/T_K_Kirim_Dae_Roof_A_N.png
REVIEW_UNREFERENCED_LARGE	5984871	5.708	Assets/TemplesKor/Textures/T_Sun_Bul_Kidan_BC.png
REVIEW_UNREFERENCED_LARGE	5937493	5.662	Assets/Naganeupseong/Resource/Textures/Watermill/T_Watermill_02_N.png
REVIEW_UNREFERENCED_LARGE	5925926	5.651	Assets/TemplesKor/Textures/T_Song_Jong_Floor_N.png
REVIEW_UNREFERENCED_LARGE	5896006	5.623	Assets/Procedural Worlds/Packages - Install/Stamps/Valleys/4k Valley 1.exr
REVIEW_UNREFERENCED_LARGE	5862432	5.591	Assets/Naganeupseong/Resource/Textures/Prop/T_Fire_Pot01a_BC.png
REVIEW_UNREFERENCED_LARGE	5860370	5.589	Assets/Procedural Worlds/Packages - Install/Stamps/Hills/4k Hills 2.exr
REVIEW_UNREFERENCED_LARGE	5859814	5.588	Assets/Naganeupseong/Resource/Textures/Watermill/T_Watermill_01_BC.png
REVIEW_UNREFERENCED_LARGE	5765857	5.499	Assets/TemplesKor/Textures/T_Sun_Pal_Bang/T_Sun_Pal_Bang_N.png
REVIEW_UNREFERENCED_LARGE	5695219	5.431	Assets/TemplesKor/Textures/T_Geumsan_Mi_Dori_N.png
REVIEW_UNREFERENCED_LARGE	5640993	5.380	Assets/Naganeupseong/Resource/Textures/Prop/T_A_frame_Carrier01b_BC.png
REVIEW_UNREFERENCED_LARGE	5596218	5.337	Assets/Procedural Worlds/Packages - Install/Stamps/Plains/4k Plains 3.exr
REVIEW_UNREFERENCED_LARGE	5580351	5.322	Assets/Naganeupseong/Scene/Resource/Terrain/T_Ground02b_BC.png
REVIEW_UNREFERENCED_LARGE	5553891	5.297	Assets/TemplesKor/Textures/T_SC_Seonamsa_Seungseongyo_S.png
REVIEW_UNREFERENCED_LARGE	5546056	5.289	Assets/TemplesKor/Textures/T_Sun_Pal_Bang/T_Sun_Pal_Bang_S.png
REVIEW_UNREFERENCED_LARGE	5518224	5.263	Assets/TemplesKor/Textures/T_Sun_Toilet_Wall_K_BC.png
REVIEW_UNREFERENCED_LARGE	5491636	5.237	Assets/Naganeupseong/Resource/Textures/Prop/T_Cart01a_02_BC.png
REVIEW_UNREFERENCED_LARGE	5458428	5.206	Assets/Naganeupseong/Resource/Textures/Prop/T_Pantry_Chest_01_BC.png
REVIEW_UNREFERENCED_LARGE	5451166	5.199	Assets/Procedural Worlds/Packages - Install/Stamps/Valleys/4k Valley 4.exr
REVIEW_UNREFERENCED_LARGE	5392133	5.142	Assets/Naganeupseong/Resource/Textures/Prop/T_Cart01a_01_BC.png
REVIEW_UNREFERENCED_LARGE	5341169	5.094	Assets/TemplesKor/Textures/T_Ssang_Dae_Wall_E_BC.png
REVIEW_UNREFERENCED_LARGE	5314655	5.068	Assets/Procedural Worlds/Packages - Install/Stamps/Valleys/4k Valley 5.exr
REVIEW_UNREFERENCED_LARGE	5247060	5.004	Assets/TemplesKor/Textures/T_Sun_Dae_Wall_A_BC.png
REVIEW_UNREFERENCED_LARGE	5230691	4.988	Assets/TemplesKor/Textures/T_WJ_Songgwangsa_Bell_Tower_Bell_S.png
REVIEW_UNREFERENCED_LARGE	5230447	4.988	Assets/Procedural Worlds/Packages - Install/Sky & Lighting Presets/Textures/LensDirt03.png
REVIEW_UNREFERENCED_LARGE	5224003	4.982	Assets/Procedural Worlds/Packages - Install/Stamps/Valleys/4k Valley 2.exr
REVIEW_UNREFERENCED_LARGE	5223646	4.982	Assets/Procedural Worlds/Packages - Install/Stamps/Rivers/4k River 5.exr
REVIEW_UNREFERENCED_LARGE	5197040	4.956	Assets/Procedural Worlds/Packages - Install/Stamps/Valleys/4k Valley 3.exr
REVIEW_UNREFERENCED_LARGE	5188418	4.948	Assets/TemplesKor/Textures/T_SC_Seonamsa_Seungseongyo_N.png
REVIEW_UNREFERENCED_LARGE	5168028	4.929	Assets/TemplesKor/Textures/T_Sun_Toilet_Kidan_B_S.png
REVIEW_UNREFERENCED_LARGE	5113677	4.877	Assets/TemplesKor/Textures/T_Sun_Kak_Wall_C_BC.png
REVIEW_UNREFERENCED_LARGE	5034178	4.801	Assets/TemplesKor/Textures/T_Ssang_Dae_Wall_C_BC.png
REVIEW_UNREFERENCED_LARGE	5030733	4.798	Assets/Procedural Worlds/Packages - Install/Sky & Lighting Presets/Textures/LensDirt00.png
REVIEW_UNREFERENCED_LARGE	4965294	4.735	Assets/TemplesKor/Textures/T_Sun_Toilet_Wall_A_BC.png
REVIEW_UNREFERENCED_LARGE	4944904	4.716	Assets/Procedural Worlds/Packages - Install/Stamps/Hills/4k Hills 1.exr
REVIEW_UNREFERENCED_LARGE	4933967	4.705	Assets/TemplesKor/Textures/T_Ssang_Dae_Wall_D_BC.png
REVIEW_UNREFERENCED_LARGE	4900163	4.673	Assets/TemplesKor/Textures/T_Ssang_Dae_Wall_B_BC.png
REVIEW_UNREFERENCED_LARGE	4890150	4.664	Assets/TemplesKor/Textures/T_Sun_Kak_Wall_B_BC.png
REVIEW_UNREFERENCED_LARGE	4859588	4.634	Assets/TemplesKor/Textures/T_Sun_Toilet_Wall_I_BC.png
REVIEW_UNREFERENCED_LARGE	4848893	4.624	Assets/TemplesKor/Textures/T_Sun_Kak_Wall_D_BC.png
REVIEW_UNREFERENCED_LARGE	4839198	4.615	Assets/TemplesKor/Textures/T_Geumsan_Mi_Wall_A_BC.png
REVIEW_UNREFERENCED_LARGE	4791908	4.570	Assets/TemplesKor/Textures/T_Sun_Kak_Wall_A_BC.png
REVIEW_UNREFERENCED_LARGE	4721609	4.503	Assets/Procedural Worlds/Packages - Install/Sky & Lighting Presets/Skyboxes/TerminalSky_T_HDRI.exr
REVIEW_UNREFERENCED_LARGE	4686819	4.470	Assets/TemplesKor/Textures/T_Sun_Dae_Wall_E_BC.png
REVIEW_UNREFERENCED_LARGE	4672618	4.456	Assets/TemplesKor/Textures/T_Sun_Dae_Wall_C_BC.png
REVIEW_UNREFERENCED_LARGE	4627086	4.413	Assets/TemplesKor/Textures/T_Sun_Toilet_Wall_F_BC.png
REVIEW_UNREFERENCED_LARGE	4490685	4.283	Assets/Naganeupseong/Resource/Textures/Prop/T_Grain_Rake01b_N.png
REVIEW_UNREFERENCED_LARGE	4454083	4.248	Assets/TemplesKor/Textures/T_Geumsan_Mi_Wall_D_BC.png
REVIEW_UNREFERENCED_LARGE	4444818	4.239	Assets/TemplesKor/Textures/T_Sun_Toilet_Floor_N.png
REVIEW_UNREFERENCED_LARGE	4442288	4.236	Assets/TemplesKor/Textures/T_WJ_Songgwangsa_Bell_Tower_Hyeonpan_S.png
REVIEW_UNREFERENCED_LARGE	4417535	4.213	Assets/TemplesKor/Textures/T_WJ_Songgwangsa_Bell_Tower_Bell_N.png
REVIEW_UNREFERENCED_LARGE	4413021	4.209	Assets/TemplesKor/Textures/T_Sun_Won_Wall_C_BC.png
REVIEW_UNREFERENCED_LARGE	4377301	4.175	Assets/TemplesKor/Textures/T_K_Kirim_Dae_Wall_A/T_K_Kirim_Dae_Wall_A_BC.png
REVIEW_UNREFERENCED_LARGE	4316695	4.117	Assets/TemplesKor/Textures/T_Sun_Bul_Wall_D_BC.png
REVIEW_UNREFERENCED_LARGE	4276701	4.079	Assets/TemplesKor/Textures/T_Sun_Kak_Dori_B_AO.png
REVIEW_UNREFERENCED_LARGE	4276701	4.079	Assets/TemplesKor/Textures/T_Sun_Kak_Dori_A_AO.png
REVIEW_UNREFERENCED_LARGE	4265318	4.068	Assets/TemplesKor/Textures/T_Sun_Dae_Wall_A_AO.png
REVIEW_UNREFERENCED_LARGE	4252640	4.056	Assets/TemplesKor/Meshes/SM_SC_Seonamsa_Sajeokbi.fbx
REVIEW_UNREFERENCED_LARGE	4250730	4.054	Assets/TemplesKor/Textures/T_Sun_Dae_Wall_D_BC.png
REVIEW_UNREFERENCED_LARGE	4248131	4.051	Assets/TemplesKor/Textures/T_Sun_Won_Wall_D_BC.png
REVIEW_UNREFERENCED_LARGE	4246197	4.049	Assets/TemplesKor/Textures/T_K_Kirim_Dae_Sign/T_K_Kirim_Dae_Sign_BC.png
REVIEW_UNREFERENCED_LARGE	4242018	4.046	Assets/TemplesKor/Textures/T_Sun_Pal_Gongpo_B/T_Sun_Pal_Gongpo_B_AO.png
REVIEW_UNREFERENCED_LARGE	4242018	4.046	Assets/TemplesKor/Textures/T_Sun_Pal_Gongpo_A/T_Sun_Pal_Gongpo_A_AO.png
REVIEW_UNREFERENCED_LARGE	4240846	4.044	Assets/TemplesKor/Textures/T_Sun_Dae_Bang_B_AO.png
REVIEW_UNREFERENCED_LARGE	4240846	4.044	Assets/TemplesKor/Textures/T_Sun_Dae_Bang_A_AO.png
REVIEW_UNREFERENCED_LARGE	4238713	4.042	Assets/TemplesKor/Textures/T_K_Kirim_Dae_Gongpo/T_K_Kirim_Dae_Gongpo_AO.png
REVIEW_UNREFERENCED_LARGE	4228182	4.032	Assets/Procedural Worlds/Packages - Install/Gaia Water/Content Resources/Textures/Foam Textures/PW_ShoreBubbles.psd
REVIEW_UNREFERENCED_LARGE	4222041	4.026	Assets/TemplesKor/Textures/T_Sun_Kak_Kidan_AO.png
REVIEW_UNREFERENCED_LARGE	4204262	4.009	Assets/TemplesKor/Textures/T_Sun_Won_Wall_A_BC.png
REVIEW_UNREFERENCED_LARGE	4198952	4.004	Assets/TemplesKor/Textures/T_Sun_Won_Wall_E_BC.png
REVIEW_UNREFERENCED_LARGE	4191950	3.998	Assets/TemplesKor/Textures/T_Sun_Gate_Gongpo_A_B/T_Sun_Gate_Gongpo_A_B_AO.png
REVIEW_UNREFERENCED_LARGE	4153837	3.961	Assets/TemplesKor/Textures/T_Sun_Toilet_Floor_S.png
REVIEW_UNREFERENCED_LARGE	4149590	3.957	Assets/TemplesKor/Textures/T_Sun_Toilet_Wall_J_AO.png
REVIEW_UNREFERENCED_LARGE	4135469	3.944	Assets/TemplesKor/Textures/T_Sun_Dae_Wall_F_BC.png
REVIEW_UNREFERENCED_LARGE	4131513	3.940	Assets/TemplesKor/Textures/T_K_Kirim_Dae_Wall_H/T_K_Kirim_Dae_Wall_H_AO.png
REVIEW_UNREFERENCED_LARGE	4109393	3.919	Assets/TemplesKor/Textures/T_Sun_Dae_Wall_B_BC.png
REVIEW_UNREFERENCED_LARGE	4088280	3.899	Assets/TemplesKor/Textures/T_K_Kirim_Dae_Wall_C/T_K_Kirim_Dae_Wall_C_AO.png
REVIEW_UNREFERENCED_LARGE	4026473	3.840	Assets/TemplesKor/Textures/T_K_Kirim_Dae_Wall_D/T_K_Kirim_Dae_Wall_D_AO.png
REVIEW_UNREFERENCED_LARGE	4008741	3.823	Assets/TemplesKor/Textures/T_Ssang_Dae_Wall_A_BC.png
REVIEW_UNREFERENCED_LARGE	3991980	3.807	Assets/TemplesKor/Textures/T_Sun_Gate_Bang/T_Sun_Gate_Bang_AO.png
REVIEW_UNREFERENCED_LARGE	3978915	3.795	Assets/TemplesKor/Textures/T_K_Kirim_Dae_Wall_F/T_K_Kirim_Dae_Wall_F_AO.png
REVIEW_UNREFERENCED_LARGE	3969666	3.786	Assets/TemplesKor/Textures/T_WJ_Songgwangsa_Bell_Tower_Woodenfish_S.png
REVIEW_UNREFERENCED_LARGE	3948637	3.766	Assets/TemplesKor/Textures/T_Sun_Toilet_Wall_K_AO.png
REVIEW_UNREFERENCED_LARGE	3945494	3.763	Assets/Naganeupseong/Resource/Textures/Watermill/T_Watermill_02_R.png
REVIEW_UNREFERENCED_LARGE	3914390	3.733	Assets/TemplesKor/Textures/T_K_Kirim_Dae_Wall_B/T_K_Kirim_Dae_Wall_B_AO.png
REVIEW_UNREFERENCED_LARGE	3903386	3.723	Assets/TemplesKor/Textures/T_Sun_Toilet_Wall_G_BC.png
REVIEW_UNREFERENCED_LARGE	3898854	3.718	Assets/TemplesKor/Textures/T_Sun_Bul_Wall_C_BC.png
REVIEW_UNREFERENCED_LARGE	3885106	3.705	Assets/TemplesKor/Textures/T_K_Kirim_Dae_Wall_G/T_K_Kirim_Dae_Wall_G_AO.png
REVIEW_UNREFERENCED_LARGE	3877571	3.698	Assets/Procedural Worlds/Packages - Install/Stamps/Masks/Mask - 2k Noise.exr
REVIEW_UNREFERENCED_LARGE	3875037	3.696	Assets/TemplesKor/Textures/T_Ssang_Dae_Wall_C_AO.png
REVIEW_UNREFERENCED_LARGE	3854971	3.676	Assets/TemplesKor/Textures/T_Sun_Bul_Kidan_AO.png
REVIEW_UNREFERENCED_LARGE	3852383	3.674	Assets/TemplesKor/Textures/T_Sun_Gate_Pillar/T_Sun_Gate_Pillar_AO.png
REVIEW_UNREFERENCED_LARGE	3846394	3.668	Assets/TemplesKor/Textures/T_WJ_Songgwangsa_Bell_Tower_Hyeonpan_N.png
REVIEW_UNREFERENCED_LARGE	3846150	3.668	Assets/Naganeupseong/Resource/Textures/Watermill/T_Watermill_01_AO.png
REVIEW_UNREFERENCED_LARGE	3807384	3.631	Assets/TemplesKor/Textures/T_K_Kirim_Dae_Wall_E/T_K_Kirim_Dae_Wall_E_AO.png
REVIEW_UNREFERENCED_LARGE	3806241	3.630	Assets/TemplesKor/Textures/T_Sun_Toilet_Wall_A_AO.png
REVIEW_UNREFERENCED_LARGE	3800677	3.625	Assets/Procedural Worlds/Packages - Install/Stamps/Mesas/2k Mesa 5.exr
REVIEW_UNREFERENCED_LARGE	3799147	3.623	Assets/TemplesKor/Textures/T_Geumsan_Mi_Wall_I_BC.png
REVIEW_UNREFERENCED_LARGE	3799147	3.623	Assets/TemplesKor/Textures/T_Geumsan_Mi_Wall_G_BC.png
REVIEW_UNREFERENCED_LARGE	3787182	3.612	Assets/TemplesKor/Textures/T_Ssang_Dae_Wall_D_AO.png
REVIEW_UNREFERENCED_LARGE	3770694	3.596	Assets/TemplesKor/Textures/T_Geumsan_Mi_Wall_F_BC.png
REVIEW_UNREFERENCED_LARGE	3729590	3.557	Assets/TemplesKor/Textures/T_Sun_Toilet_Wall_B_BC.png
REVIEW_UNREFERENCED_LARGE	3716534	3.544	Assets/TemplesKor/Textures/T_Sun_Toilet_Wall_I_AO.png
REVIEW_UNREFERENCED_LARGE	3714100	3.542	Assets/TemplesKor/Textures/T_Sun_Kak_Wall_D_AO.png
REVIEW_UNREFERENCED_LARGE	3712885	3.541	Assets/TemplesKor/Textures/T_Ssang_Dae_Wall_B_AO.png
REVIEW_UNREFERENCED_LARGE	3712133	3.540	Assets/Procedural Worlds/Packages - Install/Stamps/Hills/2K Hills 2.exr
REVIEW_UNREFERENCED_LARGE	3686140	3.515	Assets/TemplesKor/Textures/T_Sun_Bul_Wall_B_BC.png
REVIEW_UNREFERENCED_LARGE	3682767	3.512	Assets/TemplesKor/Textures/T_Geumsan_Mi_Wall_A_AO.png
REVIEW_UNREFERENCED_LARGE	3682093	3.512	Assets/TemplesKor/Textures/T_Sun_Kak_Wall_A_AO.png
REVIEW_UNREFERENCED_LARGE	3677944	3.508	Assets/TemplesKor/Textures/T_Sun_Toilet_Wall_F_AO.png
REVIEW_UNREFERENCED_LARGE	3677139	3.507	Assets/TemplesKor/Textures/T_Geumsan_Mi_Wall_C_BC.png
REVIEW_UNREFERENCED_LARGE	3672691	3.503	Assets/TemplesKor/Textures/T_Sun_Bul_Wall_A_BC.png
REVIEW_UNREFERENCED_LARGE	3672476	3.502	Assets/TemplesKor/Textures/T_Sun_Kak_Wall_B_AO.png
REVIEW_UNREFERENCED_LARGE	3659989	3.490	Assets/TemplesKor/Textures/T_Geumsan_Mi_Wall_B_BC.png
REVIEW_UNREFERENCED_LARGE	3659865	3.490	Assets/Procedural Worlds/Packages - Install/Stamps/Hills/2k Hills 5.exr
REVIEW_UNREFERENCED_LARGE	3657471	3.488	Assets/TemplesKor/Textures/T_Sun_Kak_Wall_C_AO.png
REVIEW_UNREFERENCED_LARGE	3655208	3.486	Assets/TemplesKor/Textures/T_K_Kirim_Dae_Sign/T_K_Kirim_Dae_Sign_AO.png
REVIEW_UNREFERENCED_LARGE	3633405	3.465	Assets/Naganeupseong/Resource/Textures/Watermill/T_Watermill_01_R.png
REVIEW_UNREFERENCED_LARGE	3625252	3.457	Assets/TemplesKor/Textures/T_Sun_Pal_Wall_E/T_Sun_Pal_Wall_E_AO.png
REVIEW_UNREFERENCED_LARGE	3610845	3.444	Assets/TemplesKor/Textures/T_Sun_Pal_Wall_D/T_Sun_Pal_Wall_D_AO.png
REVIEW_UNREFERENCED_LARGE	3609632	3.442	Assets/TemplesKor/Textures/T_Sun_Dae_Wall_E_AO.png
REVIEW_UNREFERENCED_LARGE	3601385	3.435	Assets/TemplesKor/Textures/T_Sun_Toilet_Wall_B_AO.png
REVIEW_UNREFERENCED_LARGE	3580733	3.415	Assets/TemplesKor/Textures/T_Sun_Kak_Kidan_S.png
REVIEW_UNREFERENCED_LARGE	3568130	3.403	Assets/TemplesKor/Textures/T_Sun_Dae_Wall_D_AO.png
REVIEW_UNREFERENCED_LARGE	3559422	3.395	Assets/TemplesKor/Textures/T_Sun_Won_Wall_B_BC.png
REVIEW_UNREFERENCED_LARGE	3551549	3.387	Assets/TemplesKor/Textures/T_Ssang_Dae_Wall_E_AO.png
REVIEW_UNREFERENCED_LARGE	3549710	3.385	Assets/TemplesKor/Textures/T_Sun_Dae_Wall_C_AO.png
REVIEW_UNREFERENCED_LARGE	3541990	3.378	Assets/TemplesKor/Textures/T_Geumsan_Mi_Wall_E_BC.png
REVIEW_UNREFERENCED_LARGE	3534142	3.370	Assets/TemplesKor/Textures/T_Sun_Bul_Wall_D_AO.png
REVIEW_UNREFERENCED_LARGE	3528176	3.365	Assets/TemplesKor/Textures/T_Sun_Dae_Wall_F_AO.png
REVIEW_UNREFERENCED_LARGE	3526037	3.363	Assets/TemplesKor/Textures/T_Sun_Pal_Wall_A/T_Sun_Pal_Wall_A_AO.png
REVIEW_UNREFERENCED_LARGE	3525116	3.362	Assets/TemplesKor/Textures/T_Song_Jong_Bang_BC.png
REVIEW_UNREFERENCED_LARGE	3517443	3.354	Assets/TemplesKor/Textures/T_Sun_Won_Wall_E_AO.png
REVIEW_UNREFERENCED_LARGE	3478773	3.318	Assets/TemplesKor/Textures/T_Geumsan_Mi_Wall_F_AO.png
REVIEW_UNREFERENCED_LARGE	3477965	3.317	Assets/TemplesKor/Textures/T_Sun_Won_Wall_D_AO.png
REVIEW_UNREFERENCED_LARGE	3465622	3.305	Assets/TemplesKor/Textures/T_Sun_Won_Wall_C_AO.png
REVIEW_UNREFERENCED_LARGE	3456162	3.296	Assets/TemplesKor/Textures/T_Geumsan_Mi_Wall_I_AO.png
REVIEW_UNREFERENCED_LARGE	3456162	3.296	Assets/TemplesKor/Textures/T_Geumsan_Mi_Wall_G_AO.png
REVIEW_UNREFERENCED_LARGE	3454061	3.294	Assets/TemplesKor/Textures/T_Geumsan_Mi_Wall_D_AO.png
REVIEW_UNREFERENCED_LARGE	3451931	3.292	Assets/TemplesKor/Textures/T_Sun_Bul_Wall_B_AO.png
REVIEW_UNREFERENCED_LARGE	3447226	3.288	Assets/TemplesKor/Textures/T_Sun_Won_Wall_A_AO.png
REVIEW_UNREFERENCED_LARGE	3446863	3.287	Assets/TemplesKor/Textures/T_Sun_Kak_Kidan_N.png
REVIEW_UNREFERENCED_LARGE	3420585	3.262	Assets/TemplesKor/Textures/T_Geumsan_Mi_Wall_B_AO.png
REVIEW_UNREFERENCED_LARGE	3418929	3.261	Assets/TemplesKor/Textures/T_K_Kirim_Dae_Wall_H/T_K_Kirim_Dae_Wall_H_S.png
REVIEW_UNREFERENCED_LARGE	3409259	3.251	Assets/TemplesKor/Textures/T_WJ_Songgwangsa_Bell_Tower_Woodenfish_N.png
REVIEW_UNREFERENCED_LARGE	3406266	3.248	Assets/TemplesKor/Textures/T_Sun_Bul_Wall_C_AO.png
REVIEW_UNREFERENCED_LARGE	3402481	3.245	Assets/TemplesKor/Textures/T_K_Kirim_Dae_Wall_H/T_K_Kirim_Dae_Wall_H_N.png
REVIEW_UNREFERENCED_LARGE	3402359	3.245	Assets/TemplesKor/Textures/T_Sun_Pal_Wall_C/T_Sun_Pal_Wall_C_AO.png
REVIEW_UNREFERENCED_LARGE	3400981	3.243	Assets/TemplesKor/Textures/T_Sun_Kak_Roof_S.png
REVIEW_UNREFERENCED_LARGE	3399371	3.242	Assets/TemplesKor/Textures/T_Ssang_Dae_Wall_A_AO.png
REVIEW_UNREFERENCED_LARGE	3398834	3.241	Assets/TemplesKor/Textures/T_Sun_Pal_Wall_F/T_Sun_Pal_Wall_F_AO.png
REVIEW_UNREFERENCED_LARGE	3397113	3.240	Assets/TemplesKor/Textures/T_Sun_Pal_Wall_B/T_Sun_Pal_Wall_B_AO.png
REVIEW_UNREFERENCED_LARGE	3378373	3.222	Assets/TemplesKor/Textures/T_Sun_Dae_Wall_B_AO.png
REVIEW_UNREFERENCED_LARGE	3376913	3.220	Assets/TemplesKor/Textures/T_Song_Jong_Bang_AO.png
REVIEW_UNREFERENCED_LARGE	3366536	3.211	Assets/TemplesKor/Textures/T_Sun_Bul_Wall_A_AO.png
REVIEW_UNREFERENCED_LARGE	3346903	3.192	Assets/TemplesKor/Textures/T_Geumsan_Mi_Wall_E_AO.png
REVIEW_UNREFERENCED_LARGE	3330345	3.176	Assets/TemplesKor/Textures/T_Sun_Toilet_Wall_J_S.png
REVIEW_UNREFERENCED_LARGE	3323315	3.169	Assets/TemplesKor/Textures/T_Sun_Kak_Dori_A_N.png
REVIEW_UNREFERENCED_LARGE	3323315	3.169	Assets/TemplesKor/Textures/T_Sun_Kak_Dori_B_N.png
REVIEW_UNREFERENCED_LARGE	3288351	3.136	Assets/TemplesKor/Textures/T_Sun_Toilet_Wall_G_AO.png
REVIEW_UNREFERENCED_LARGE	3286080	3.134	Assets/TemplesKor/Textures/T_Geumsan_Mi_Wall_C_AO.png
REVIEW_UNREFERENCED_LARGE	3271719	3.120	Assets/TemplesKor/Textures/T_Sun_Kak_Dori_B_S.png
REVIEW_UNREFERENCED_LARGE	3271719	3.120	Assets/TemplesKor/Textures/T_Sun_Kak_Dori_A_S.png
REVIEW_UNREFERENCED_LARGE	3254503	3.104	Assets/Procedural Worlds/Packages - Install/Stamps/Hills/2k Hills 4.exr
REVIEW_UNREFERENCED_LARGE	3243044	3.093	Assets/TemplesKor/Textures/T_Sun_Toilet_Wall_H_AO.png
REVIEW_UNREFERENCED_LARGE	3240015	3.090	Assets/Naganeupseong/Resource/Textures/Prop/T_A_frame_Carrier01b_AO.png
REVIEW_UNREFERENCED_LARGE	3235998	3.086	Assets/Procedural Worlds/Packages - Install/Stamps/Islands/2k Island 5.exr
REVIEW_UNREFERENCED_LARGE	3234394	3.085	Assets/TemplesKor/Textures/T_Sun_Bul_Kidan_S.png
REVIEW_UNREFERENCED_LARGE	3223430	3.074	Assets/TemplesKor/Textures/T_K_Kirim_Dae_Wall_C/T_K_Kirim_Dae_Wall_C_N.png
REVIEW_UNREFERENCED_LARGE	3222007	3.073	Assets/TemplesKor/Textures/T_Geumsan_Mi_Wall_H_BC.png
REVIEW_UNREFERENCED_LARGE	3216238	3.067	Assets/TemplesKor/Textures/T_Sun_Toilet_Wall_C_BC.png
REVIEW_UNREFERENCED_LARGE	3211246	3.062	Assets/TemplesKor/Textures/T_Sun_Won_Wall_B_AO.png
REVIEW_UNREFERENCED_LARGE	3187218	3.040	Assets/TemplesKor/Textures/T_Sun_Toilet_Wall_D_AO.png
REVIEW_UNREFERENCED_LARGE	3185746	3.038	Assets/Naganeupseong/Resource/Textures/Watermill/T_Watermill_02_AO.png
REVIEW_UNREFERENCED_LARGE	3179375	3.032	Assets/TemplesKor/Textures/T_Geumsan_Mi_Wall_H_AO.png
REVIEW_UNREFERENCED_LARGE	3175839	3.029	Assets/Procedural Worlds/Packages - Install/Stamps/Mountains/2k Mountain 4.exr
REVIEW_UNREFERENCED_LARGE	3175595	3.028	Assets/TemplesKor/Textures/T_K_Kirim_Dae_Wall_F/T_K_Kirim_Dae_Wall_F_S.png
REVIEW_UNREFERENCED_LARGE	3165470	3.019	Assets/Procedural Worlds/Packages - Install/Stamps/Mountains/2k Mountain 2.exr
REVIEW_UNREFERENCED_LARGE	3162816	3.016	Assets/TemplesKor/Textures/T_Sun_Toilet_Wall_C_AO.png
REVIEW_UNREFERENCED_LARGE	3145782	3.000	Assets/Procedural Worlds/Packages - Install/Gaia Water/Content Resources/Textures/Foam Textures/PWS Shader Noise Foam Beach 001.bmp
REVIEW_UNREFERENCED_LARGE	3129873	2.985	Assets/TemplesKor/Textures/T_Sun_Toilet_Wall_E_AO.png
REVIEW_UNREFERENCED_LARGE	3119178	2.975	Assets/Naganeupseong/Resource/Textures/Door/T_Door01k_R.png
REVIEW_UNREFERENCED_LARGE	3109344	2.965	Assets/TemplesKor/Textures/T_Sun_Toilet_Wall_J_N.png
REVIEW_UNREFERENCED_LARGE	3106874	2.963	Assets/Procedural Worlds/Packages - Install/Stamps/Mountains/2k Mountain 5.exr
REVIEW_UNREFERENCED_LARGE	3095395	2.952	Assets/TemplesKor/Textures/T_Sun_Bul_Kidan_N.png
REVIEW_UNREFERENCED_LARGE	3067919	2.926	Assets/TemplesKor/Textures/T_K_Kirim_Dae_Wall_C/T_K_Kirim_Dae_Wall_C_S.png
REVIEW_UNREFERENCED_LARGE	3060708	2.919	Assets/Procedural Worlds/Packages - Install/Stamps/Mountains/2k Mountain 3.exr
REVIEW_UNREFERENCED_LARGE	3052781	2.911	Assets/Procedural Worlds/Packages - Install/Stamps/Islands/2k Island 3.exr
REVIEW_UNREFERENCED_LARGE	3016437	2.877	Assets/TemplesKor/Textures/T_Sun_Dae_Bang_A_S.png
REVIEW_UNREFERENCED_LARGE	3016437	2.877	Assets/TemplesKor/Textures/T_Sun_Dae_Bang_B_S.png
REVIEW_UNREFERENCED_LARGE	3013571	2.874	Assets/TemplesKor/Textures/T_Sun_Pal_Gongpo_B/T_Sun_Pal_Gongpo_B_S.png
REVIEW_UNREFERENCED_LARGE	3013571	2.874	Assets/TemplesKor/Textures/T_Sun_Pal_Gongpo_A/T_Sun_Pal_Gongpo_A_S.png
REVIEW_UNREFERENCED_LARGE	3010609	2.871	Assets/TemplesKor/Textures/T_K_Kirim_Dae_Wall_D/T_K_Kirim_Dae_Wall_D_N.png
REVIEW_UNREFERENCED_LARGE	3008711	2.869	Assets/TemplesKor/Textures/T_K_Kirim_Dae_Gongpo/T_K_Kirim_Dae_Gongpo_S.png
REVIEW_UNREFERENCED_LARGE	2993094	2.854	Assets/Procedural Worlds/Packages - Install/Stamps/Islands/2k Island 2.exr
REVIEW_UNREFERENCED_LARGE	2986790	2.848	Assets/TemplesKor/Scenes/Demo.unity
REVIEW_UNREFERENCED_LARGE	2983416	2.845	Assets/TemplesKor/Textures/T_Sun_Pal_Gongpo_B/T_Sun_Pal_Gongpo_B_N.png
REVIEW_UNREFERENCED_LARGE	2983416	2.845	Assets/TemplesKor/Textures/T_Sun_Pal_Gongpo_A/T_Sun_Pal_Gongpo_A_N.png
REVIEW_UNREFERENCED_LARGE	2980165	2.842	Assets/TemplesKor/Textures/T_K_Kirim_Dae_Wall_E/T_K_Kirim_Dae_Wall_E_S.png
REVIEW_UNREFERENCED_LARGE	2979775	2.842	Assets/TemplesKor/Textures/T_K_Kirim_Dae_Gongpo/T_K_Kirim_Dae_Gongpo_N.png
REVIEW_UNREFERENCED_LARGE	2978877	2.841	Assets/TemplesKor/Textures/T_Sun_Dae_Bang_A_N.png
REVIEW_UNREFERENCED_LARGE	2978877	2.841	Assets/TemplesKor/Textures/T_Sun_Dae_Bang_B_N.png
REVIEW_UNREFERENCED_LARGE	2967984	2.830	Assets/TemplesKor/Textures/T_K_Kirim_Dae_Wall_B/T_K_Kirim_Dae_Wall_B_S.png
REVIEW_UNREFERENCED_LARGE	2964948	2.828	Assets/Naganeupseong/Resource/Textures/Prop/T_Cart01a_01_R.png
REVIEW_UNREFERENCED_LARGE	2951808	2.815	Assets/TemplesKor/Textures/T_K_Kirim_Dae_Wall_D/T_K_Kirim_Dae_Wall_D_S.png
REVIEW_UNREFERENCED_LARGE	2944618	2.808	Assets/TemplesKor/Textures/T_Sun_Toilet_Bang_C_AO.png
REVIEW_UNREFERENCED_LARGE	2934838	2.799	Assets/TemplesKor/Textures/T_K_Kirim_Dae_Wall_A/T_K_Kirim_Dae_Wall_A_AO.png
REVIEW_UNREFERENCED_LARGE	2927067	2.791	Assets/Naganeupseong/Scene/Resource/T_Sky.png
REVIEW_UNREFERENCED_LARGE	2916761	2.782	Assets/TemplesKor/Textures/T_Sun_Toilet_Bang_A_AO.png
REVIEW_UNREFERENCED_LARGE	2905919	2.771	Assets/Naganeupseong/Resource/Textures/Prop/T_Cart01a_02_AO.png
REVIEW_UNREFERENCED_LARGE	2853073	2.721	Assets/TemplesKor/Textures/T_Sun_Dae_Wall_A_S.png
REVIEW_UNREFERENCED_LARGE	2851169	2.719	Assets/Procedural Worlds/Packages - Install/Stamps/Mountains/2k Mountain 1.exr
REVIEW_UNREFERENCED_LARGE	2844696	2.713	Assets/Procedural Worlds/Packages - Install/Stamps/Islands/2k Island 4.exr
REVIEW_UNREFERENCED_LARGE	2844614	2.713	Assets/TemplesKor/Textures/T_Sun_Kak_Roof_N.png
REVIEW_UNREFERENCED_LARGE	2842456	2.711	Assets/Procedural Worlds/Packages - Install/Stamps/Islands/2k Island 1.exr
REVIEW_UNREFERENCED_LARGE	2837800	2.706	Assets/Procedural Worlds/Packages - Install/Stamps/Rivers/2k River 3.exr
REVIEW_UNREFERENCED_LARGE	2818370	2.688	Assets/TemplesKor/Textures/T_K_Kirim_Dae_Wall_F/T_K_Kirim_Dae_Wall_F_N.png
REVIEW_UNREFERENCED_LARGE	2815637	2.685	Assets/TemplesKor/Textures/T_K_Kirim_Dae_Wall_G/T_K_Kirim_Dae_Wall_G_S.png
REVIEW_UNREFERENCED_LARGE	2792152	2.663	Assets/Naganeupseong/Resource/Textures/Prop/T_Straw_Mat01b_N.png
REVIEW_UNREFERENCED_LARGE	2784172	2.655	Assets/TemplesKor/Textures/T_Song_Jong_Dori_AO.png
REVIEW_UNREFERENCED_LARGE	2783600	2.655	Assets/Animations/Samurai_Katana/Basic/StandIdle.FBX
REVIEW_UNREFERENCED_LARGE	2775424	2.647	Assets/Animations/Samurai_Katana/UseItem/Bow.FBX
REVIEW_UNREFERENCED_LARGE	2758411	2.631	Assets/TemplesKor/Textures/T_Sun_Dae_Wall_A_N.png
REVIEW_UNREFERENCED_LARGE	2755878	2.628	Assets/TemplesKor/Textures/T_K_Kirim_Dae_Wall_B/T_K_Kirim_Dae_Wall_B_N.png
REVIEW_UNREFERENCED_LARGE	2747053	2.620	Assets/Naganeupseong/Resource/Textures/Prop/T_Straw_Mat01a_N.png
REVIEW_UNREFERENCED_LARGE	2743082	2.616	Assets/Naganeupseong/Resource/Textures/Prop/T_A_frame_Carrier01b_R.png
REVIEW_UNREFERENCED_LARGE	2737111	2.610	Assets/TemplesKor/Textures/T_K_Kirim_Dae_Wall_G/T_K_Kirim_Dae_Wall_G_N.png
REVIEW_UNREFERENCED_LARGE	2733070	2.606	Assets/TemplesKor/Textures/T_Sun_Toilet_Wall_H_BC.png
REVIEW_UNREFERENCED_LARGE	2727935	2.602	Assets/Procedural Worlds/Packages - Install/Sky & Lighting Presets/Textures/Ring_T_Flare.png
REVIEW_UNREFERENCED_LARGE	2711534	2.586	Assets/TemplesKor/Textures/T_Sun_Toilet_Wall_D_BC.png
REVIEW_UNREFERENCED_LARGE	2668999	2.545	Assets/Naganeupseong/Scene/Demo.unity
REVIEW_UNREFERENCED_LARGE	2646194	2.524	Assets/TemplesKor/Textures/T_Sun_Gate_Gongpo_A_B/T_Sun_Gate_Gongpo_A_B_S.png
REVIEW_UNREFERENCED_LARGE	2630052	2.508	Assets/Procedural Worlds/Packages - Install/Stamps/Mesas/2k Mesa 3.exr
REVIEW_UNREFERENCED_LARGE	2619999	2.499	Assets/TemplesKor/Textures/T_Ssang_Dae_Bang_B_AO.png
REVIEW_UNREFERENCED_LARGE	2605479	2.485	Assets/TemplesKor/Textures/T_Sun_Toilet_Wall_E_BC.png
REVIEW_UNREFERENCED_LARGE	2571382	2.452	Assets/TemplesKor/Textures/T_Ssang_Dae_Wall_E_S.png
REVIEW_UNREFERENCED_LARGE	2568938	2.450	Assets/TemplesKor/Textures/T_Sun_Kak_Wall_C_N.png
REVIEW_UNREFERENCED_LARGE	2567015	2.448	Assets/Naganeupseong/Resource/Textures/Prop/T_Pantry_Chest_01_N.png
REVIEW_UNREFERENCED_LARGE	2561050	2.442	Assets/TemplesKor/Textures/T_K_Kirim_Dae_Wall_E/T_K_Kirim_Dae_Wall_E_N.png
REVIEW_UNREFERENCED_LARGE	2550896	2.433	Assets/TemplesKor/Meshes/SM_SC_Seonamsa_Jungsubi.fbx
REVIEW_UNREFERENCED_LARGE	2550001	2.432	Assets/TemplesKor/Textures/T_Sun_Toilet_Wall_K_S.png
REVIEW_UNREFERENCED_LARGE	2543676	2.426	Assets/TemplesKor/Textures/T_Sun_Kak_Wall_C_S.png
REVIEW_UNREFERENCED_LARGE	2537736	2.420	Assets/Naganeupseong/Resource/Textures/Prop/T_Straw_Bag_BC.png
REVIEW_UNREFERENCED_LARGE	2501267	2.385	Assets/TemplesKor/Textures/T_Geumsan_Mi_Wall_A_S.png
REVIEW_UNREFERENCED_LARGE	2492535	2.377	Assets/TemplesKor/Textures/T_Geumsan_Mi_Bang_BC.png
REVIEW_UNREFERENCED_LARGE	2490286	2.375	Assets/TemplesKor/Textures/T_Sun_Gate_Bang/T_Sun_Gate_Bang_N.png
REVIEW_UNREFERENCED_LARGE	2470393	2.356	Assets/Naganeupseong/Resource/Textures/Prop/T_Straw_Bag_N.png
REVIEW_UNREFERENCED_LARGE	2454201	2.341	Assets/TemplesKor/Textures/T_K_Kirim_Dae_Wall_A/T_K_Kirim_Dae_Wall_A_S.png
REVIEW_UNREFERENCED_LARGE	2442461	2.329	Assets/TemplesKor/Textures/T_Sun_Gate_Gongpo_A_B/T_Sun_Gate_Gongpo_A_B_N.png
REVIEW_UNREFERENCED_LARGE	2440957	2.328	Assets/Naganeupseong/Resource/Textures/Prop/T_Straw_Mat01a_BC.png
REVIEW_UNREFERENCED_LARGE	2413622	2.302	Assets/Procedural Worlds/Packages - Install/Stamps/Mesas/2k Mesa 4.exr
REVIEW_UNREFERENCED_LARGE	2407616	2.296	Assets/TemplesKor/Textures/T_Ssang_Dae_Wall_B_S.png
REVIEW_UNREFERENCED_LARGE	2390560	2.280	Assets/TemplesKor/Textures/T_Ssang_Dae_Wall_E_N.png
REVIEW_UNREFERENCED_LARGE	2386163	2.276	Assets/TemplesKor/Textures/T_Sun_Gate_Bang/T_Sun_Gate_Bang_S.png
REVIEW_UNREFERENCED_LARGE	2361844	2.252	Assets/TemplesKor/Textures/T_Sun_Dae_Wall_C_S.png
REVIEW_UNREFERENCED_LARGE	2360343	2.251	Assets/TemplesKor/Textures/T_K_Kirim_Dae_Sign/T_K_Kirim_Dae_Sign_S.png
REVIEW_UNREFERENCED_LARGE	2356914	2.248	Assets/TemplesKor/Textures/T_Geumsan_Mi_Wall_A_N.png
REVIEW_UNREFERENCED_LARGE	2356056	2.247	Assets/TemplesKor/Textures/T_Ssang_Dae_Wall_B_N.png
REVIEW_UNREFERENCED_LARGE	2342806	2.234	Assets/TemplesKor/Textures/T_Ssang_Dae_Bang_B_BC.png
REVIEW_UNREFERENCED_LARGE	2340770	2.232	Assets/TemplesKor/Textures/T_Sun_Kak_Wall_B_S.png
REVIEW_UNREFERENCED_LARGE	2334465	2.226	Assets/TemplesKor/Textures/T_K_Kirim_Dae_Sign/T_K_Kirim_Dae_Sign_N.png
REVIEW_UNREFERENCED_LARGE	2334185	2.226	Assets/TemplesKor/Textures/T_Ssang_Dae_Wall_C_S.png
REVIEW_UNREFERENCED_LARGE	2326288	2.219	Assets/Animations/Samurai_Katana/UseItem/Sword_Magic.FBX
REVIEW_UNREFERENCED_LARGE	2316816	2.209	Assets/Animations/Samurai_Katana/Lock-On/WalkForward_HS_Stop.FBX
REVIEW_UNREFERENCED_LARGE	2316672	2.209	Assets/Animations/Samurai_Katana/GetHit/Dead2.FBX
REVIEW_UNREFERENCED_LARGE	2311968	2.205	Assets/Animations/Samurai_Katana/Basic/WalkForward_Turn180.FBX
REVIEW_UNREFERENCED_LARGE	2308643	2.202	Assets/TemplesKor/Textures/T_Sun_Kak_Wall_B_N.png
REVIEW_UNREFERENCED_LARGE	2299004	2.193	Assets/TemplesKor/Textures/T_Sun_Won_Wall_C_S.png
REVIEW_UNREFERENCED_LARGE	2288807	2.183	Assets/TemplesKor/Textures/T_Sun_Toilet_Wall_K_N.png
REVIEW_UNREFERENCED_LARGE	2286800	2.181	Assets/Naganeupseong/Resource/Textures/Prop/T_Cart01a_02_R.png
REVIEW_UNREFERENCED_LARGE	2285618	2.180	Assets/TemplesKor/Textures/T_Geumsan_Mi_Wall_D_N.png
REVIEW_UNREFERENCED_LARGE	2279812	2.174	Assets/TemplesKor/Textures/T_Sun_Kak_Wall_D_S.png
REVIEW_UNREFERENCED_LARGE	2274128	2.169	Assets/Animations/Samurai_Katana/Lock-On/WalkBackward_HS_Stop.FBX
REVIEW_UNREFERENCED_LARGE	2274064	2.169	Assets/Animations/Samurai_Katana/Action/StrongAttk4.FBX
REVIEW_UNREFERENCED_LARGE	2273936	2.169	Assets/Animations/Samurai_Katana/Basic/WalkForward_Stop.FBX
REVIEW_UNREFERENCED_LARGE	2273787	2.168	Assets/TemplesKor/Textures/T_Ssang_Dae_Wall_D_S.png
REVIEW_UNREFERENCED_LARGE	2273669	2.168	Assets/TemplesKor/Textures/T_Ssang_Dae_Bang_A_AO.png
REVIEW_UNREFERENCED_LARGE	2269744	2.165	Assets/Naganeupseong/Resource/Textures/Prop/T_Fulling_Block_N.png
REVIEW_UNREFERENCED_LARGE	2259944	2.155	Assets/TemplesKor/Textures/T_Sun_Dae_Wall_C_N.png
REVIEW_UNREFERENCED_LARGE	2252624	2.148	Assets/Animations/Samurai_Katana/Action/ChargeAttk.FBX
REVIEW_UNREFERENCED_LARGE	2251338	2.147	Assets/TemplesKor/Textures/T_Sun_Pal_Wall_E/T_Sun_Pal_Wall_E_N.png
REVIEW_UNREFERENCED_LARGE	2249243	2.145	Assets/Procedural Worlds/Packages - Install/Stamps/Rivers/2k River 4.exr
REVIEW_UNREFERENCED_LARGE	2249014	2.145	Assets/TemplesKor/Textures/T_Sun_Kak_Wall_D_N.png
REVIEW_UNREFERENCED_LARGE	2247487	2.143	Assets/TemplesKor/Textures/T_Song_Jong_Bang_N.png
REVIEW_UNREFERENCED_LARGE	2245312	2.141	Assets/Animations/Samurai_Katana/GetHit/GetHit_StabInChest.FBX
REVIEW_UNREFERENCED_LARGE	2243490	2.140	Assets/TemplesKor/Textures/T_Sun_Bul_Wall_D_N.png
REVIEW_UNREFERENCED_LARGE	2241607	2.138	Assets/TemplesKor/Textures/T_Sun_Won_Wall_C_N.png
REVIEW_UNREFERENCED_LARGE	2239666	2.136	Assets/TemplesKor/Textures/T_Sun_Kak_Wall_A_S.png
REVIEW_UNREFERENCED_LARGE	2238288	2.135	Assets/Animations/Samurai_Katana/GetHit/Dead_Back.FBX
REVIEW_UNREFERENCED_LARGE	2235897	2.132	Assets/TemplesKor/Textures/T_Geumsan_Mi_Wall_D_S.png
REVIEW_UNREFERENCED_LARGE	2232469	2.129	Assets/TemplesKor/Textures/T_Sun_Dae_Wall_E_S.png
REVIEW_UNREFERENCED_LARGE	2225920	2.123	Assets/Animations/Samurai_Katana/Action/StabOnFloor.FBX
REVIEW_UNREFERENCED_LARGE	2224093	2.121	Assets/TemplesKor/Textures/T_Sun_Won_Wall_D_S.png
REVIEW_UNREFERENCED_LARGE	2223457	2.120	Assets/TemplesKor/Textures/T_Sun_Pal_Roof_A/T_Sun_Pal_Roof_A_S.png
REVIEW_UNREFERENCED_LARGE	2216772	2.114	Assets/TemplesKor/Textures/T_Sun_Bul_Wall_D_S.png
REVIEW_UNREFERENCED_LARGE	2212924	2.110	Assets/TemplesKor/Textures/T_Sun_Dae_Wall_D_S.png
REVIEW_UNREFERENCED_LARGE	2211295	2.109	Assets/TemplesKor/Textures/T_Sun_Pal_Wall_E/T_Sun_Pal_Wall_E_S.png
REVIEW_UNREFERENCED_LARGE	2209936	2.108	Assets/Animations/Samurai_Katana/UseItem/Throw.FBX
REVIEW_UNREFERENCED_LARGE	2195520	2.094	Assets/Animations/Samurai_Katana/GetHit/Dead_Front.FBX
REVIEW_UNREFERENCED_LARGE	2188576	2.087	Assets/Animations/Samurai_Katana/Lock-On/WalkLeft_HS_Stop.FBX
REVIEW_UNREFERENCED_LARGE	2182047	2.081	Assets/TemplesKor/Textures/T_Sun_Dae_Wall_E_N.png
REVIEW_UNREFERENCED_LARGE	2181456	2.080	Assets/Animations/Samurai_Katana/Basic/RunForward_Turn180.FBX
REVIEW_UNREFERENCED_LARGE	2177245	2.076	Assets/Procedural Worlds/Packages - Install/Stamps/Mesas/2k Mesa 1.exr
REVIEW_UNREFERENCED_LARGE	2175696	2.075	Assets/TemplesKor/Textures/T_Sun_Kak_Wall_A_N.png
REVIEW_UNREFERENCED_LARGE	2174256	2.074	Assets/Animations/Samurai_Katana/Lock-On/RunForward_HS_Turn180.FBX
REVIEW_UNREFERENCED_LARGE	2174160	2.073	Assets/Animations/Samurai_Katana/Lock-On/WalkRight_HS_Stop.FBX
REVIEW_UNREFERENCED_LARGE	2169878	2.069	Assets/TemplesKor/Textures/T_Sun_Won_Wall_E_S.png
REVIEW_UNREFERENCED_LARGE	2166681	2.066	Assets/TemplesKor/Textures/T_Sun_Won_Wall_A_S.png
REVIEW_UNREFERENCED_LARGE	2163269	2.063	Assets/TemplesKor/Textures/T_Sun_Won_Kidan_BC.png
REVIEW_UNREFERENCED_LARGE	2145696	2.046	Assets/Animations/Samurai_Katana/GetHit/Dead1.FBX
REVIEW_UNREFERENCED_LARGE	2138688	2.040	Assets/Animations/Samurai_Katana/Action/StabInChest_Hit.FBX
REVIEW_UNREFERENCED_LARGE	2127372	2.029	Assets/TemplesKor/Textures/T_K_Kirim_Dae_Gong_C/T_K_Kirim_Dae_Gong_C_BC.png
REVIEW_UNREFERENCED_LARGE	2121281	2.023	Assets/TemplesKor/Textures/T_Sun_Won_Wall_A_N.png
REVIEW_UNREFERENCED_LARGE	2120823	2.023	Assets/TemplesKor/Textures/T_K_Kirim_Dae_Gong_A/T_K_Kirim_Dae_Gong_A_BC.png
REVIEW_UNREFERENCED_LARGE	2120291	2.022	Assets/Naganeupseong/Resource/Textures/Prop/T_A_frame_Carrier01a_N.png
REVIEW_UNREFERENCED_LARGE	2117296	2.019	Assets/Animations/Samurai_Katana/Basic/Sprint_Turn180.FBX
REVIEW_UNREFERENCED_LARGE	2111444	2.014	Assets/TemplesKor/Textures/T_K_Kirim_Dae_Gong_B/T_K_Kirim_Dae_Gong_B_BC.png
REVIEW_UNREFERENCED_LARGE	2108255	2.011	Assets/TemplesKor/Textures/T_Sun_Dae_Wall_D_N.png
REVIEW_UNREFERENCED_LARGE	2095692	1.999	Assets/TemplesKor/Textures/T_Ssang_Dae_Wall_A_S.png
REVIEW_UNREFERENCED_LARGE	2088720	1.992	Assets/Animations/Samurai_Katana/Lock-On/WalkBackward_HS_Start.FBX
REVIEW_UNREFERENCED_LARGE	2086020	1.989	Assets/Procedural Worlds/Packages - Install/Stamps/Rivers/2k River 5.exr
REVIEW_UNREFERENCED_LARGE	2084880	1.988	Assets/TemplesKor/Textures/T_Ssang_Dae_Wall_A_N.png
REVIEW_UNREFERENCED_LARGE	2079023	1.983	Assets/TemplesKor/Textures/T_Ssang_Dae_Wall_C_N.png
REVIEW_UNREFERENCED_LARGE	2067408	1.972	Assets/Animations/Samurai_Katana/Lock-On/Sprint_HS_Turn180.FBX
REVIEW_UNREFERENCED_LARGE	2062697	1.967	Assets/TemplesKor/Textures/T_Sun_Dae_Wall_B_S.png
REVIEW_UNREFERENCED_LARGE	2062188	1.967	Assets/TemplesKor/Textures/T_Sun_Dae_Wall_B_N.png
REVIEW_UNREFERENCED_LARGE	2060112	1.965	Assets/Animations/Samurai_Katana/Basic/WalkForward_Start.FBX
REVIEW_UNREFERENCED_LARGE	2058958	1.964	Assets/TemplesKor/Textures/T_Geumsan_Mi_Wall_C_S.png
REVIEW_UNREFERENCED_LARGE	2054562	1.959	Assets/TemplesKor/Textures/T_Geumsan_Mi_Wall_B_N.png
REVIEW_UNREFERENCED_LARGE	2048845	1.954	Assets/TemplesKor/Textures/T_Ssang_Dae_Wall_D_N.png
REVIEW_UNREFERENCED_LARGE	2040547	1.946	Assets/TemplesKor/Textures/T_Geumsan_Mi_Wall_B_S.png
REVIEW_UNREFERENCED_LARGE	2031792	1.938	Assets/Animations/Samurai_Katana/Action/StrongAttk3.FBX
REVIEW_UNREFERENCED_LARGE	2031744	1.938	Assets/Animations/Samurai_Katana/GetHit/Block_Break.FBX
REVIEW_UNREFERENCED_LARGE	2031744	1.938	Assets/Animations/Samurai_Katana/Basic/Sprint_Stop.FBX
REVIEW_UNREFERENCED_LARGE	2031696	1.938	Assets/Animations/Samurai_Katana/Lock-On/WalkForward_HS_Start.FBX
REVIEW_UNREFERENCED_LARGE	2029758	1.936	Assets/TemplesKor/Textures/T_Sun_Dae_Wall_F_S.png
REVIEW_UNREFERENCED_LARGE	2027491	1.934	Assets/TemplesKor/Textures/T_Sun_Dae_Wall_F_N.png
REVIEW_UNREFERENCED_LARGE	2011418	1.918	Assets/TemplesKor/Textures/T_Sun_Bul_Wall_C_N.png
REVIEW_UNREFERENCED_LARGE	2010396	1.917	Assets/TemplesKor/Textures/T_Geumsan_Mi_Wall_C_N.png
REVIEW_UNREFERENCED_LARGE	2001758	1.909	Assets/TemplesKor/Textures/T_Geumsan_Mi_Wall_I_N.png
REVIEW_UNREFERENCED_LARGE	2001758	1.909	Assets/TemplesKor/Textures/T_Geumsan_Mi_Wall_G_N.png
REVIEW_UNREFERENCED_LARGE	2001435	1.909	Assets/Naganeupseong/Resource/Textures/Prop/T_Mortar_N.png
REVIEW_UNREFERENCED_LARGE	1999847	1.907	Assets/TemplesKor/Textures/T_Sun_Toilet_Wall_I_N.png
REVIEW_UNREFERENCED_LARGE	1996128	1.904	Assets/Animations/Samurai_Katana/Lock-On/RunRight_HS_Stop.FBX
REVIEW_UNREFERENCED_LARGE	1988912	1.897	Assets/Animations/Samurai_Katana/Lock-On/WalkLeft_HS_Start.FBX
REVIEW_UNREFERENCED_LARGE	1988832	1.897	Assets/Animations/Samurai_Katana/Lock-On/WalkRight_HS_Start.FBX
REVIEW_UNREFERENCED_LARGE	1980948	1.889	Assets/TemplesKor/Textures/T_Sun_Bul_Wall_C_S.png
REVIEW_UNREFERENCED_LARGE	1978356	1.887	Assets/Naganeupseong/Resource/Textures/Prop/T_Straw_Mat01b_BC.png
REVIEW_UNREFERENCED_LARGE	1974752	1.883	Assets/Animations/Samurai_Katana/Lock-On/RunForward_HS_Stop.FBX
REVIEW_UNREFERENCED_LARGE	1970893	1.880	Assets/TemplesKor/Textures/T_Sun_Pal_Wall_D/T_Sun_Pal_Wall_D_S.png
REVIEW_UNREFERENCED_LARGE	1968274	1.877	Assets/TemplesKor/Textures/T_Geumsan_Mi_Wall_F_N.png
REVIEW_UNREFERENCED_LARGE	1967504	1.876	Assets/Animations/Samurai_Katana/Action/HardAttk.FBX
REVIEW_UNREFERENCED_LARGE	1964663	1.874	Assets/TemplesKor/Textures/T_Sun_Won_Wall_E_N.png
REVIEW_UNREFERENCED_LARGE	1963117	1.872	Assets/TemplesKor/Textures/T_Geumsan_Mi_Wall_I_S.png
REVIEW_UNREFERENCED_LARGE	1963117	1.872	Assets/TemplesKor/Textures/T_Geumsan_Mi_Wall_G_S.png
REVIEW_UNREFERENCED_LARGE	1960480	1.870	Assets/Animations/Samurai_Katana/Lock-On/Sprint_HS_Stop.FBX
REVIEW_UNREFERENCED_LARGE	1958992	1.868	Assets/Naganeupseong/Scene/Resource/Terrain.asset
REVIEW_UNREFERENCED_LARGE	1953905	1.863	Assets/TemplesKor/Textures/T_Geumsan_Mi_Wall_F_S.png
REVIEW_UNREFERENCED_LARGE	1953392	1.863	Assets/Animations/Samurai_Katana/Action/StrongAttk2.FBX
REVIEW_UNREFERENCED_LARGE	1953264	1.863	Assets/Animations/Samurai_Katana/Lock-On/RunLeft_HS_Stop.FBX
REVIEW_UNREFERENCED_LARGE	1953118	1.863	Assets/TemplesKor/Textures/T_K_Kirim_Dae_Pillar_B/T_K_Kirim_Dae_Pillar_B_BC.png
REVIEW_UNREFERENCED_LARGE	1948908	1.859	Assets/Naganeupseong/Resource/Textures/Prop/T_Fire_Pot01a_R.png
REVIEW_UNREFERENCED_LARGE	1946064	1.856	Assets/Animations/Samurai_Katana/Lock-On/RunBackward_HS_Stop.FBX
REVIEW_UNREFERENCED_LARGE	1943072	1.853	Assets/TemplesKor/Textures/T_Sun_Won_Wall_D_N.png
REVIEW_UNREFERENCED_LARGE	1940449	1.851	Assets/TemplesKor/Textures/T_Sun_Pal_Roof_A/T_Sun_Pal_Roof_A_N.png
REVIEW_UNREFERENCED_LARGE	1931968	1.842	Assets/Animations/Samurai_Katana/GetHit/OutOfStamina.FBX
REVIEW_UNREFERENCED_LARGE	1931904	1.842	Assets/Animations/Samurai_Katana/Basic/StandIdle_To_FightIdle.FBX
REVIEW_UNREFERENCED_LARGE	1931776	1.842	Assets/Animations/Samurai_Katana/Basic/BlockIdle.FBX
REVIEW_UNREFERENCED_LARGE	1927148	1.838	Assets/TemplesKor/Textures/T_Sun_Pal_Dori/T_Sun_Pal_Dori_A_AO.png
REVIEW_UNREFERENCED_LARGE	1924752	1.836	Assets/Animations/Samurai_Katana/Action/StrongAttk1.FBX
REVIEW_UNREFERENCED_LARGE	1924197	1.835	Assets/TemplesKor/Textures/T_Sun_Kak_Gonpo_A_BC.png
REVIEW_UNREFERENCED_LARGE	1924197	1.835	Assets/TemplesKor/Textures/T_Sun_Kak_Gonpo_B_BC.png
REVIEW_UNREFERENCED_LARGE	1917744	1.829	Assets/Animations/Samurai_Katana/Action/MediumAttk3.FBX
REVIEW_UNREFERENCED_LARGE	1915304	1.827	Assets/Procedural Worlds/Packages - Install/Stamps/Valleys/2k Valley 1.exr
REVIEW_UNREFERENCED_LARGE	1911728	1.823	Assets/Procedural Worlds/Packages - Install/Stamps/Hills/2K Hills 1.exr
REVIEW_UNREFERENCED_LARGE	1910496	1.822	Assets/Animations/Samurai_Katana/GetHit/GetHit_DeepStun.FBX
REVIEW_UNREFERENCED_LARGE	1907013	1.819	Assets/Naganeupseong/Resource/Textures/Prop/T_Anvil_N.png
REVIEW_UNREFERENCED_LARGE	1906918	1.819	Assets/TemplesKor/Textures/T_Sun_Toilet_Wall_I_S.png
REVIEW_UNREFERENCED_LARGE	1905943	1.818	Assets/TemplesKor/Textures/T_Sun_Pal_Wall_D/T_Sun_Pal_Wall_D_N.png
REVIEW_UNREFERENCED_LARGE	1904222	1.816	Assets/TemplesKor/Textures/T_Song_Jong_Bang_S.png
REVIEW_UNREFERENCED_LARGE	1903456	1.815	Assets/Animations/Samurai_Katana/Basic/RunForward_Stop.FBX
REVIEW_UNREFERENCED_LARGE	1903296	1.815	Assets/Animations/Samurai_Katana/Action/StabInChest_Attempt.FBX
REVIEW_UNREFERENCED_LARGE	1902714	1.815	Assets/Naganeupseong/Resource/Textures/Door/T_Door01k_AO.png
REVIEW_UNREFERENCED_LARGE	1901697	1.814	Assets/TemplesKor/Textures/T_Geumsan_Mi_Wall_E_N.png
REVIEW_UNREFERENCED_LARGE	1894321	1.807	Assets/Procedural Worlds/Packages - Install/Stamps/Plains/2k Plains 1.exr
REVIEW_UNREFERENCED_LARGE	1894044	1.806	Assets/Procedural Worlds/Packages - Install/Stamps/Rivers/2k River 2.exr
REVIEW_UNREFERENCED_LARGE	1892088	1.804	Assets/Naganeupseong/Resource/Textures/Prop/T_Kitchen_Board_BC.png
REVIEW_UNREFERENCED_LARGE	1884085	1.797	Assets/TemplesKor/Textures/T_Song_Jong_Dori_BC.png
REVIEW_UNREFERENCED_LARGE	1870004	1.783	Assets/TemplesKor/Textures/T_Sun_Toilet_Wall_A_S.png
REVIEW_UNREFERENCED_LARGE	1869797	1.783	Assets/TemplesKor/Textures/T_Sun_Won_Wall_B_S.png
REVIEW_UNREFERENCED_LARGE	1867728	1.781	Assets/Animations/Samurai_Katana/Action/MediumAttk1.FBX
REVIEW_UNREFERENCED_LARGE	1860638	1.774	Assets/TemplesKor/Textures/T_Sun_Toilet_Wall_F_N.png
REVIEW_UNREFERENCED_LARGE	1853584	1.768	Assets/Animations/Samurai_Katana/Action/LightAttk4.FBX
REVIEW_UNREFERENCED_LARGE	1853568	1.768	Assets/Animations/Samurai_Katana/Action/Sprint_StrongAttk.FBX
REVIEW_UNREFERENCED_LARGE	1853536	1.768	Assets/Animations/Samurai_Katana/UseItem/Eat.FBX
REVIEW_UNREFERENCED_LARGE	1846416	1.761	Assets/Animations/Samurai_Katana/UseItem/Pick_Floor.FBX
REVIEW_UNREFERENCED_LARGE	1846400	1.761	Assets/Animations/Samurai_Katana/UseItem/Pick.FBX
REVIEW_UNREFERENCED_LARGE	1846336	1.761	Assets/Animations/Samurai_Katana/Action/RoundKick.FBX
REVIEW_UNREFERENCED_LARGE	1844165	1.759	Assets/Procedural Worlds/Packages - Install/Stamps/Rivers/2k River 1.exr
REVIEW_UNREFERENCED_LARGE	1841944	1.757	Assets/TemplesKor/Textures/T_Sun_Won_Wall_B_N.png
REVIEW_UNREFERENCED_LARGE	1841212	1.756	Assets/Naganeupseong/Resource/Textures/Prop/T_Kitchen_Board_N.png
REVIEW_UNREFERENCED_LARGE	1832000	1.747	Assets/Animations/Samurai_Katana/GetHit/GetHit_Back2.FBX
REVIEW_UNREFERENCED_LARGE	1826536	1.742	Assets/TemplesKor/Textures/T_Geumsan_Mi_Wall_E_S.png
REVIEW_UNREFERENCED_LARGE	1817920	1.734	Assets/Animations/Samurai_Katana/GetHit/FaceUp_GetUp.FBX
REVIEW_UNREFERENCED_LARGE	1817920	1.734	Assets/Animations/Samurai_Katana/GetHit/FaceDown_GetStab.FBX
REVIEW_UNREFERENCED_LARGE	1817840	1.734	Assets/Animations/Samurai_Katana/GetHit/FaceUp_GetStab.FBX
REVIEW_UNREFERENCED_LARGE	1817744	1.734	Assets/Animations/Samurai_Katana/GetHit/FaceDown_GetUp.FBX
REVIEW_UNREFERENCED_LARGE	1810704	1.727	Assets/Animations/Samurai_Katana/Basic/RunForward_Start.FBX
REVIEW_UNREFERENCED_LARGE	1803600	1.720	Assets/Animations/Samurai_Katana/Lock-On/RunForward_HS_Start.FBX
REVIEW_UNREFERENCED_LARGE	1803568	1.720	Assets/Animations/Samurai_Katana/GetHit/GetHit_Left.FBX
REVIEW_UNREFERENCED_LARGE	1803552	1.720	Assets/Animations/Samurai_Katana/Action/SideKick.FBX
REVIEW_UNREFERENCED_LARGE	1803325	1.720	Assets/Procedural Worlds/Packages - Install/Stamps/Mesas/2k Mesa 2.exr
REVIEW_UNREFERENCED_LARGE	1802650	1.719	Assets/Procedural Worlds/Packages - Install/Stamps/Plains/2k Plains 5.exr
REVIEW_UNREFERENCED_LARGE	1796576	1.713	Assets/Animations/Samurai_Katana/Action/MediumAttk2.FBX
REVIEW_UNREFERENCED_LARGE	1796464	1.713	Assets/Animations/Samurai_Katana/Lock-On/RunRight_HS_Start.FBX
REVIEW_UNREFERENCED_LARGE	1796352	1.713	Assets/Animations/Samurai_Katana/GetHit/GetHit_Front2.FBX
REVIEW_UNREFERENCED_LARGE	1795343	1.712	Assets/Naganeupseong/Resource/Textures/Prop/T_Bed_Clothes_BC.png
REVIEW_UNREFERENCED_LARGE	1793956	1.711	Assets/TemplesKor/Textures/T_Geumsan_Mi_Wall_H_N.png
REVIEW_UNREFERENCED_LARGE	1789408	1.707	Assets/Animations/Samurai_Katana/Lock-On/RunLeft_HS_Start.FBX
REVIEW_UNREFERENCED_LARGE	1782192	1.700	Assets/Animations/Samurai_Katana/GetHit/GetHit_Back1.FBX
REVIEW_UNREFERENCED_LARGE	1781346	1.699	Assets/Procedural Worlds/Packages - Install/Stamps/Valleys/2k Valley 2.exr
REVIEW_UNREFERENCED_LARGE	1780843	1.698	Assets/Procedural Worlds/Packages - Install/Stamps/Plains/2k Plains 2.exr
REVIEW_UNREFERENCED_LARGE	1776430	1.694	Assets/Naganeupseong/Resource/Textures/Prop/T_Dishwater_Bucket_N.png
REVIEW_UNREFERENCED_LARGE	1768016	1.686	Assets/Animations/Samurai_Katana/GetHit/GetHit_Right.FBX
REVIEW_UNREFERENCED_LARGE	1760912	1.679	Assets/Animations/Samurai_Katana/Lock-On/RunBackward_HS_Start.FBX
REVIEW_UNREFERENCED_LARGE	1760624	1.679	Assets/Animations/Samurai_Katana/GetHit/GetHit_Up.FBX
REVIEW_UNREFERENCED_LARGE	1754990	1.674	Assets/TemplesKor/Textures/T_Sun_Toilet_Wall_A_N.png
REVIEW_UNREFERENCED_LARGE	1754820	1.674	Assets/TemplesKor/Textures/T_Sun_Toilet_Wall_F_S.png
REVIEW_UNREFERENCED_LARGE	1750519	1.669	Assets/TemplesKor/Textures/T_Geumsan_Mi_Wall_H_S.png
REVIEW_UNREFERENCED_LARGE	1742747	1.662	Assets/TemplesKor/Textures/T_Sun_Pal_Wall_A/T_Sun_Pal_Wall_A_S.png
REVIEW_UNREFERENCED_LARGE	1735552	1.655	Assets/TemplesKor/Textures/T_Sun_Bul_Gongpo_B_BC.png
REVIEW_UNREFERENCED_LARGE	1735552	1.655	Assets/TemplesKor/Textures/T_Sun_Bul_Gongpo_A_BC.png
REVIEW_UNREFERENCED_LARGE	1733974	1.654	Assets/TemplesKor/Textures/T_Sun_Toilet_Wall_G_S.png
REVIEW_UNREFERENCED_LARGE	1732208	1.652	Assets/Animations/Samurai_Katana/GetHit/GetHit_Front1.FBX
REVIEW_UNREFERENCED_LARGE	1725232	1.645	Assets/Animations/Samurai_Katana/Basic/RunForward.FBX
REVIEW_UNREFERENCED_LARGE	1718128	1.639	Assets/Animations/Samurai_Katana/Lock-On/RunRight_HS.FBX
REVIEW_UNREFERENCED_LARGE	1718128	1.639	Assets/Animations/Samurai_Katana/Lock-On/RunForward_HS.FBX
REVIEW_UNREFERENCED_LARGE	1718048	1.638	Assets/Animations/Samurai_Katana/Lock-On/RunBackward_HS.FBX
REVIEW_UNREFERENCED_LARGE	1718032	1.638	Assets/Animations/Samurai_Katana/Action/Dash_Left.FBX
REVIEW_UNREFERENCED_LARGE	1718032	1.638	Assets/Animations/Samurai_Katana/Lock-On/RunLeft_HS.FBX
REVIEW_UNREFERENCED_LARGE	1715251	1.636	Assets/Naganeupseong/Resource/Textures/Prop/T_Cabinet01b_N.png
REVIEW_UNREFERENCED_LARGE	1712333	1.633	Assets/TemplesKor/Textures/T_Sun_Toilet_Wall_G_N.png
REVIEW_UNREFERENCED_LARGE	1711701	1.632	Assets/TemplesKor/Textures/T_Sun_Dae_Gongpo_BC.png
REVIEW_UNREFERENCED_LARGE	1703856	1.625	Assets/Animations/Samurai_Katana/Basic/FallToGround.FBX
REVIEW_UNREFERENCED_LARGE	1703776	1.625	Assets/Animations/Samurai_Katana/Action/Dash_Back.FBX
REVIEW_UNREFERENCED_LARGE	1695791	1.617	Assets/TemplesKor/Textures/T_Sun_Dae_sign_BC.png
REVIEW_UNREFERENCED_LARGE	1695424	1.617	Assets/TemplesKor/Meshes/SM_SC_Seonamsa_Samindang.fbx
REVIEW_UNREFERENCED_LARGE	1692602	1.614	Assets/Naganeupseong/Resource/Textures/Prop/T_Water_Scoop_N.png
REVIEW_UNREFERENCED_LARGE	1689744	1.611	Assets/Animations/Samurai_Katana/Action/HitBlockLeft.FBX
REVIEW_UNREFERENCED_LARGE	1689424	1.611	Assets/Animations/Samurai_Katana/Action/Dash_Right.FBX
REVIEW_UNREFERENCED_LARGE	1686065	1.608	Assets/Procedural Worlds/Packages - Install/Stamps/Valleys/2k Valley 5.exr
REVIEW_UNREFERENCED_LARGE	1682608	1.605	Assets/Animations/Samurai_Katana/Action/HitBlockRight.FBX
REVIEW_UNREFERENCED_LARGE	1675296	1.598	Assets/Animations/Samurai_Katana/GetHit/OutOfStamina_Recover.FBX
REVIEW_UNREFERENCED_LARGE	1675264	1.598	Assets/Animations/Samurai_Katana/Lock-On/Sprint_HS.FBX
REVIEW_UNREFERENCED_LARGE	1670787	1.593	Assets/TemplesKor/Textures/T_Sun_Bul_Wall_A_S.png
REVIEW_UNREFERENCED_LARGE	1670595	1.593	Assets/Procedural Worlds/Packages - Install/Stamps/Plains/2k Plains 3.exr
REVIEW_UNREFERENCED_LARGE	1634119	1.558	Assets/Procedural Worlds/Packages - Install/Stamps/Masks/GenericMask3.exr
REVIEW_UNREFERENCED_LARGE	1631441	1.556	Assets/Naganeupseong/Resource/Textures/Prop/T_Pantry_Chest_01_R.png
REVIEW_UNREFERENCED_LARGE	1627569	1.552	Assets/Naganeupseong/Resource/Textures/Prop/T_Mortar_BC.png
REVIEW_UNREFERENCED_LARGE	1626252	1.551	Assets/Procedural Worlds/Packages - Install/Stamps/Masks/GenericMask1.exr
REVIEW_UNREFERENCED_LARGE	1618336	1.543	Assets/Animations/Samurai_Katana/GetHit/Block_GetHit_Left.FBX
REVIEW_UNREFERENCED_LARGE	1618256	1.543	Assets/Animations/Samurai_Katana/GetHit/Block_GetHit_Right.FBX
REVIEW_UNREFERENCED_LARGE	1616023	1.541	Assets/TemplesKor/Textures/T_Sun_Bul_Wall_B_S.png
REVIEW_UNREFERENCED_LARGE	1611918	1.537	Assets/TemplesKor/Textures/T_K_Kirim_Dae_Wall_A/T_K_Kirim_Dae_Wall_A_N.png
REVIEW_UNREFERENCED_LARGE	1611688	1.537	Assets/TemplesKor/Textures/T_Sun_Pal_Wall_A/T_Sun_Pal_Wall_A_N.png
REVIEW_UNREFERENCED_LARGE	1608379	1.534	Assets/Naganeupseong/Resource/Textures/Prop/T_Large_Scooped_Wooden_Bowl_N.png
REVIEW_UNREFERENCED_LARGE	1607798	1.533	Assets/Naganeupseong/Resource/Textures/Prop/T_Cabinet01b_BC.png
REVIEW_UNREFERENCED_LARGE	1593306	1.519	Assets/Naganeupseong/Resource/Textures/Prop/T_Anvil_BC.png
REVIEW_UNREFERENCED_LARGE	1591810	1.518	Assets/TemplesKor/Textures/T_Sun_Gate_Pillar/T_Sun_Gate_Pillar_S.png
REVIEW_UNREFERENCED_LARGE	1585834	1.512	Assets/TemplesKor/Textures/T_Sun_Won_Gonpo_D_BC.png
REVIEW_UNREFERENCED_LARGE	1578505	1.505	Assets/Procedural Worlds/Packages - Install/Stamps/Hills/2k Hills 3.exr
REVIEW_UNREFERENCED_LARGE	1576592	1.504	Assets/TemplesKor/Textures/T_Sun_Bul_Wall_A_N.png
REVIEW_UNREFERENCED_LARGE	1573586	1.501	Assets/TemplesKor/Textures/T_Sun_Won_ceiling_BC.png
REVIEW_UNREFERENCED_LARGE	1564207	1.492	Assets/TemplesKor/Textures/T_Sun_Won_Gonpo_A_BC.png
REVIEW_UNREFERENCED_LARGE	1562241	1.490	Assets/Naganeupseong/Resource/Textures/Prop/T_Irrigation_Bucket_AO.png
REVIEW_UNREFERENCED_LARGE	1550397	1.479	Assets/TemplesKor/Textures/T_Sun_Pal_Wall_C/T_Sun_Pal_Wall_C_S.png
REVIEW_UNREFERENCED_LARGE	1545772	1.474	Assets/TemplesKor/Textures/T_Sun_Pal_Wall_C/T_Sun_Pal_Wall_C_N.png
REVIEW_UNREFERENCED_LARGE	1540618	1.469	Assets/TemplesKor/Textures/T_Sun_Pal_Wall_F/T_Sun_Pal_Wall_F_N.png
REVIEW_UNREFERENCED_LARGE	1531964	1.461	Assets/TemplesKor/Textures/T_Sun_Bul_Wall_B_N.png
REVIEW_UNREFERENCED_LARGE	1527615	1.457	Assets/TemplesKor/Textures/T_Sun_Gate_Pillar/T_Sun_Gate_Pillar_N.png
REVIEW_UNREFERENCED_LARGE	1520847	1.450	Assets/TemplesKor/Textures/T_Sun_Won_Jang_E_BC.png
REVIEW_UNREFERENCED_LARGE	1514450	1.444	Assets/TemplesKor/Textures/T_K_Kirim_Dae_Stone/T_K_Kirim_Dae_Stone_BC.png
REVIEW_UNREFERENCED_LARGE	1513443	1.443	Assets/TemplesKor/Textures/T_Sun_Toilet_Wall_C_N.png
REVIEW_UNREFERENCED_LARGE	1509876	1.440	Assets/TemplesKor/Textures/T_Sun_Won_Jang_B_BC.png
REVIEW_UNREFERENCED_LARGE	1509356	1.439	Assets/Naganeupseong/Resource/Textures/Prop/T_Manure_Container_BC.png
REVIEW_UNREFERENCED_LARGE	1509272	1.439	Assets/TemplesKor/Textures/T_Sun_Pal_Wall_F/T_Sun_Pal_Wall_F_S.png
REVIEW_UNREFERENCED_LARGE	1507141	1.437	Assets/Naganeupseong/Resource/Textures/Prop/T_Bed_Clothes_N.png
REVIEW_UNREFERENCED_LARGE	1497704	1.428	Assets/TemplesKor/Textures/T_Sun_Won_Jang_C_BC.png
REVIEW_UNREFERENCED_LARGE	1497704	1.428	Assets/TemplesKor/Textures/T_Sun_Won_Jang_D_BC.png
REVIEW_UNREFERENCED_LARGE	1496675	1.427	Assets/TemplesKor/Textures/T_Sun_Toilet_Wall_B_S.png
REVIEW_UNREFERENCED_LARGE	1491967	1.423	Assets/TemplesKor/Textures/T_Sun_Won_Jang_A_BC.png
REVIEW_UNREFERENCED_LARGE	1490080	1.421	Assets/TemplesKor/Textures/T_Sun_Dae_Stone_BC.png
REVIEW_UNREFERENCED_LARGE	1486491	1.418	Assets/TemplesKor/Textures/T_Ssang_Dae_Sign_B_BC.png
REVIEW_UNREFERENCED_LARGE	1483206	1.414	Assets/TemplesKor/Textures/T_Geumsan_Mi_Bang_N.png
REVIEW_UNREFERENCED_LARGE	1477481	1.409	Assets/TemplesKor/Textures/T_Sun_Gate_sign_B/T_Sun_Gate_sign_B_BC.png
REVIEW_UNREFERENCED_LARGE	1475715	1.407	Assets/Naganeupseong/Resource/Textures/Prop/T_A_frame_Carrier01a_BC.png
REVIEW_UNREFERENCED_LARGE	1474624	1.406	Assets/TemplesKor/Meshes/SM_SC_Seonamsa_MaAeyeoraeipsang.fbx
REVIEW_UNREFERENCED_LARGE	1472017	1.404	Assets/TemplesKor/Textures/T_Sun_Won_Pillar_A_BC.png
REVIEW_UNREFERENCED_LARGE	1453475	1.386	Assets/TemplesKor/Textures/T_Sun_Gate_Stone/T_Sun_Gate_Stone_BC.png
REVIEW_UNREFERENCED_LARGE	1452215	1.385	Assets/Naganeupseong/Resource/Textures/Prop/T_Rice_Chest_BC.png
REVIEW_UNREFERENCED_LARGE	1448932	1.382	Assets/Naganeupseong/Resource/Textures/Prop/T_Winnow_N.png
REVIEW_UNREFERENCED_LARGE	1442490	1.376	Assets/Naganeupseong/Resource/Textures/Prop/T_Grain_Rake01b_BC.png
REVIEW_UNREFERENCED_LARGE	1441596	1.375	Assets/Naganeupseong/Resource/Textures/Prop/T_Small_Plow_N.png
REVIEW_UNREFERENCED_LARGE	1434586	1.368	Assets/TemplesKor/Textures/T_K_Kirim_Dae_Hyeonpan/T_K_Kirim_Dae_Hyeonpan_BC.png
REVIEW_UNREFERENCED_LARGE	1431664	1.365	Assets/Procedural Worlds/Packages - Install/Stamps/Valleys/2k Valley 4.exr
REVIEW_UNREFERENCED_LARGE	1430084	1.364	Assets/Naganeupseong/Resource/Textures/Prop/T_Spade_For_Irrigation_Work_N.png
REVIEW_UNREFERENCED_LARGE	1426675	1.361	Assets/TemplesKor/Textures/T_Sun_Toilet_Wall_C_S.png
REVIEW_UNREFERENCED_LARGE	1424849	1.359	Assets/TemplesKor/Textures/T_Sun_Dae_Stair_BC.png
REVIEW_UNREFERENCED_LARGE	1421979	1.356	Assets/Procedural Worlds/Packages - Install/Stamps/Plains/2k Plains 4.exr
REVIEW_UNREFERENCED_LARGE	1415341	1.350	Assets/Naganeupseong/Resource/Textures/Prop/T_Manure_Container_N.png
REVIEW_UNREFERENCED_LARGE	1414817	1.349	Assets/TemplesKor/Textures/T_Song_Jong_Pillar_B_BC.png
REVIEW_UNREFERENCED_LARGE	1379891	1.316	Assets/Procedural Worlds/Packages - Install/Asset Samples - Synty Studios/Prefabs/Big Farm 1.prefab
REVIEW_UNREFERENCED_LARGE	1377553	1.314	Assets/Procedural Worlds/Packages - Install/Stamps/Valleys/2k Valley 3.exr
REVIEW_UNREFERENCED_LARGE	1373898	1.310	Assets/Naganeupseong/Resource/Textures/Prop/T_Grain_Rake01a_N.png
REVIEW_UNREFERENCED_LARGE	1372752	1.309	Assets/TemplesKor/Textures/T_Sun_Toilet_Wall_B_N.png
REVIEW_UNREFERENCED_LARGE	1356605	1.294	Assets/Naganeupseong/Resource/Textures/Prop/T_Pantry_Shelf_BC.png
REVIEW_UNREFERENCED_LARGE	1351296	1.289	Assets/TemplesKor/Textures/T_Sun_Toilet_Wall_E_N.png
REVIEW_UNREFERENCED_LARGE	1342044	1.280	Assets/Procedural Worlds/Packages - Install/Gaia Water/Content Resources/Textures/Caustics Textures/CausticsRender_005.tif
REVIEW_UNREFERENCED_LARGE	1337705	1.276	Assets/Naganeupseong/Resource/Textures/Prop/T_Dishwater_Bucket_BC.png
REVIEW_UNREFERENCED_LARGE	1337580	1.276	Assets/Procedural Worlds/Packages - Install/Gaia Water/Content Resources/Textures/Caustics Textures/CausticsRender_006.tif
REVIEW_UNREFERENCED_LARGE	1336140	1.274	Assets/Procedural Worlds/Packages - Install/Gaia Water/Content Resources/Textures/Caustics Textures/CausticsRender_011.tif
REVIEW_UNREFERENCED_LARGE	1335666	1.274	Assets/TemplesKor/Textures/T_Sun_Toilet_Wall_H_S.png
REVIEW_UNREFERENCED_LARGE	1332476	1.271	Assets/Procedural Worlds/Packages - Install/Gaia Water/Content Resources/Textures/Caustics Textures/CausticsRender_004.tif
REVIEW_UNREFERENCED_LARGE	1330884	1.269	Assets/Procedural Worlds/Packages - Install/Gaia Water/Content Resources/Textures/Caustics Textures/CausticsRender_012.tif
REVIEW_UNREFERENCED_LARGE	1330840	1.269	Assets/Procedural Worlds/Packages - Install/Gaia Water/Content Resources/Textures/Caustics Textures/CausticsRender_010.tif
REVIEW_UNREFERENCED_LARGE	1329793	1.268	Assets/TemplesKor/Textures/T_Sun_Gate_sign_A/T_Sun_Gate_sign_A_BC.png
REVIEW_UNREFERENCED_LARGE	1326020	1.265	Assets/Procedural Worlds/Packages - Install/Gaia Water/Content Resources/Textures/Caustics Textures/CausticsRender_009.tif
REVIEW_UNREFERENCED_LARGE	1324364	1.263	Assets/Procedural Worlds/Packages - Install/Gaia Water/Content Resources/Textures/Caustics Textures/CausticsRender_003.tif
REVIEW_UNREFERENCED_LARGE	1321820	1.261	Assets/Procedural Worlds/Packages - Install/Gaia Water/Content Resources/Textures/Caustics Textures/CausticsRender_008.tif
REVIEW_UNREFERENCED_LARGE	1321712	1.260	Assets/Procedural Worlds/Packages - Install/Gaia Water/Content Resources/Textures/Caustics Textures/CausticsRender_007.tif
REVIEW_UNREFERENCED_LARGE	1317052	1.256	Assets/Procedural Worlds/Packages - Install/Gaia Water/Content Resources/Textures/Caustics Textures/CausticsRender_013.tif
REVIEW_UNREFERENCED_LARGE	1314372	1.253	Assets/Procedural Worlds/Packages - Install/Gaia Water/Content Resources/Textures/Caustics Textures/CausticsRender_002.tif
REVIEW_UNREFERENCED_LARGE	1307580	1.247	Assets/Procedural Worlds/Packages - Install/Gaia Water/Content Resources/Textures/Caustics Textures/CausticsRender_001.tif
REVIEW_UNREFERENCED_LARGE	1307396	1.247	Assets/Procedural Worlds/Packages - Install/Stamps/Masks/Mask - 2k Square.exr
REVIEW_UNREFERENCED_LARGE	1306408	1.246	Assets/Procedural Worlds/Packages - Install/Gaia Water/Content Resources/Textures/Caustics Textures/CausticsRender_014.tif
REVIEW_UNREFERENCED_LARGE	1304376	1.244	Assets/Procedural Worlds/Packages - Install/Gaia Water/Content Resources/Textures/Caustics Textures/CausticsRender_015.tif
REVIEW_UNREFERENCED_LARGE	1302363	1.242	Assets/TemplesKor/Textures/T_Sun_Toilet_Wall_D_N.png
REVIEW_UNREFERENCED_LARGE	1299928	1.240	Assets/Procedural Worlds/Packages - Install/Gaia Water/Content Resources/Textures/Caustics Textures/CausticsRender_016.tif
REVIEW_UNREFERENCED_LARGE	1298490	1.238	Assets/Naganeupseong/Resource/Textures/Prop/T_Water_Scoop_BC.png
REVIEW_UNREFERENCED_LARGE	1295342	1.235	Assets/TemplesKor/Textures/T_Song_Jong_Stair_BC.png
REVIEW_UNREFERENCED_LARGE	1294528	1.235	Assets/TemplesKor/Textures/T_Song_Jong_rail_BC.png
REVIEW_UNREFERENCED_LARGE	1290846	1.231	Assets/TemplesKor/Textures/T_Sun_Toilet_Wall_H_N.png
REVIEW_UNREFERENCED_LARGE	1289631	1.230	Assets/TemplesKor/Textures/T_Ssang_Dae_Pillar_B_BC.png
REVIEW_UNREFERENCED_LARGE	1289631	1.230	Assets/TemplesKor/Textures/T_Ssang_Dae_Pillar_A_BC.png
REVIEW_UNREFERENCED_LARGE	1287164	1.228	Assets/TemplesKor/Textures/T_Geumsan_Mi_Bang_S.png
REVIEW_UNREFERENCED_LARGE	1280420	1.221	Assets/TemplesKor/Textures/T_Sun_Kak_Pillar_BC.png
REVIEW_UNREFERENCED_LARGE	1278764	1.220	Assets/TemplesKor/Textures/T_Song_Jong_Dori_N.png
REVIEW_UNREFERENCED_LARGE	1266861	1.208	Assets/TemplesKor/Textures/T_Ssang_Dae_Gongpo_BC.png
REVIEW_UNREFERENCED_LARGE	1250292	1.192	Assets/Naganeupseong/Resource/Textures/Prop/T_Spade_02_N.png
REVIEW_UNREFERENCED_LARGE	1240051	1.183	Assets/TemplesKor/Textures/T_Sun_Toilet_Wall_E_S.png
REVIEW_UNREFERENCED_LARGE	1239401	1.182	Assets/TemplesKor/Textures/T_Ssang_Dae_Bang_A_BC.png
REVIEW_UNREFERENCED_LARGE	1230369	1.173	Assets/TemplesKor/Textures/T_Sun_Toilet_Wall_D_S.png
REVIEW_UNREFERENCED_LARGE	1220367	1.164	Assets/Naganeupseong/Resource/Textures/Prop/T_Irrigation_Bucket_BC.png
REVIEW_UNREFERENCED_LARGE	1211889	1.156	Assets/Procedural Worlds/Packages - Install/Asset Samples - Synty Studios/Prefabs/Medium Farm 2.prefab
REVIEW_UNREFERENCED_LARGE	1195127	1.140	Assets/Naganeupseong/Resource/Textures/Prop/T_Rice_Chest_N.png
REVIEW_UNREFERENCED_LARGE	1186736	1.132	Assets/Naganeupseong/Resource/Textures/Prop/T_Small_Plow_BC.png
REVIEW_UNREFERENCED_LARGE	1170523	1.116	Assets/Naganeupseong/Resource/Textures/Prop/T_Fire_Pot01a_AO.png
REVIEW_UNREFERENCED_LARGE	1164072	1.110	Assets/Naganeupseong/Resource/Textures/Prop/T_Jar_With_A_Spout_N.png
REVIEW_UNREFERENCED_LARGE	1162869	1.109	Assets/Naganeupseong/Resource/Textures/Prop/T_Pantry_Chest_01_AO.png
REVIEW_UNREFERENCED_LARGE	1151951	1.099	Assets/Procedural Worlds/Packages - Install/Gaia Water/Content Resources/Textures/Data Map Textures/VariationMap.exr
REVIEW_UNREFERENCED_LARGE	1144884	1.092	Assets/Naganeupseong/Resource/Textures/Prop/T_Grain_Rake01a_BC.png
REVIEW_UNREFERENCED_LARGE	1143924	1.091	Assets/TemplesKor/Textures/T_Sun_Pal_Wall_B/T_Sun_Pal_Wall_B_S.png
REVIEW_UNREFERENCED_LARGE	1143542	1.091	Assets/TemplesKor/Textures/T_K_Kirim_Dae_Gong_C/T_K_Kirim_Dae_Gong_C_AO.png
REVIEW_UNREFERENCED_LARGE	1135531	1.083	Assets/Naganeupseong/Resource/Textures/Prop/T_Fulling_Block_BC.png
REVIEW_UNREFERENCED_LARGE	1107461	1.056	Assets/Naganeupseong/Resource/Textures/Prop/T_Large_Scooped_Wooden_Bowl_BC.png
REVIEW_UNREFERENCED_LARGE	1097242	1.046	Assets/Naganeupseong/Resource/Textures/Prop/T_Straw_Bag_AO.png
REVIEW_UNREFERENCED_LARGE	1092708	1.042	Assets/Naganeupseong/Resource/Textures/Prop/T_Straw_Bag_R.png
REVIEW_UNREFERENCED_LARGE	1076788	1.027	Assets/Naganeupseong/Resource/Textures/Prop/T_A_frame_Carrier01a_R.png
REVIEW_UNREFERENCED_LARGE	1073655	1.024	Assets/TemplesKor/Textures/T_Sun_Won_Kidan_AO.png
REVIEW_UNREFERENCED_LARGE	1065443	1.016	Assets/Naganeupseong/Resource/Textures/Prop/T_Jar_With_A_Spout_BC.png
REVIEW_UNREFERENCED_LARGE	1064789	1.015	Assets/TemplesKor/Textures/T_Song_Jong_Dori_S.png
REVIEW_UNREFERENCED_LARGE	1061864	1.013	Assets/JoseonSoul/FirstVillageTempleGraybox/ForestPreview.png
REVIEW_UNREFERENCED_LARGE	1052128	1.003	Assets/Procedural Worlds/Packages - Install/Gaia Water/Content Resources/Textures/Foam Textures/PWS Shader Noise Foam Ocean 001.png
REVIEW_UNREFERENCED_SMALL	1048449	1.000	Assets/TemplesKor/Textures/T_Sun_Won_Pillar_B_BC.png
REVIEW_UNREFERENCED_SMALL	1047990	0.999	Assets/TemplesKor/Textures/T_Sun_Toilet_Pillar_A_BC.png
REVIEW_UNREFERENCED_SMALL	1046218	0.998	Assets/TemplesKor/Textures/T_K_Kirim_Dae_Pillar_A/T_K_Kirim_Dae_Pillar_A_BC.png
REVIEW_UNREFERENCED_SMALL	1042062	0.994	Assets/TemplesKor/Textures/T_Sun_Toilet_Bang_C_BC.png
REVIEW_UNREFERENCED_SMALL	1028736	0.981	Assets/Naganeupseong/Resource/Textures/Prop/T_Winnow_BC.png
REVIEW_UNREFERENCED_SMALL	1026788	0.979	Assets/Naganeupseong/Resource/Textures/Prop/T_Fire_Pot01a_MT.png
REVIEW_UNREFERENCED_SMALL	1021466	0.974	Assets/TemplesKor/Textures/T_Sun_Won_Kidan_S.png
REVIEW_UNREFERENCED_SMALL	1014634	0.968	Assets/TemplesKor/Textures/T_K_Kirim_Dae_Stone/T_K_Kirim_Dae_Stone_AO.png
REVIEW_UNREFERENCED_SMALL	1012622	0.966	Assets/TemplesKor/Textures/T_Sun_Dae_Stone_AO.png
REVIEW_UNREFERENCED_SMALL	1012431	0.966	Assets/TemplesKor/Textures/T_Sun_Pal_Stone/T_Sun_Pal_Stone_AO.png
REVIEW_UNREFERENCED_SMALL	1012104	0.965	Assets/TemplesKor/Textures/T_Sun_Toilet_Bang_A_BC.png
REVIEW_UNREFERENCED_SMALL	1007379	0.961	Assets/Naganeupseong/Resource/Textures/Prop/T_Manure_Container_R.png
REVIEW_UNREFERENCED_SMALL	1000421	0.954	Assets/Naganeupseong/Resource/Textures/Prop/T_Pantry_Shelf_N.png
REVIEW_UNREFERENCED_SMALL	983576	0.938	Assets/TemplesKor/Textures/T_Sun_Pal_Wall_B/T_Sun_Pal_Wall_B_N.png
REVIEW_UNREFERENCED_SMALL	978771	0.933	Assets/TemplesKor/Textures/T_K_Kirim_Dae_Gong_C/T_K_Kirim_Dae_Gong_C_N.png
REVIEW_UNREFERENCED_SMALL	978500	0.933	Assets/TemplesKor/Textures/T_Sun_Kak_Gonpo_A_AO.png
REVIEW_UNREFERENCED_SMALL	978500	0.933	Assets/TemplesKor/Textures/T_Sun_Kak_Gonpo_B_AO.png
REVIEW_UNREFERENCED_SMALL	977690	0.932	Assets/TemplesKor/Textures/T_K_Kirim_Dae_Gong_A/T_K_Kirim_Dae_Gong_A_AO.png
REVIEW_UNREFERENCED_SMALL	977332	0.932	Assets/Naganeupseong/Resource/Textures/Prop/T_Winnow_R.png
REVIEW_UNREFERENCED_SMALL	977018	0.932	Assets/TemplesKor/Textures/T_K_Kirim_Dae_Gong_B/T_K_Kirim_Dae_Gong_B_AO.png
REVIEW_UNREFERENCED_SMALL	967216	0.922	Assets/TemplesKor/Textures/T_Sun_Won_Kidan_N.png
REVIEW_UNREFERENCED_SMALL	965705	0.921	Assets/TemplesKor/Textures/T_Ssang_Dae_Bang_B_S.png
REVIEW_UNREFERENCED_SMALL	961371	0.917	Assets/Naganeupseong/Resource/Textures/Prop/T_Spade_For_Irrigation_Work_BC.png
REVIEW_UNREFERENCED_SMALL	956006	0.912	Assets/Naganeupseong/Resource/Textures/Prop/T_Mortar_R.png
REVIEW_UNREFERENCED_SMALL	953177	0.909	Assets/TemplesKor/Textures/T_K_Kirim_Dae_Pillar_B/T_K_Kirim_Dae_Pillar_B_AO.png
REVIEW_UNREFERENCED_SMALL	950837	0.907	Assets/TemplesKor/Textures/T_Geumsan_Mi_Pillar_A_BC.png
REVIEW_UNREFERENCED_SMALL	939783	0.896	Assets/TemplesKor/Textures/T_Sun_Dae_Gongpo_AO.png
REVIEW_UNREFERENCED_SMALL	927435	0.884	Assets/TemplesKor/Textures/T_Sun_Bul_Gongpo_B_AO.png
REVIEW_UNREFERENCED_SMALL	927435	0.884	Assets/TemplesKor/Textures/T_Sun_Bul_Gongpo_A_AO.png
REVIEW_UNREFERENCED_SMALL	921137	0.878	Assets/TemplesKor/Textures/T_Sun_Won_Pillar_A_AO.png
REVIEW_UNREFERENCED_SMALL	917366	0.875	Assets/TemplesKor/Textures/T_Song_Jong_Pillar_B_AO.png
REVIEW_UNREFERENCED_SMALL	913344	0.871	Assets/TemplesKor/Textures/T_Sun_Toilet_Pillar_B_BC.png
REVIEW_UNREFERENCED_SMALL	912237	0.870	Assets/TemplesKor/Textures/T_Ssang_Dae_Pillar_B_AO.png
REVIEW_UNREFERENCED_SMALL	912237	0.870	Assets/TemplesKor/Textures/T_Ssang_Dae_Pillar_A_AO.png
REVIEW_UNREFERENCED_SMALL	907182	0.865	Assets/TemplesKor/Textures/T_Sun_Kak_Pillar_AO.png
REVIEW_UNREFERENCED_SMALL	905655	0.864	Assets/TemplesKor/Textures/T_Ssang_Dae_Bang_B_N.png
REVIEW_UNREFERENCED_SMALL	903878	0.862	Assets/TemplesKor/Textures/T_Sun_Won_Gonpo_A_AO.png
REVIEW_UNREFERENCED_SMALL	903567	0.862	Assets/TemplesKor/Textures/T_Song_Jong_Pillar_A_BC.png
REVIEW_UNREFERENCED_SMALL	903256	0.861	Assets/TemplesKor/Textures/T_Sun_Won_Gonpo_D_AO.png
REVIEW_UNREFERENCED_SMALL	902418	0.861	Assets/TemplesKor/Textures/T_Sun_Toilet_Pillar_A_AO.png
REVIEW_UNREFERENCED_SMALL	900426	0.859	Assets/TemplesKor/Textures/T_Sun_Won_Jang_E_AO.png
REVIEW_UNREFERENCED_SMALL	898219	0.857	Assets/TemplesKor/Textures/T_Sun_Dae_sign_AO.png
REVIEW_UNREFERENCED_SMALL	895692	0.854	Assets/Naganeupseong/Resource/Textures/Prop/T_Jar_With_A_Spout_R.png
REVIEW_UNREFERENCED_SMALL	895138	0.854	Assets/TemplesKor/Textures/T_Ssang_Dae_Gongpo_AO.png
REVIEW_UNREFERENCED_SMALL	894482	0.853	Assets/TemplesKor/Scenes/Overview.unity
REVIEW_UNREFERENCED_SMALL	891725	0.850	Assets/Naganeupseong/Resource/Textures/Prop/T_Cart01a_02_MT.png
REVIEW_UNREFERENCED_SMALL	886049	0.845	Assets/TemplesKor/Textures/T_Sun_Toilet_Pillar_B_AO.png
REVIEW_UNREFERENCED_SMALL	873265	0.833	Assets/Naganeupseong/Resource/Textures/Prop/T_Water_Scoop_R.png
REVIEW_UNREFERENCED_SMALL	869321	0.829	Assets/TemplesKor/Textures/T_Geumsan_Mi_Wall_J_BC.png
REVIEW_UNREFERENCED_SMALL	868867	0.829	Assets/TemplesKor/Textures/T_Sun_Dae_Pillar_B_BC.png
REVIEW_UNREFERENCED_SMALL	867945	0.828	Assets/Naganeupseong/Resource/Textures/Prop/T_Cart01a_01_AO.png
REVIEW_UNREFERENCED_SMALL	866117	0.826	Assets/TemplesKor/Textures/T_Sun_Dae_Pillar_A_BC.png
REVIEW_UNREFERENCED_SMALL	859166	0.819	Assets/TemplesKor/Textures/T_Sun_Won_Pillar_B_AO.png
REVIEW_UNREFERENCED_SMALL	858396	0.819	Assets/Naganeupseong/Resource/Textures/Prop/T_Straw_Mat01a_R.png
REVIEW_UNREFERENCED_SMALL	855215	0.816	Assets/TemplesKor/Textures/T_Ssang_Dae_Sign_B_AO.png
REVIEW_UNREFERENCED_SMALL	852003	0.813	Assets/TemplesKor/Textures/T_Sun_Won_ceiling_AO.png
REVIEW_UNREFERENCED_SMALL	847259	0.808	Assets/TemplesKor/Textures/T_Song_Jong_rail_AO.png
REVIEW_UNREFERENCED_SMALL	831234	0.793	Assets/TemplesKor/Textures/T_Sun_Won_Jang_B_AO.png
REVIEW_UNREFERENCED_SMALL	831195	0.793	Assets/TemplesKor/Textures/T_K_Kirim_Dae_Hyeonpan/T_K_Kirim_Dae_Hyeonpan_AO.png
REVIEW_UNREFERENCED_SMALL	830544	0.792	Assets/TemplesKor/Textures/T_Song_Jong_Stair_AO.png
REVIEW_UNREFERENCED_SMALL	828507	0.790	Assets/TemplesKor/Textures/T_Sun_Won_Jang_C_AO.png
REVIEW_UNREFERENCED_SMALL	828507	0.790	Assets/TemplesKor/Textures/T_Sun_Won_Jang_D_AO.png
REVIEW_UNREFERENCED_SMALL	828324	0.790	Assets/TemplesKor/Textures/T_K_Kirim_Dae_Pillar_B/T_K_Kirim_Dae_Pillar_B_S.png
REVIEW_UNREFERENCED_SMALL	827660	0.789	Assets/TemplesKor/Textures/T_Sun_Won_Pillar_A_S.png
REVIEW_UNREFERENCED_SMALL	826634	0.788	Assets/TemplesKor/Textures/T_Sun_Won_Jang_A_AO.png
REVIEW_UNREFERENCED_SMALL	811803	0.774	Assets/Naganeupseong/Resource/Textures/Prop/T_Large_Scooped_Wooden_Bowl_AO.png
REVIEW_UNREFERENCED_SMALL	809365	0.772	Assets/TemplesKor/Textures/T_Geumsan_Mi_Pillar_C_BC.png
REVIEW_UNREFERENCED_SMALL	803177	0.766	Assets/TemplesKor/Textures/T_Song_Jong_Gongpo_A_BC.png
REVIEW_UNREFERENCED_SMALL	801046	0.764	Assets/Naganeupseong/Resource/Textures/Prop/T_Pantry_Shelf_R.png
REVIEW_UNREFERENCED_SMALL	796306	0.759	Assets/TemplesKor/Textures/T_Sun_Dae_Stair_AO.png
REVIEW_UNREFERENCED_SMALL	793291	0.757	Assets/TemplesKor/Textures/T_K_Kirim_Dae_Gong_C/T_K_Kirim_Dae_Gong_C_S.png
REVIEW_UNREFERENCED_SMALL	792579	0.756	Assets/TemplesKor/Textures/T_K_Kirim_Dae_Gong_A/T_K_Kirim_Dae_Gong_A_S.png
REVIEW_UNREFERENCED_SMALL	791470	0.755	Assets/TemplesKor/Textures/T_K_Kirim_Dae_Pillar_A/T_K_Kirim_Dae_Pillar_A_AO.png
REVIEW_UNREFERENCED_SMALL	785186	0.749	Assets/TemplesKor/Textures/T_Geumsan_Mi_Pillar_B_BC.png
REVIEW_UNREFERENCED_SMALL	784211	0.748	Assets/TemplesKor/Textures/T_K_Kirim_Dae_Gong_B/T_K_Kirim_Dae_Gong_B_S.png
REVIEW_UNREFERENCED_SMALL	782069	0.746	Assets/TemplesKor/Textures/T_K_Kirim_Dae_Stone/T_K_Kirim_Dae_Stone_S.png
REVIEW_UNREFERENCED_SMALL	781235	0.745	Assets/Naganeupseong/Resource/Textures/Prop/T_Large_Scooped_Wooden_Bowl_R.png
REVIEW_UNREFERENCED_SMALL	779081	0.743	Assets/TemplesKor/Textures/T_Geumsan_Mi_Pillar_D_AO.png
REVIEW_UNREFERENCED_SMALL	777547	0.742	Assets/TemplesKor/Textures/T_Sun_Kak_Gonpo_B_S.png
REVIEW_UNREFERENCED_SMALL	777547	0.742	Assets/TemplesKor/Textures/T_Sun_Kak_Gonpo_A_S.png
REVIEW_UNREFERENCED_SMALL	777368	0.741	Assets/TemplesKor/Textures/T_K_Kirim_Dae_Pillar_B/T_K_Kirim_Dae_Pillar_B_N.png
REVIEW_UNREFERENCED_SMALL	774075	0.738	Assets/TemplesKor/Textures/T_K_Kirim_Dae_Gong_A/T_K_Kirim_Dae_Gong_A_N.png
REVIEW_UNREFERENCED_SMALL	770754	0.735	Assets/TemplesKor/Textures/T_Geumsan_Mi_Pillar_A_AO.png
REVIEW_UNREFERENCED_SMALL	769597	0.734	Assets/Naganeupseong/Resource/Textures/Prop/T_Cabinet01b_R.png
REVIEW_UNREFERENCED_SMALL	768590	0.733	Assets/TemplesKor/Textures/T_Sun_Dae_Stone_S.png
REVIEW_UNREFERENCED_SMALL	767858	0.732	Assets/TemplesKor/Textures/T_Sun_Kak_Gonpo_B_N.png
REVIEW_UNREFERENCED_SMALL	767858	0.732	Assets/TemplesKor/Textures/T_Sun_Kak_Gonpo_A_N.png
REVIEW_UNREFERENCED_SMALL	765076	0.730	Assets/TemplesKor/Textures/T_K_Kirim_Dae_Gong_B/T_K_Kirim_Dae_Gong_B_N.png
REVIEW_UNREFERENCED_SMALL	764206	0.729	Assets/Naganeupseong/Resource/Textures/Prop/T_Kitchen_Board_R.png
REVIEW_UNREFERENCED_SMALL	761155	0.726	Assets/TemplesKor/Textures/T_Song_Jong_Gongpo_B_BC.png
REVIEW_UNREFERENCED_SMALL	757409	0.722	Assets/TemplesKor/Textures/T_Geumsan_Mi_Pillar_D_BC.png
REVIEW_UNREFERENCED_SMALL	756296	0.721	Assets/TemplesKor/Textures/T_Song_Jong_Pillar_A_AO.png
REVIEW_UNREFERENCED_SMALL	755583	0.721	Assets/TemplesKor/Textures/T_Ssang_Dae_Sign_B_S.png
REVIEW_UNREFERENCED_SMALL	753572	0.719	Assets/TemplesKor/Textures/T_Sun_Dae_Pillar_A_AO.png
REVIEW_UNREFERENCED_SMALL	753259	0.718	Assets/TemplesKor/Textures/T_Sun_Dae_Pillar_B_AO.png
REVIEW_UNREFERENCED_SMALL	747655	0.713	Assets/TemplesKor/Textures/T_Geumsan_Mi_Pillar_B_AO.png
REVIEW_UNREFERENCED_SMALL	745524	0.711	Assets/TemplesKor/Textures/T_Sun_Won_ceiling_S.png
REVIEW_UNREFERENCED_SMALL	743118	0.709	Assets/TemplesKor/Textures/T_Geumsan_Mi_Pillar_C_AO.png
REVIEW_UNREFERENCED_SMALL	733623	0.700	Assets/Naganeupseong/Resource/Textures/Prop/T_A_frame_Carrier01a_AO.png
REVIEW_UNREFERENCED_SMALL	732975	0.699	Assets/Naganeupseong/Resource/Textures/Prop/T_Irrigation_Bucket_N.png
REVIEW_UNREFERENCED_SMALL	728756	0.695	Assets/TemplesKor/Textures/T_K_Kirim_Dae_Stone/T_K_Kirim_Dae_Stone_N.png
REVIEW_UNREFERENCED_SMALL	728430	0.695	Assets/TemplesKor/Textures/T_Sun_Bul_Gongpo_B_S.png
REVIEW_UNREFERENCED_SMALL	728430	0.695	Assets/TemplesKor/Textures/T_Sun_Bul_Gongpo_A_S.png
REVIEW_UNREFERENCED_SMALL	726943	0.693	Assets/TemplesKor/Textures/T_Geumsan_Mi_Pillar_E_AO.png
REVIEW_UNREFERENCED_SMALL	724740	0.691	Assets/Naganeupseong/Resource/Textures/Prop/T_Anvil_R.png
REVIEW_UNREFERENCED_SMALL	719535	0.686	Assets/TemplesKor/Textures/T_Sun_Won_ceiling_N.png
REVIEW_UNREFERENCED_SMALL	716657	0.683	Assets/Naganeupseong/Resource/Textures/Prop/T_Rice_Chest_R.png
REVIEW_UNREFERENCED_SMALL	714683	0.682	Assets/Naganeupseong/Resource/Textures/Prop/T_Net_Bag_BC.png
REVIEW_UNREFERENCED_SMALL	713817	0.681	Assets/TemplesKor/Textures/T_Ssang_Dae_Step_BC.png
REVIEW_UNREFERENCED_SMALL	713817	0.681	Assets/TemplesKor/Textures/T_Geumsan_Mi_Step_BC.png
REVIEW_UNREFERENCED_SMALL	713817	0.681	Assets/TemplesKor/Textures/T_Sun_Dae_Step_BC.png
REVIEW_UNREFERENCED_SMALL	713781	0.681	Assets/TemplesKor/Textures/T_Sun_Bul_step_BC.png
REVIEW_UNREFERENCED_SMALL	713781	0.681	Assets/TemplesKor/Textures/T_Sun_Kak_step_BC.png
REVIEW_UNREFERENCED_SMALL	712997	0.680	Assets/TemplesKor/Textures/T_Sun_Dae_sign_N.png
REVIEW_UNREFERENCED_SMALL	711900	0.679	Assets/TemplesKor/Textures/T_Song_Jong_Gongpo_D_BC.png
REVIEW_UNREFERENCED_SMALL	711254	0.678	Assets/TemplesKor/Textures/T_Sun_Toilet_Bang_B_AO.png
REVIEW_UNREFERENCED_SMALL	711254	0.678	Assets/TemplesKor/Textures/T_Sun_Dae_sign_S.png
REVIEW_UNREFERENCED_SMALL	710887	0.678	Assets/TemplesKor/Textures/T_Sun_Dae_Stone_N.png
REVIEW_UNREFERENCED_SMALL	710308	0.677	Assets/TemplesKor/Textures/T_Sun_Dae_Gongpo_S.png
REVIEW_UNREFERENCED_SMALL	708419	0.676	Assets/Naganeupseong/Resource/Textures/Prop/T_Grain_Rake01b_AO.png
REVIEW_UNREFERENCED_SMALL	695760	0.664	Assets/Naganeupseong/Resource/Textures/Prop/T_Cloth_Roller_N.png
REVIEW_UNREFERENCED_SMALL	691607	0.660	Assets/TemplesKor/Textures/T_Sun_Won_Pillar_A_N.png
REVIEW_UNREFERENCED_SMALL	687764	0.656	Assets/TemplesKor/Textures/T_Sun_Dae_Gongpo_N.png
REVIEW_UNREFERENCED_SMALL	683625	0.652	Assets/TemplesKor/Textures/T_Sun_Bul_Gongpo_B_N.png
REVIEW_UNREFERENCED_SMALL	683625	0.652	Assets/TemplesKor/Textures/T_Sun_Bul_Gongpo_A_N.png
REVIEW_UNREFERENCED_SMALL	682461	0.651	Assets/Procedural Worlds/Packages - Install/Gaia Water/Content Resources/Textures/Wave Normal Textures/Noise_WaterWave_Med_13_N.jpg
REVIEW_UNREFERENCED_SMALL	678421	0.647	Assets/TemplesKor/Textures/T_Song_Jong_Pillar_B_S.png
REVIEW_UNREFERENCED_SMALL	673119	0.642	Assets/Naganeupseong/Resource/Textures/Prop/T_Basket01a_N.png
REVIEW_UNREFERENCED_SMALL	662065	0.631	Assets/TemplesKor/Textures/T_Song_Jong_Gongpo_B_AO.png
REVIEW_UNREFERENCED_SMALL	655547	0.625	Assets/TemplesKor/Textures/T_Sun_Won_Gonpo_D_S.png
REVIEW_UNREFERENCED_SMALL	655142	0.625	Assets/TemplesKor/Textures/T_Song_Jong_Gongpo_A_AO.png
REVIEW_UNREFERENCED_SMALL	654669	0.624	Assets/TemplesKor/Textures/T_Ssang_Dae_Pillar_A_S.png
REVIEW_UNREFERENCED_SMALL	654669	0.624	Assets/TemplesKor/Textures/T_Ssang_Dae_Pillar_B_S.png
REVIEW_UNREFERENCED_SMALL	654373	0.624	Assets/TemplesKor/Textures/T_Sun_Pal_Pillar_A/T_Sun_Pal_Pillar_A_AO.png
REVIEW_UNREFERENCED_SMALL	652412	0.622	Assets/TemplesKor/Textures/T_Sun_Won_Gonpo_A_S.png
REVIEW_UNREFERENCED_SMALL	652145	0.622	Assets/Naganeupseong/Resource/Textures/Prop/T_Small_Plow_R.png
REVIEW_UNREFERENCED_SMALL	648657	0.619	Assets/Procedural Worlds/Packages - Install/Asset Samples - Synty Studios/Prefabs/Medium Farm 1.prefab
REVIEW_UNREFERENCED_SMALL	644134	0.614	Assets/TemplesKor/Textures/T_Song_Jong_Gongpo_D_AO.png
REVIEW_UNREFERENCED_SMALL	637345	0.608	Assets/TemplesKor/Textures/T_Sun_Won_Pillar_B_S.png
REVIEW_UNREFERENCED_SMALL	635594	0.606	Assets/TemplesKor/Textures/T_Sun_Won_Jang_C_S.png
REVIEW_UNREFERENCED_SMALL	635594	0.606	Assets/TemplesKor/Textures/T_Sun_Won_Jang_D_S.png
REVIEW_UNREFERENCED_SMALL	635587	0.606	Assets/TemplesKor/Textures/T_Sun_Won_Jang_B_S.png
REVIEW_UNREFERENCED_SMALL	635123	0.606	Assets/TemplesKor/Textures/T_Song_Jong_rail_S.png
REVIEW_UNREFERENCED_SMALL	634152	0.605	Assets/Naganeupseong/Resource/Textures/Prop/T_Hand_Mill_N.png
REVIEW_UNREFERENCED_SMALL	634131	0.605	Assets/TemplesKor/Textures/T_Sun_Won_Jang_E_S.png
REVIEW_UNREFERENCED_SMALL	631536	0.602	Assets/TemplesKor/Textures/T_Sun_Won_Jang_A_S.png
REVIEW_UNREFERENCED_SMALL	629932	0.601	Assets/TemplesKor/Textures/T_Song_Jong_rail_N.png
REVIEW_UNREFERENCED_SMALL	628007	0.599	Assets/TemplesKor/Textures/T_Ssang_Dae_Sign_B_N.png
REVIEW_UNREFERENCED_SMALL	625217	0.596	Assets/Procedural Worlds/Packages - Install/Sky & Lighting Presets/Textures/Shimmer_T_Flare.png
REVIEW_UNREFERENCED_SMALL	623296	0.594	Assets/TemplesKor/Textures/T_Geumsan_Mi_Wall_J_AO.png
REVIEW_UNREFERENCED_SMALL	622711	0.594	Assets/TemplesKor/Textures/T_Sun_Toilet_Bang_C_S.png
REVIEW_UNREFERENCED_SMALL	621995	0.593	Assets/Naganeupseong/Resource/Textures/Prop/T_Net_Bag_N.png
REVIEW_UNREFERENCED_SMALL	621820	0.593	Assets/Naganeupseong/Resource/Textures/Prop/T_Rice_N.png
REVIEW_UNREFERENCED_SMALL	616658	0.588	Assets/Procedural Worlds/Packages - Install/Sky & Lighting Presets/Textures/PartialRIng_T_Flare.png
REVIEW_UNREFERENCED_SMALL	615572	0.587	Assets/Naganeupseong/Scene/Overview.unity
REVIEW_UNREFERENCED_SMALL	612266	0.584	Assets/TemplesKor/Textures/T_Song_Jong_Pillar_B_N.png
REVIEW_UNREFERENCED_SMALL	610541	0.582	Assets/TemplesKor/Textures/T_Geumsan_Mi_Pillar_E_BC.png
REVIEW_UNREFERENCED_SMALL	609130	0.581	Assets/TemplesKor/Textures/T_Song_Jong_Gongpo_C_BC.png
REVIEW_UNREFERENCED_SMALL	608806	0.581	Assets/Procedural Worlds/Packages - Install/Gaia Water/Content Resources/Textures/Data Map Textures/DataMap.psd
REVIEW_UNREFERENCED_SMALL	607692	0.580	Assets/Naganeupseong/Resource/Textures/Prop/T_Strainer_N.png
REVIEW_UNREFERENCED_SMALL	607315	0.579	Assets/Naganeupseong/Resource/Textures/Prop/T_Straw_Jar02a_N.png
REVIEW_UNREFERENCED_SMALL	604395	0.576	Assets/Naganeupseong/Resource/Textures/Prop/T_Straw_Jar01a_N.png
REVIEW_UNREFERENCED_SMALL	603962	0.576	Assets/TemplesKor/Textures/T_Sun_Won_Gonpo_A_N.png
REVIEW_UNREFERENCED_SMALL	603557	0.576	Assets/TemplesKor/Textures/T_K_Kirim_Dae_Hyeonpan/T_K_Kirim_Dae_Hyeonpan_S.png
REVIEW_UNREFERENCED_SMALL	602840	0.575	Assets/TemplesKor/Textures/T_Sun_Toilet_Bang_A_S.png
REVIEW_UNREFERENCED_SMALL	602332	0.574	Assets/TemplesKor/Textures/T_Sun_Dae_Stair_S.png
REVIEW_UNREFERENCED_SMALL	602110	0.574	Assets/_Recovery/0.unity
REVIEW_UNREFERENCED_SMALL	600513	0.573	Assets/TemplesKor/Textures/T_Sun_Won_Gonpo_D_N.png
REVIEW_UNREFERENCED_SMALL	599952	0.572	Assets/TemplesKor/Textures/T_Sun_Toilet_Pillar_A_S.png
REVIEW_UNREFERENCED_SMALL	595542	0.568	Assets/Naganeupseong/Resource/Textures/Prop/T_Small_Plow_AO.png
REVIEW_UNREFERENCED_SMALL	594647	0.567	Assets/Naganeupseong/Resource/Textures/Pillar/T_Pillar01d_N.png
REVIEW_UNREFERENCED_SMALL	594050	0.567	Assets/TemplesKor/Textures/T_Geumsan_Mi_Gongpo_C_AO.png
REVIEW_UNREFERENCED_SMALL	593859	0.566	Assets/TemplesKor/Textures/T_Geumsan_Mi_Gongpo_A_AO.png
REVIEW_UNREFERENCED_SMALL	592195	0.565	Assets/TemplesKor/Textures/T_Geumsan_Mi_Gongpo_B_AO.png
REVIEW_UNREFERENCED_SMALL	584054	0.557	Assets/Naganeupseong/Resource/Textures/Prop/T_Meju_N.png
REVIEW_UNREFERENCED_SMALL	583748	0.557	Assets/TemplesKor/Textures/T_Song_Jong_Stair_S.png
REVIEW_UNREFERENCED_SMALL	582209	0.555	Assets/TemplesKor/Textures/T_Sun_Won_Jang_E_N.png
REVIEW_UNREFERENCED_SMALL	576797	0.550	Assets/Procedural Worlds/Packages - Install/Gaia/Shaders/PW General/Textures/VariationMap_Blended.exr
REVIEW_UNREFERENCED_SMALL	574992	0.548	Assets/TemplesKor/Textures/T_Sun_Won_Jang_B_N.png
REVIEW_UNREFERENCED_SMALL	574857	0.548	Assets/Naganeupseong/Resource/Textures/Prop/T_Rice_Straw_N.png
REVIEW_UNREFERENCED_SMALL	572152	0.546	Assets/TemplesKor/Textures/T_Sun_Bul_Pillar_BC.png
REVIEW_UNREFERENCED_SMALL	571994	0.545	Assets/TemplesKor/Textures/T_Sun_Bul_Pillar_AO.png
REVIEW_UNREFERENCED_SMALL	571975	0.545	Assets/Naganeupseong/Resource/Textures/Prop/T_Spoon_Stand_N.png
REVIEW_UNREFERENCED_SMALL	571730	0.545	Assets/TemplesKor/Textures/T_Sun_Won_Jang_C_N.png
REVIEW_UNREFERENCED_SMALL	571730	0.545	Assets/TemplesKor/Textures/T_Sun_Won_Jang_D_N.png
REVIEW_UNREFERENCED_SMALL	570154	0.544	Assets/TemplesKor/Textures/T_Sun_Won_Jang_A_N.png
REVIEW_UNREFERENCED_SMALL	569707	0.543	Assets/TemplesKor/Textures/T_Ssang_Dae_Pillar_A_N.png
REVIEW_UNREFERENCED_SMALL	569707	0.543	Assets/TemplesKor/Textures/T_Ssang_Dae_Pillar_B_N.png
REVIEW_UNREFERENCED_SMALL	565828	0.540	Assets/TemplesKor/Textures/T_Song_Jong_Stair_N.png
REVIEW_UNREFERENCED_SMALL	563837	0.538	Assets/Naganeupseong/Resource/Textures/Prop/T_Manure_Container_AO.png
REVIEW_UNREFERENCED_SMALL	558879	0.533	Assets/TemplesKor/Textures/T_Sun_Toilet_Bang_B_BC.png
REVIEW_UNREFERENCED_SMALL	558425	0.533	Assets/Naganeupseong/Resource/Textures/Prop/T_Bibimbap_N.png
REVIEW_UNREFERENCED_SMALL	556661	0.531	Assets/Naganeupseong/Resource/Textures/Prop/T_Broom01a_02_N.png
REVIEW_UNREFERENCED_SMALL	554159	0.528	Assets/Procedural Worlds/Packages - Install/Asset Samples - Synty Studios/Prefabs/Medium Farm 3.prefab
REVIEW_UNREFERENCED_SMALL	552490	0.527	Assets/Naganeupseong/Resource/Textures/Prop/T_Dishwater_Bucket_R.png
REVIEW_UNREFERENCED_SMALL	551786	0.526	Assets/Naganeupseong/Resource/Textures/Prop/T_Basin01b_N.png
REVIEW_UNREFERENCED_SMALL	548397	0.523	Assets/TemplesKor/Textures/T_Sun_Won_Pillar_B_N.png
REVIEW_UNREFERENCED_SMALL	548100	0.523	Assets/TemplesKor/Textures/T_Song_Jong_Gongpo_C_AO.png
REVIEW_UNREFERENCED_SMALL	547816	0.522	Assets/Procedural Worlds/Packages - Install/Gaia Water/Content Resources/Audio/Gaia Ambient Underwater Sound Effect.mp3
REVIEW_UNREFERENCED_SMALL	547391	0.522	Assets/TemplesKor/Textures/T_Geumsan_Mi_Gongpo_A_BC.png
REVIEW_UNREFERENCED_SMALL	547322	0.522	Assets/Naganeupseong/Resource/Textures/Prop/T_Water_Scoop_AO.png
REVIEW_UNREFERENCED_SMALL	546032	0.521	Assets/Naganeupseong/Resource/Textures/Prop/T_Irrigation_Bucket_R.png
REVIEW_UNREFERENCED_SMALL	543976	0.519	Assets/Naganeupseong/Resource/Textures/Prop/T_Wicker_Basket_N.png
REVIEW_UNREFERENCED_SMALL	543461	0.518	Assets/TemplesKor/Textures/T_Geumsan_Mi_Gongpo_B_BC.png
REVIEW_UNREFERENCED_SMALL	541120	0.516	Assets/TemplesKor/Textures/T_Geumsan_Mi_Gongpo_C_BC.png
REVIEW_UNREFERENCED_SMALL	537472	0.513	Assets/Naganeupseong/Resource/Textures/Prop/T_Fish_Jerky_N.png
REVIEW_UNREFERENCED_SMALL	536718	0.512	Assets/TemplesKor/Textures/T_Sun_Toilet_Bang_C_N.png
REVIEW_UNREFERENCED_SMALL	536677	0.512	Assets/TemplesKor/Textures/T_Ssang_Dae_Gongpo_S.png
REVIEW_UNREFERENCED_SMALL	535787	0.511	Assets/TemplesKor/Textures/T_Sun_Won_Dori_C_AO.png
REVIEW_UNREFERENCED_SMALL	534948	0.510	Assets/Naganeupseong/Resource/Textures/Prop/T_Brazer_N.png
REVIEW_UNREFERENCED_SMALL	534080	0.509	Assets/TemplesKor/Textures/T_K_Kirim_Dae_Hyeonpan/T_K_Kirim_Dae_Hyeonpan_N.png
REVIEW_UNREFERENCED_SMALL	533102	0.508	Assets/TemplesKor/Textures/T_Sun_Toilet_Pillar_B_S.png
REVIEW_UNREFERENCED_SMALL	530542	0.506	Assets/Naganeupseong/Resource/Textures/Prop/T_Broom01b_N.png
REVIEW_UNREFERENCED_SMALL	528665	0.504	Assets/Naganeupseong/Resource/Textures/Prop/T_Grain_Rake01a_AO.png
REVIEW_UNREFERENCED_SMALL	528272	0.504	Assets/Naganeupseong/Resource/Textures/Prop/T_Whetstone_N.png
REVIEW_UNREFERENCED_SMALL	525710	0.501	Assets/TemplesKor/Textures/T_Ssang_Dae_Bang_A_S.png
REVIEW_UNREFERENCED_SMALL	524782	0.500	Assets/Naganeupseong/Resource/Textures/Prop/T_Beef_Jerky_N.png
REVIEW_UNREFERENCED_SMALL	524138	0.500	Assets/Naganeupseong/Resource/Textures/Prop/T_Hand_Mill_BC.png
REVIEW_UNREFERENCED_SMALL	523836	0.500	Assets/TemplesKor/Textures/T_Sun_Toilet_Bang_A_N.png
REVIEW_UNREFERENCED_SMALL	515112	0.491	Assets/Naganeupseong/Resource/Textures/Prop/T_Cart01a_01_MT.png
REVIEW_UNREFERENCED_SMALL	512149	0.488	Assets/TemplesKor/Textures/T_Sun_Toilet_Pillar_A_N.png
REVIEW_UNREFERENCED_SMALL	511224	0.488	Assets/TemplesKor/Textures/T_Sun_Won_Dori_C_BC.png
REVIEW_UNREFERENCED_SMALL	510611	0.487	Assets/TemplesKor/Textures/T_Sun_Dae_Stair_N.png
REVIEW_UNREFERENCED_SMALL	504611	0.481	Assets/Naganeupseong/Resource/Textures/Prop/T_Earthenware_Bowl_N.png
REVIEW_UNREFERENCED_SMALL	504371	0.481	Assets/Naganeupseong/Resource/Textures/Prop/T_Broom01b_BC.png
REVIEW_UNREFERENCED_SMALL	503377	0.480	Assets/TemplesKor/Textures/T_Sun_Pal_Pillar_B/T_Sun_Pal_Pillar_B_AO.png
REVIEW_UNREFERENCED_SMALL	501095	0.478	Assets/TemplesKor/Textures/T_Song_Jong_Gongpo_A_N.png
REVIEW_UNREFERENCED_SMALL	496587	0.474	Assets/TemplesKor/Textures/T_Song_Jong_Gongpo_D_N.png
REVIEW_UNREFERENCED_SMALL	496196	0.473	Assets/Procedural Worlds/Packages - Install/Gaia Water/Content Resources/Textures/Wave Normal Textures/Noise_WaterWave_Med_11_N.jpg
REVIEW_UNREFERENCED_SMALL	495552	0.473	Assets/Naganeupseong/Resource/Textures/Prop/T_Broom01a_02_BC.png
REVIEW_UNREFERENCED_SMALL	495191	0.472	Assets/TemplesKor/Textures/T_Song_Jong_Pillar_A_S.png
REVIEW_UNREFERENCED_SMALL	494676	0.472	Assets/Naganeupseong/Resource/Textures/Prop/T_Straw_Jar02a_BC.png
REVIEW_UNREFERENCED_SMALL	492150	0.469	Assets/Naganeupseong/Resource/Textures/Prop/T_Dishwater_Bucket_AO.png
REVIEW_UNREFERENCED_SMALL	489985	0.467	Assets/TemplesKor/Textures/T_Sun_Pal_Stone/T_Sun_Pal_Stone_S.png
REVIEW_UNREFERENCED_SMALL	489026	0.466	Assets/TemplesKor/Textures/T_Song_Jong_Gongpo_B_N.png
REVIEW_UNREFERENCED_SMALL	487575	0.465	Assets/TemplesKor/Textures/T_Geumsan_Mi_Pillar_A_S.png
REVIEW_UNREFERENCED_SMALL	479158	0.457	Assets/Naganeupseong/Resource/Textures/Prop/T_Cauldron_Lid01b_BC.png
REVIEW_UNREFERENCED_SMALL	478154	0.456	Assets/Naganeupseong/Resource/Textures/Prop/T_Meju_BC.png
REVIEW_UNREFERENCED_SMALL	475814	0.454	Assets/TemplesKor/Textures/T_Sun_Dae_Head_BC.png
REVIEW_UNREFERENCED_SMALL	475028	0.453	Assets/Naganeupseong/Resource/Textures/Prop/T_Straw_Jar01a_BC.png
REVIEW_UNREFERENCED_SMALL	472861	0.451	Assets/Naganeupseong/Resource/Textures/Prop/T_Kimchi_N.png
REVIEW_UNREFERENCED_SMALL	472418	0.451	Assets/TemplesKor/Textures/T_Sun_Pal_Stone/T_Sun_Pal_Stone_N.png
REVIEW_UNREFERENCED_SMALL	471058	0.449	Assets/TemplesKor/Textures/T_Ssang_Dae_Gongpo_N.png
REVIEW_UNREFERENCED_SMALL	466242	0.445	Assets/TemplesKor/Textures/T_Sun_Won_Dori_A_AO.png
REVIEW_UNREFERENCED_SMALL	463600	0.442	Assets/Naganeupseong/Resource/Meshes/Door/SM_Door01k.fbx
REVIEW_UNREFERENCED_SMALL	463365	0.442	Assets/Naganeupseong/Resource/Textures/Prop/T_Cauldron_Lid01b_N.png
REVIEW_UNREFERENCED_SMALL	463254	0.442	Assets/TemplesKor/Textures/T_Geumsan_Mi_Pillar_A_N.png
REVIEW_UNREFERENCED_SMALL	462625	0.441	Assets/TemplesKor/Textures/T_Song_Jong_Pillar_A_N.png
REVIEW_UNREFERENCED_SMALL	460985	0.440	Assets/TemplesKor/Textures/T_Ssang_Dae_Bang_A_N.png
REVIEW_UNREFERENCED_SMALL	460281	0.439	Assets/TemplesKor/Textures/T_Sun_Kak_step_S.png
REVIEW_UNREFERENCED_SMALL	460281	0.439	Assets/TemplesKor/Textures/T_Sun_Bul_step_S.png
REVIEW_UNREFERENCED_SMALL	460281	0.439	Assets/TemplesKor/Textures/T_Sun_Pal_Step/T_Sun_Pal_Step_S.png
REVIEW_UNREFERENCED_SMALL	459757	0.438	Assets/TemplesKor/Textures/T_Sun_Dae_Step_S.png
REVIEW_UNREFERENCED_SMALL	459757	0.438	Assets/TemplesKor/Textures/T_Ssang_Dae_Step_S.png
REVIEW_UNREFERENCED_SMALL	459757	0.438	Assets/TemplesKor/Textures/T_Geumsan_Mi_Step_S.png
REVIEW_UNREFERENCED_SMALL	454887	0.434	Assets/TemplesKor/Textures/T_Sun_Kak_Pillar_S.png
REVIEW_UNREFERENCED_SMALL	452716	0.432	Assets/TemplesKor/Textures/T_Geumsan_Mi_Pillar_D_S.png
REVIEW_UNREFERENCED_SMALL	452165	0.431	Assets/TemplesKor/Textures/T_Sun_Dae_Pillar_B_S.png
REVIEW_UNREFERENCED_SMALL	450982	0.430	Assets/TemplesKor/Textures/T_Sun_Toilet_Pillar_B_N.png
REVIEW_UNREFERENCED_SMALL	450677	0.430	Assets/Naganeupseong/Resource/Textures/Prop/T_Cloth_Roller_BC.png
REVIEW_UNREFERENCED_SMALL	448676	0.428	Assets/Naganeupseong/Resource/Textures/Prop/T_Small_Dining_Table_N.png
REVIEW_UNREFERENCED_SMALL	447029	0.426	Assets/TemplesKor/Textures/T_K_Kirim_Dae_Pillar_A/T_K_Kirim_Dae_Pillar_A_S.png
REVIEW_UNREFERENCED_SMALL	441705	0.421	Assets/Naganeupseong/Resource/Textures/Prop/T_Lampstand_N.png
REVIEW_UNREFERENCED_SMALL	439585	0.419	Assets/Naganeupseong/Resource/Textures/Prop/T_Cabinet01a_N.png
REVIEW_UNREFERENCED_SMALL	435482	0.415	Assets/Naganeupseong/Resource/Textures/Window/T_Window01e_BC.png
REVIEW_UNREFERENCED_SMALL	435108	0.415	Assets/Naganeupseong/Resource/Textures/Prop/T_Fish_Jerky_BC.png
REVIEW_UNREFERENCED_SMALL	431686	0.412	Assets/Naganeupseong/Resource/Textures/Prop/T_Spade_01_N.png
REVIEW_UNREFERENCED_SMALL	429588	0.410	Assets/TemplesKor/Textures/T_Sun_Kak_Sign_A_BC.png
REVIEW_UNREFERENCED_SMALL	427444	0.408	Assets/Naganeupseong/Resource/Textures/Prop/T_Basket01a_BC.png
REVIEW_UNREFERENCED_SMALL	426268	0.407	Assets/TemplesKor/Textures/T_Sun_Toilet_Stone_BC.png
REVIEW_UNREFERENCED_SMALL	425279	0.406	Assets/TemplesKor/Textures/T_Sun_Dae_Pillar_B_N.png
REVIEW_UNREFERENCED_SMALL	423625	0.404	Assets/Naganeupseong/Resource/Textures/Window/T_Window01c_N.png
REVIEW_UNREFERENCED_SMALL	423307	0.404	Assets/Naganeupseong/Resource/Textures/Prop/T_Bibimbap_BC.png
REVIEW_UNREFERENCED_SMALL	422128	0.403	Assets/Naganeupseong/Resource/Textures/Prop/T_Pillow_N.png
REVIEW_UNREFERENCED_SMALL	420526	0.401	Assets/Naganeupseong/Resource/Textures/Prop/T_Strainer_BC.png
REVIEW_UNREFERENCED_SMALL	420289	0.401	Assets/TemplesKor/Textures/T_Geumsan_Mi_Pillar_C_S.png
REVIEW_UNREFERENCED_SMALL	419896	0.400	Assets/Naganeupseong/Resource/Textures/Prop/T_Wicker_Basket_BC.png
REVIEW_UNREFERENCED_SMALL	419221	0.400	Assets/TemplesKor/Textures/T_Sun_Kak_Sign_C_BC.png
REVIEW_UNREFERENCED_SMALL	418289	0.399	Assets/Naganeupseong/Resource/Textures/Prop/T_Fork_N.png
REVIEW_UNREFERENCED_SMALL	416063	0.397	Assets/TemplesKor/Textures/T_Sun_Kak_Stone_BC.png
REVIEW_UNREFERENCED_SMALL	413381	0.394	Assets/Naganeupseong/Resource/Textures/Prop/T_Bed_Clothes_R.png
REVIEW_UNREFERENCED_SMALL	412286	0.393	Assets/Naganeupseong/Resource/Textures/Prop/T_Pestle_N.png
REVIEW_UNREFERENCED_SMALL	410846	0.392	Assets/Procedural Worlds/Packages - Install/Gaia Water/Content Resources/Textures/Wave Normal Textures/Noise_WaterWave_Med_08_N.jpg
REVIEW_UNREFERENCED_SMALL	409631	0.391	Assets/TemplesKor/Textures/T_Song_Jong_Gongpo_C_N.png
REVIEW_UNREFERENCED_SMALL	408762	0.390	Assets/TemplesKor/Textures/T_Geumsan_Mi_Pillar_B_S.png
REVIEW_UNREFERENCED_SMALL	404949	0.386	Assets/TemplesKor/Textures/T_Geumsan_Mi_Pillar_C_N.png
REVIEW_UNREFERENCED_SMALL	404489	0.386	Assets/Naganeupseong/Resource/Textures/Prop/T_Lamp_N.png
REVIEW_UNREFERENCED_SMALL	404307	0.386	Assets/TemplesKor/Textures/T_Sun_Kak_Sign_B_BC.png
REVIEW_UNREFERENCED_SMALL	404210	0.385	Assets/Naganeupseong/Resource/Textures/Prop/T_Pestle_BC.png
REVIEW_UNREFERENCED_SMALL	403320	0.385	Assets/TemplesKor/Textures/T_Geumsan_Mi_Wall_J_N.png
REVIEW_UNREFERENCED_SMALL	402820	0.384	Assets/TemplesKor/Textures/T_Sun_Kak_Pillar_N.png
REVIEW_UNREFERENCED_SMALL	401145	0.383	Assets/Procedural Worlds/Packages - Install/Gaia Water/Content Resources/Textures/Wave Normal Textures/Noise_WaterWave_Med_16_N.jpg
REVIEW_UNREFERENCED_SMALL	398978	0.380	Assets/TemplesKor/Textures/T_Sun_Dae_Pillar_A_S.png
REVIEW_UNREFERENCED_SMALL	398948	0.380	Assets/TemplesKor/Textures/T_Geumsan_Mi_Pillar_B_N.png
REVIEW_UNREFERENCED_SMALL	397396	0.379	Assets/Naganeupseong/Resource/Textures/Prop/T_Rice_Straw_BC.png
REVIEW_UNREFERENCED_SMALL	395962	0.378	Assets/TemplesKor/Textures/T_K_Kirim_Dae_Pillar_A/T_K_Kirim_Dae_Pillar_A_N.png
REVIEW_UNREFERENCED_SMALL	394198	0.376	Assets/TemplesKor/Textures/T_Sun_Pal_Step/T_Sun_Pal_Step_N.png
REVIEW_UNREFERENCED_SMALL	394198	0.376	Assets/TemplesKor/Textures/T_Sun_Bul_step_N.png
REVIEW_UNREFERENCED_SMALL	394198	0.376	Assets/TemplesKor/Textures/T_Sun_Kak_step_N.png
REVIEW_UNREFERENCED_SMALL	394123	0.376	Assets/Naganeupseong/Resource/Textures/Prop/T_Scoop_N.png
REVIEW_UNREFERENCED_SMALL	393928	0.376	Assets/TemplesKor/Textures/T_Geumsan_Mi_Step_N.png
REVIEW_UNREFERENCED_SMALL	393928	0.376	Assets/TemplesKor/Textures/T_Ssang_Dae_Step_N.png
REVIEW_UNREFERENCED_SMALL	393928	0.376	Assets/TemplesKor/Textures/T_Sun_Dae_Step_N.png
REVIEW_UNREFERENCED_SMALL	391429	0.373	Assets/Naganeupseong/Resource/Textures/Prop/T_Kimchi_BC.png
REVIEW_UNREFERENCED_SMALL	390910	0.373	Assets/Naganeupseong/Resource/Textures/Window/T_Window01g_BC.png
REVIEW_UNREFERENCED_SMALL	387104	0.369	Assets/Naganeupseong/Resource/Meshes/Watermill/SM_Watermill_02.fbx
REVIEW_UNREFERENCED_SMALL	382947	0.365	Assets/Naganeupseong/Resource/Textures/Prop/T_Rice_BC.png
REVIEW_UNREFERENCED_SMALL	382197	0.364	Assets/Naganeupseong/Resource/Textures/Window/T_Window01c_BC.png
REVIEW_UNREFERENCED_SMALL	380639	0.363	Assets/TemplesKor/Textures/T_Geumsan_Mi_Pillar_D_N.png
REVIEW_UNREFERENCED_SMALL	379822	0.362	Assets/Naganeupseong/Resource/Textures/Prop/T_Spoon_And_Chopsticks_N.png
REVIEW_UNREFERENCED_SMALL	375151	0.358	Assets/TemplesKor/Textures/T_Geumsan_Mi_Wall_J_S.png
REVIEW_UNREFERENCED_SMALL	374881	0.358	Assets/Naganeupseong/Resource/Textures/Prop/T_Fire_Shovel_N.png
REVIEW_UNREFERENCED_SMALL	372946	0.356	Assets/Naganeupseong/Resource/Textures/Prop/T_Straw_Mat01b_R.png
REVIEW_UNREFERENCED_SMALL	372327	0.355	Assets/TemplesKor/Textures/T_Song_Jong_Gongpo_A_S.png
REVIEW_UNREFERENCED_SMALL	372067	0.355	Assets/TemplesKor/Textures/T_Sun_Dae_Pillar_A_N.png
REVIEW_UNREFERENCED_SMALL	371763	0.355	Assets/Naganeupseong/Resource/Textures/Prop/T_Seive_Support_BC.png
REVIEW_UNREFERENCED_SMALL	371424	0.354	Assets/Naganeupseong/Resource/Meshes/Watermill/SM_Watermill_01.fbx
REVIEW_UNREFERENCED_SMALL	370290	0.353	Assets/Naganeupseong/Resource/Textures/Prop/T_Corn_01_N.png
REVIEW_UNREFERENCED_SMALL	370231	0.353	Assets/Naganeupseong/Resource/Textures/Prop/T_Weeding_Hoe_BC.png
REVIEW_UNREFERENCED_SMALL	370192	0.353	Assets/Procedural Worlds/Packages - Install/Gaia Water/Content Resources/Textures/Wave Normal Textures/Noise_WaterWave_Large_01_N.jpg
REVIEW_UNREFERENCED_SMALL	367437	0.350	Assets/Naganeupseong/Resource/Textures/Prop/T_Grain_Rake01a_R.png
REVIEW_UNREFERENCED_SMALL	366802	0.350	Assets/Naganeupseong/Resource/Textures/Prop/T_Spoon_Stand_BC.png
REVIEW_UNREFERENCED_SMALL	363381	0.347	Assets/Naganeupseong/Resource/Textures/Prop/T_Spade_02_BC.png
REVIEW_UNREFERENCED_SMALL	362539	0.346	Assets/Naganeupseong/Resource/Textures/Prop/T_Whetstone_BC.png
REVIEW_UNREFERENCED_SMALL	362493	0.346	Assets/TemplesKor/Textures/T_Sun_Bul_Sign_BC.png
REVIEW_UNREFERENCED_SMALL	362042	0.345	Assets/Naganeupseong/Prefabs/Build/House_With_Wooden_Floored_Room_01.prefab
REVIEW_UNREFERENCED_SMALL	359657	0.343	Assets/Naganeupseong/Resource/Textures/Prop/T_Weeding_Hoe_N.png
REVIEW_UNREFERENCED_SMALL	359617	0.343	Assets/Naganeupseong/Resource/Textures/Prop/T_Spade_01_BC.png
REVIEW_UNREFERENCED_SMALL	358299	0.342	Assets/TemplesKor/Textures/T_Ssang_Dae_Sign_A_BC.png
REVIEW_UNREFERENCED_SMALL	357130	0.341	Assets/Naganeupseong/Resource/Textures/Prop/T_Garlic_BC.png
REVIEW_UNREFERENCED_SMALL	356156	0.340	Assets/Naganeupseong/Resource/Textures/Prop/T_Cabinet01a_BC.png
REVIEW_UNREFERENCED_SMALL	355565	0.339	Assets/Naganeupseong/Resource/Textures/Prop/T_Bellows_BC.png
REVIEW_UNREFERENCED_SMALL	354428	0.338	Assets/Naganeupseong/Resource/Textures/Prop/T_Wooden_Tray_N.png
REVIEW_UNREFERENCED_SMALL	353156	0.337	Assets/Naganeupseong/Resource/Textures/Prop/T_Basin01b_BC.png
REVIEW_UNREFERENCED_SMALL	352835	0.336	Assets/Naganeupseong/Resource/Textures/Prop/T_Beef_Jerky_BC.png
REVIEW_UNREFERENCED_SMALL	352413	0.336	Assets/TemplesKor/Textures/T_Geumsan_Mi_Sign_BC.png
REVIEW_UNREFERENCED_SMALL	351592	0.335	Assets/Naganeupseong/Resource/Textures/Prop/T_Garlic_N.png
REVIEW_UNREFERENCED_SMALL	350933	0.335	Assets/TemplesKor/Textures/T_Geumsan_Mi_Pillar_E_S.png
REVIEW_UNREFERENCED_SMALL	348918	0.333	Assets/TemplesKor/Textures/T_Song_Jong_Gongpo_B_S.png
REVIEW_UNREFERENCED_SMALL	348496	0.332	Assets/Naganeupseong/Prefabs/Build/Local_Personnel_Clerks_House_01.prefab
REVIEW_UNREFERENCED_SMALL	345120	0.329	Assets/Naganeupseong/Prefabs/Prop/Chili01a.prefab
REVIEW_UNREFERENCED_SMALL	344285	0.328	Assets/Naganeupseong/Resource/Textures/Prop/T_Fork_BC.png
REVIEW_UNREFERENCED_SMALL	342684	0.327	Assets/TemplesKor/Textures/T_Song_Jong_Gongpo_D_S.png
REVIEW_UNREFERENCED_SMALL	341331	0.326	Assets/Naganeupseong/Resource/Textures/Prop/T_Jar_With_A_Spout_AO.png
REVIEW_UNREFERENCED_SMALL	337282	0.322	Assets/Naganeupseong/Resource/Textures/Prop/T_Broom01a_01_N.png
REVIEW_UNREFERENCED_SMALL	336134	0.321	Assets/TemplesKor/Textures/T_Geumsan_Mi_Gongpo_C_N.png
REVIEW_UNREFERENCED_SMALL	335565	0.320	Assets/TemplesKor/Textures/T_Geumsan_Mi_Gongpo_A_N.png
REVIEW_UNREFERENCED_SMALL	334140	0.319	Assets/TemplesKor/Textures/T_Geumsan_Mi_Gongpo_B_N.png
REVIEW_UNREFERENCED_SMALL	333479	0.318	Assets/Naganeupseong/Resource/Textures/Prop/T_Seive_Support_N.png
REVIEW_UNREFERENCED_SMALL	331936	0.317	Assets/Naganeupseong/Resource/Textures/Prop/T_Brazer_BC.png
REVIEW_UNREFERENCED_SMALL	331269	0.316	Assets/Procedural Worlds/Packages - Install/Gaia/Shaders/PW General/PW_Water_RP.shadergraph
REVIEW_UNREFERENCED_SMALL	328917	0.314	Assets/Naganeupseong/Resource/Textures/Prop/T_Wooden_Tray_BC.png
REVIEW_UNREFERENCED_SMALL	321999	0.307	Assets/Naganeupseong/Resource/Textures/Prop/T_Net_Bag_R.png
REVIEW_UNREFERENCED_SMALL	321886	0.307	Assets/Naganeupseong/Resource/Textures/Prop/T_Lampstand_BC.png
REVIEW_UNREFERENCED_SMALL	320207	0.305	Assets/Naganeupseong/Resource/Textures/Prop/T_Cauldron_Lid01a_N.png
REVIEW_UNREFERENCED_SMALL	319827	0.305	Assets/Naganeupseong/Resource/Textures/Prop/T_Broom01a_01_BC.png
REVIEW_UNREFERENCED_SMALL	317829	0.303	Assets/Naganeupseong/Resource/Textures/Prop/T_Chisel_BC.png
REVIEW_UNREFERENCED_SMALL	316603	0.302	Assets/TemplesKor/Textures/SM_Song_Jong_Sign_BC.png
REVIEW_UNREFERENCED_SMALL	316371	0.302	Assets/Procedural Worlds/Packages - Install/Gaia/Shaders/PW General/PW_Water_VR.shadergraph
REVIEW_UNREFERENCED_SMALL	313568	0.299	Assets/Procedural Worlds/Packages - Install/Gaia/Shaders/PW General/Textures/VariationMap.exr
REVIEW_UNREFERENCED_SMALL	312085	0.298	Assets/Naganeupseong/Resource/Textures/Prop/T_Cauldron01a_N.png
REVIEW_UNREFERENCED_SMALL	311238	0.297	Assets/TemplesKor/Textures/T_Geumsan_Mi_Pillar_E_N.png
REVIEW_UNREFERENCED_SMALL	310721	0.296	Assets/Naganeupseong/Resource/Textures/Prop/T_Rice_Chest_AO.png
REVIEW_UNREFERENCED_SMALL	310235	0.296	Assets/Naganeupseong/Resource/Textures/Prop/T_Clothes_Rack_N.png
REVIEW_UNREFERENCED_SMALL	308653	0.294	Assets/Naganeupseong/Resource/Textures/Prop/T_Pantry_Shelf_AO.png
REVIEW_UNREFERENCED_SMALL	308037	0.294	Assets/Naganeupseong/Resource/Textures/Prop/T_Small_Dining_Table_BC.png
REVIEW_UNREFERENCED_SMALL	306972	0.293	Assets/TemplesKor/Textures/T_K_Kirim_Dae_Step/T_K_Kirim_Dae_Step_S.png
REVIEW_UNREFERENCED_SMALL	305287	0.291	Assets/Naganeupseong/Resource/Textures/Pillar/T_Pillar01d_BC.png
REVIEW_UNREFERENCED_SMALL	304626	0.291	Assets/Naganeupseong/Resource/Textures/Door/T_Door01k_MT.png
REVIEW_UNREFERENCED_SMALL	303796	0.290	Assets/Procedural Worlds/Packages - Install/Gaia/Shaders/PW General/PW_Water_URP.shadergraph
REVIEW_UNREFERENCED_SMALL	303609	0.290	Assets/TemplesKor/Textures/T_K_Kirim_Dae_Step/T_K_Kirim_Dae_Step_BC.png
REVIEW_UNREFERENCED_SMALL	303034	0.289	Assets/Procedural Worlds/Packages - Install/Gaia/Scripts/Core/Photo Mode/Prefabs and FX/Photo Mode.prefab
REVIEW_UNREFERENCED_SMALL	302444	0.288	Assets/Naganeupseong/Resource/Textures/Prop/T_Chisel_N.png
REVIEW_UNREFERENCED_SMALL	300175	0.286	Assets/Naganeupseong/Resource/Textures/Prop/T_Pincers01a_N.png
REVIEW_UNREFERENCED_SMALL	297185	0.283	Assets/Naganeupseong/Resource/Textures/Prop/T_Corn_01_BC.png
REVIEW_UNREFERENCED_SMALL	295908	0.282	Assets/Naganeupseong/Resource/Textures/Prop/T_Pincers01a_BC.png
REVIEW_UNREFERENCED_SMALL	293966	0.280	Assets/TemplesKor/Textures/T_Sun_Bul_Pillar_N.png
REVIEW_UNREFERENCED_SMALL	292374	0.279	Assets/Naganeupseong/Resource/Textures/Window/T_Window01e_N.png
REVIEW_UNREFERENCED_SMALL	290792	0.277	Assets/Naganeupseong/Resource/Textures/Prop/T_Spoon_Stand_R.png
REVIEW_UNREFERENCED_SMALL	289489	0.276	Assets/Naganeupseong/Resource/Textures/Prop/T_Basket01b_BC.png
REVIEW_UNREFERENCED_SMALL	288086	0.275	Assets/Naganeupseong/Resource/Textures/Prop/T_Hammer_N.png
REVIEW_UNREFERENCED_SMALL	286026	0.273	Assets/TemplesKor/Textures/T_Sun_Won_Dori_A_BC.png
REVIEW_UNREFERENCED_SMALL	284619	0.271	Assets/Naganeupseong/Resource/Textures/Prop/T_Basket01b_N.png
REVIEW_UNREFERENCED_SMALL	280602	0.268	Assets/Naganeupseong/Resource/Textures/Prop/T_Bottle_BC.png
REVIEW_UNREFERENCED_SMALL	280591	0.268	Assets/TemplesKor/Textures/T_Geumsan_Mi_Step_AO.png
REVIEW_UNREFERENCED_SMALL	280591	0.268	Assets/TemplesKor/Textures/T_Ssang_Dae_Step_AO.png
REVIEW_UNREFERENCED_SMALL	280591	0.268	Assets/TemplesKor/Textures/T_Sun_Dae_Step_AO.png
REVIEW_UNREFERENCED_SMALL	280271	0.267	Assets/TemplesKor/Textures/T_Sun_Pal_Step/T_Sun_Pal_Step_AO.png
REVIEW_UNREFERENCED_SMALL	280271	0.267	Assets/TemplesKor/Textures/T_Sun_Kak_step_AO.png
REVIEW_UNREFERENCED_SMALL	280271	0.267	Assets/TemplesKor/Textures/T_Sun_Bul_step_AO.png
REVIEW_UNREFERENCED_SMALL	278656	0.266	Assets/Naganeupseong/Scene/Resource/SM_SkySphere.fbx
REVIEW_UNREFERENCED_SMALL	278360	0.265	Assets/Naganeupseong/Resource/Textures/Prop/T_Lamp_BC.png
REVIEW_UNREFERENCED_SMALL	277653	0.265	Assets/TemplesKor/Textures/T_K_Kirim_Dae_Step/T_K_Kirim_Dae_Step_AO.png
REVIEW_UNREFERENCED_SMALL	277532	0.265	Assets/TemplesKor/Textures/T_Sun_Toilet_Bang_B_S.png
REVIEW_UNREFERENCED_SMALL	276567	0.264	Assets/Naganeupseong/Resource/Textures/Window/T_Window01g_N.png
REVIEW_UNREFERENCED_SMALL	274458	0.262	Assets/Naganeupseong/Resource/Textures/Prop/T_Spoon_And_Chopsticks_R.png
REVIEW_UNREFERENCED_SMALL	272832	0.260	Assets/Naganeupseong/Resource/Meshes/Ground/SM_Ground04a.fbx
REVIEW_UNREFERENCED_SMALL	271717	0.259	Assets/Naganeupseong/Resource/Textures/Prop/T_Grain_Rake01b_R.png
REVIEW_UNREFERENCED_SMALL	271606	0.259	Assets/TemplesKor/Textures/T_Geumsan_Mi_Gongpo_C_S.png
REVIEW_UNREFERENCED_SMALL	271332	0.259	Assets/TemplesKor/Textures/T_Sun_Gate_Stone/T_Sun_Gate_Stone_N.png
REVIEW_UNREFERENCED_SMALL	271305	0.259	Assets/Naganeupseong/Resource/Textures/Prop/T_Cauldron01a_BC.png
REVIEW_UNREFERENCED_SMALL	270942	0.258	Assets/TemplesKor/Textures/T_Geumsan_Mi_Gongpo_A_S.png
REVIEW_UNREFERENCED_SMALL	269520	0.257	Assets/Naganeupseong/Resource/Meshes/Prop/Farm_Tool/SM_Net_Bag.fbx
REVIEW_UNREFERENCED_SMALL	268964	0.257	Assets/TemplesKor/Textures/T_Sun_Bul_Pillar_S.png
REVIEW_UNREFERENCED_SMALL	268706	0.256	Assets/Naganeupseong/Resource/Textures/Prop/T_Cauldron01b_N.png
REVIEW_UNREFERENCED_SMALL	268197	0.256	Assets/Naganeupseong/Resource/Textures/Prop/T_Cauldron01b_BC.png
REVIEW_UNREFERENCED_SMALL	267979	0.256	Assets/TemplesKor/Textures/T_Geumsan_Mi_Gongpo_B_S.png
REVIEW_UNREFERENCED_SMALL	264567	0.252	Assets/Naganeupseong/Resource/Textures/Prop/T_Hand_Mill_R.png
REVIEW_UNREFERENCED_SMALL	264536	0.252	Assets/TemplesKor/Textures/T_Sun_Gate_Stone/T_Sun_Gate_Stone_S.png
REVIEW_UNREFERENCED_SMALL	259920	0.248	Assets/Naganeupseong/Resource/Meshes/Wall/SM_Wall04b.fbx
REVIEW_UNREFERENCED_SMALL	259250	0.247	Assets/Naganeupseong/Resource/Textures/Prop/T_Bellows_R.png
REVIEW_UNREFERENCED_SMALL	258424	0.246	Assets/TemplesKor/Textures/T_Sun_Pal_Dori/T_Sun_Pal_Dori_A_N.png
REVIEW_UNREFERENCED_SMALL	256148	0.244	Assets/Naganeupseong/Resource/Textures/Prop/T_Bamboo_Basket_N.png
REVIEW_UNREFERENCED_SMALL	252706	0.241	Assets/Procedural Worlds/Packages - Install/Gaia Water/Content Resources/Textures/Wave Normal Textures/Noise_WaterWave_Med_04_N.jpg
REVIEW_UNREFERENCED_SMALL	252455	0.241	Assets/Procedural Worlds/Packages - Install/Gaia/Localization/English/SpawnerEditor.English.pwlpk
REVIEW_UNREFERENCED_SMALL	251608	0.240	Assets/Naganeupseong/Resource/Textures/Prop/T_Earthenware_Bowl_BC.png
REVIEW_UNREFERENCED_SMALL	251554	0.240	Assets/Procedural Worlds/Packages - Install/Gaia/Localization/English/WorldBiomeMasksEditor.English.pwlpk
REVIEW_UNREFERENCED_SMALL	251554	0.240	Assets/Procedural Worlds/Packages - Install/Gaia/Localization/English/WorldDesignerEditor.English.pwlpk
REVIEW_UNREFERENCED_SMALL	251250	0.240	Assets/Naganeupseong/Resource/Textures/Prop/T_Corn_02_BC.png
REVIEW_UNREFERENCED_SMALL	248601	0.237	Assets/Naganeupseong/Resource/Textures/Prop/T_Cooked_Rice_Bowl_BC.png
REVIEW_UNREFERENCED_SMALL	245649	0.234	Assets/TemplesKor/Textures/T_Sun_Toilet_Bang_B_N.png
REVIEW_UNREFERENCED_SMALL	240065	0.229	Assets/Procedural Worlds/Packages - Install/Gaia Water/Content Resources/Textures/Wave Normal Textures/Noise_WaterWave_Large_05_N.jpg
REVIEW_UNREFERENCED_SMALL	238895	0.228	Assets/Naganeupseong/Resource/Textures/Window/T_Window01g_R.png
REVIEW_UNREFERENCED_SMALL	238490	0.227	Assets/Naganeupseong/Resource/Textures/Prop/T_Cabinet01b_AO.png
REVIEW_UNREFERENCED_SMALL	237264	0.226	Assets/Naganeupseong/Resource/Textures/Prop/T_Rice_Washing_Bowl_N.png
REVIEW_UNREFERENCED_SMALL	234173	0.223	Assets/Procedural Worlds/Packages - Install/Gaia Water/Content Resources/Textures/Wave Normal Textures/Noise_WaterWave_Med_01_N.jpg
REVIEW_UNREFERENCED_SMALL	233602	0.223	Assets/TemplesKor/Textures/T_Sun_Pal_Dori/T_Sun_Pal_Dori_A_S.png
REVIEW_UNREFERENCED_SMALL	233599	0.223	Assets/Naganeupseong/Resource/Textures/Prop/T_Clothes_Rack_BC.png
REVIEW_UNREFERENCED_SMALL	232275	0.222	Assets/TemplesKor/Textures/T_Sun_Pal_Pillar_A/T_Sun_Pal_Pillar_A_S.png
REVIEW_UNREFERENCED_SMALL	232059	0.221	Assets/TemplesKor/Textures/T_Sun_Pal_Pillar_A/T_Sun_Pal_Pillar_A_N.png
REVIEW_UNREFERENCED_SMALL	230989	0.220	Assets/TemplesKor/Textures/T_Sun_Bul_Stone_AO.png
REVIEW_UNREFERENCED_SMALL	230989	0.220	Assets/TemplesKor/Textures/T_Sun_Kak_Stone_AO.png
REVIEW_UNREFERENCED_SMALL	230250	0.220	Assets/TemplesKor/Textures/T_Sun_Toilet_Stone_AO.png
REVIEW_UNREFERENCED_SMALL	229289	0.219	Assets/TemplesKor/Textures/T_Sun_Gate_Stone/T_Sun_Gate_Stone_AO.png
REVIEW_UNREFERENCED_SMALL	227931	0.217	Assets/Naganeupseong/Resource/Textures/Prop/T_Pillow_BC.png
REVIEW_UNREFERENCED_SMALL	225040	0.215	Assets/Naganeupseong/Resource/Meshes/Ox_Mill/SM_Ox_Mill01a.fbx
REVIEW_UNREFERENCED_SMALL	223774	0.213	Assets/TemplesKor/Textures/T_K_Kirim_Dae_Step/T_K_Kirim_Dae_Step_N.png
REVIEW_UNREFERENCED_SMALL	222320	0.212	Assets/Naganeupseong/Resource/Meshes/Wall/SM_Wall05b.fbx
REVIEW_UNREFERENCED_SMALL	221935	0.212	Assets/Naganeupseong/Resource/Textures/Prop/T_Sieve_01_N.png
REVIEW_UNREFERENCED_SMALL	221525	0.211	Assets/Naganeupseong/Resource/Textures/Prop/T_Anvil_AO.png
REVIEW_UNREFERENCED_SMALL	218850	0.209	Assets/Naganeupseong/Resource/Textures/Prop/T_Spade_For_Irrigation_Work_R.png
REVIEW_UNREFERENCED_SMALL	217383	0.207	Assets/Naganeupseong/Resource/Textures/Prop/T_Basin01b_R.png
REVIEW_UNREFERENCED_SMALL	216944	0.207	Assets/TemplesKor/Textures/T_Geumsan_Mi_Sign_N.png
REVIEW_UNREFERENCED_SMALL	216141	0.206	Assets/Naganeupseong/Prefabs/Build/Tavern_House_01.prefab
REVIEW_UNREFERENCED_SMALL	215980	0.206	Assets/Naganeupseong/Resource/Textures/Prop/T_Fulling_Block_R.png
REVIEW_UNREFERENCED_SMALL	215162	0.205	Assets/Naganeupseong/Resource/Textures/Prop/T_Spade_For_Irrigation_Work_MT.png
REVIEW_UNREFERENCED_SMALL	213960	0.204	Assets/Naganeupseong/Resource/Textures/Prop/T_Hammer_BC.png
REVIEW_UNREFERENCED_SMALL	213687	0.204	Assets/Naganeupseong/Resource/Textures/Prop/T_Cauldron_Lid01a_BC.png
REVIEW_UNREFERENCED_SMALL	213460	0.204	Assets/TemplesKor/Textures/T_Song_Jong_Gongpo_C_S.png
REVIEW_UNREFERENCED_SMALL	212698	0.203	Assets/Naganeupseong/Resource/Textures/Prop/T_Rice_Straw_R.png
REVIEW_UNREFERENCED_SMALL	209179	0.199	Assets/TemplesKor/Textures/T_Sun_Kak_Sign_A_AO.png
REVIEW_UNREFERENCED_SMALL	208036	0.198	Assets/TemplesKor/Textures/T_Sun_Dae_Head_AO.png
REVIEW_UNREFERENCED_SMALL	205952	0.196	Assets/Naganeupseong/Resource/Textures/Prop/T_Weeding_Hoe_R.png
REVIEW_UNREFERENCED_SMALL	205670	0.196	Assets/Naganeupseong/Resource/Textures/Prop/T_Small_Dining_Table_R.png
REVIEW_UNREFERENCED_SMALL	205238	0.196	Assets/TemplesKor/Textures/T_Sun_Won_Dori_C_S.png
REVIEW_UNREFERENCED_SMALL	205169	0.196	Assets/Naganeupseong/Prefabs/Prop/Chili02a.prefab
REVIEW_UNREFERENCED_SMALL	205011	0.196	Assets/Naganeupseong/Resource/Textures/Pillar/T_Pillar01d_R.png
REVIEW_UNREFERENCED_SMALL	203851	0.194	Assets/TemplesKor/Textures/T_Sun_Won_Dori_C_N.png
REVIEW_UNREFERENCED_SMALL	203392	0.194	Assets/Naganeupseong/Prefabs/Build/House_With_Calling_Windows_01.prefab
REVIEW_UNREFERENCED_SMALL	203230	0.194	Assets/Naganeupseong/Resource/Textures/Prop/T_Fire_Shovel_BC.png
REVIEW_UNREFERENCED_SMALL	203152	0.194	Assets/Naganeupseong/Resource/Meshes/Prop/Smithy/SM_Fire_Pot01a.fbx
REVIEW_UNREFERENCED_SMALL	201733	0.192	Assets/Naganeupseong/Resource/Textures/Prop/T_Hand_Mill_AO.png
REVIEW_UNREFERENCED_SMALL	199766	0.191	Assets/Naganeupseong/Resource/Textures/Prop/T_Scikle_BC.png
REVIEW_UNREFERENCED_SMALL	199338	0.190	Assets/Naganeupseong/Resource/Textures/Prop/T_Cauldron01a_R.png
REVIEW_UNREFERENCED_SMALL	199269	0.190	Assets/Naganeupseong/Resource/Textures/Prop/T_Strainer_AO.png
REVIEW_UNREFERENCED_SMALL	198877	0.190	Assets/Naganeupseong/Resource/Textures/Prop/T_Bottle_R.png
REVIEW_UNREFERENCED_SMALL	198874	0.190	Assets/Naganeupseong/Resource/Textures/Prop/T_Chisel_R.png
REVIEW_UNREFERENCED_SMALL	197931	0.189	Assets/Naganeupseong/Resource/Textures/Prop/T_Bamboo_Basket_BC.png
REVIEW_UNREFERENCED_SMALL	197863	0.189	Assets/TemplesKor/Textures/T_Sun_Gate_sign_B/T_Sun_Gate_sign_B_AO.png
REVIEW_UNREFERENCED_SMALL	196281	0.187	Assets/Naganeupseong/Resource/Textures/Prop/T_Chisel_MT.png
REVIEW_UNREFERENCED_SMALL	195196	0.186	Assets/TemplesKor/Textures/T_Sun_Kak_Sign_C_AO.png
REVIEW_UNREFERENCED_SMALL	194436	0.185	Assets/Naganeupseong/Resource/Textures/Prop/T_Bellows_N.png
REVIEW_UNREFERENCED_SMALL	193624	0.185	Assets/Naganeupseong/Resource/Textures/Prop/T_Fork_R.png
REVIEW_UNREFERENCED_SMALL	192759	0.184	Assets/Naganeupseong/Resource/Textures/Prop/T_Whetstone_R.png
REVIEW_UNREFERENCED_SMALL	191841	0.183	Assets/Naganeupseong/Resource/Textures/Prop/T_Cauldron01b_R.png
REVIEW_UNREFERENCED_SMALL	191408	0.183	Assets/TemplesKor/Textures/T_Sun_Gate_sign_A/T_Sun_Gate_sign_A_S.png
REVIEW_UNREFERENCED_SMALL	191106	0.182	Assets/Naganeupseong/Resource/Textures/Prop/T_Spoon_And_Chopsticks_BC.png
REVIEW_UNREFERENCED_SMALL	189502	0.181	Assets/TemplesKor/Textures/T_Geumsan_Mi_Sign_AO.png
REVIEW_UNREFERENCED_SMALL	189296	0.181	Assets/Naganeupseong/Resource/Meshes/Roof/SM_Roof02a.fbx
REVIEW_UNREFERENCED_SMALL	188512	0.180	Assets/Naganeupseong/Resource/Meshes/Wall/SM_Wall03c.fbx
REVIEW_UNREFERENCED_SMALL	188394	0.180	Assets/TemplesKor/Textures/T_Sun_Gate_sign_A/T_Sun_Gate_sign_A_AO.png
REVIEW_UNREFERENCED_SMALL	185835	0.177	Assets/TemplesKor/Textures/T_Sun_Kak_Sign_A_N.png
REVIEW_UNREFERENCED_SMALL	185825	0.177	Assets/TemplesKor/Textures/T_Ssang_Dae_Sign_A_N.png
REVIEW_UNREFERENCED_SMALL	185700	0.177	Assets/Naganeupseong/Resource/Textures/Prop/T_Cauldron01b_MT.png
REVIEW_UNREFERENCED_SMALL	184933	0.176	Assets/TemplesKor/Textures/T_Sun_Bul_Sign_AO.png
REVIEW_UNREFERENCED_SMALL	184915	0.176	Assets/TemplesKor/Textures/T_Sun_Kak_Sign_A_S.png
REVIEW_UNREFERENCED_SMALL	184320	0.176	Assets/Naganeupseong/Resource/Textures/Prop/T_Cabinet01a_R.png
REVIEW_UNREFERENCED_SMALL	183695	0.175	Assets/TemplesKor/Textures/T_Sun_Toilet_Stone_S.png
REVIEW_UNREFERENCED_SMALL	182916	0.174	Assets/Naganeupseong/Resource/Textures/Prop/T_Cauldron01a_MT.png
REVIEW_UNREFERENCED_SMALL	182324	0.174	Assets/TemplesKor/Textures/T_Sun_Kak_Stone_S.png
REVIEW_UNREFERENCED_SMALL	182324	0.174	Assets/TemplesKor/Textures/T_Sun_Bul_Stone_S.png
REVIEW_UNREFERENCED_SMALL	181275	0.173	Assets/Naganeupseong/Resource/Textures/Prop/T_Scoop_R.png
REVIEW_UNREFERENCED_SMALL	181080	0.173	Assets/TemplesKor/Textures/T_Sun_Kak_Sign_B_AO.png
REVIEW_UNREFERENCED_SMALL	180895	0.173	Assets/TemplesKor/Textures/T_Sun_Kak_Sign_C_S.png
REVIEW_UNREFERENCED_SMALL	180827	0.172	Assets/TemplesKor/Textures/T_Sun_Dae_Head_S.png
REVIEW_UNREFERENCED_SMALL	180300	0.172	Assets/Naganeupseong/Resource/Textures/Prop/T_Straw_Mat01b_AO.png
REVIEW_UNREFERENCED_SMALL	179577	0.171	Assets/Naganeupseong/Resource/Textures/Prop/T_Scikle_N.png
REVIEW_UNREFERENCED_SMALL	179148	0.171	Assets/TemplesKor/Textures/T_Sun_Gate_sign_A/T_Sun_Gate_sign_A_N.png
REVIEW_UNREFERENCED_SMALL	178240	0.170	Assets/Naganeupseong/Resource/Textures/Prop/T_Spade_02_AO.png
REVIEW_UNREFERENCED_SMALL	177799	0.170	Assets/TemplesKor/Textures/SM_Song_Jong_Sign_AO.png
REVIEW_UNREFERENCED_SMALL	177398	0.169	Assets/TemplesKor/Textures/T_Ssang_Dae_Sign_A_AO.png
REVIEW_UNREFERENCED_SMALL	176625	0.168	Assets/Naganeupseong/Resource/Textures/Prop/T_Lamp_R.png
REVIEW_UNREFERENCED_SMALL	175694	0.168	Assets/TemplesKor/Textures/T_Sun_Dae_Head_N.png
REVIEW_UNREFERENCED_SMALL	175478	0.167	Assets/TemplesKor/Textures/T_Sun_Kak_Sign_C_N.png
REVIEW_UNREFERENCED_SMALL	174987	0.167	Assets/TemplesKor/Textures/T_Sun_Gate_sign_B/T_Sun_Gate_sign_B_S.png
REVIEW_UNREFERENCED_SMALL	174807	0.167	Assets/Naganeupseong/Resource/Textures/Prop/T_Rice_Soup_N.png
REVIEW_UNREFERENCED_SMALL	174395	0.166	Assets/Naganeupseong/Resource/Textures/Prop/T_Broom01b_R.png
REVIEW_UNREFERENCED_SMALL	174368	0.166	Assets/Naganeupseong/Resource/Textures/Prop/T_Pincers01b_N.png
REVIEW_UNREFERENCED_SMALL	173742	0.166	Assets/TemplesKor/Textures/T_Geumsan_Mi_Sign_S.png
REVIEW_UNREFERENCED_SMALL	173527	0.165	Assets/TemplesKor/Textures/T_Sun_Won_Dori_B_BC.png
REVIEW_UNREFERENCED_SMALL	173170	0.165	Assets/Naganeupseong/Resource/Textures/Prop/T_Rice_Washing_Bowl_BC.png
REVIEW_UNREFERENCED_SMALL	172656	0.165	Assets/Naganeupseong/Resource/Meshes/Prop/Farm_Tool/SM_Irrigation_Bucket.fbx
REVIEW_UNREFERENCED_SMALL	172563	0.165	Assets/TemplesKor/Textures/T_Sun_Toilet_Stone_N.png
REVIEW_UNREFERENCED_SMALL	172231	0.164	Assets/TemplesKor/Textures/T_Sun_Pal_Sign/T_Sun_Pal_Sign_AO.png
REVIEW_UNREFERENCED_SMALL	171883	0.164	Assets/Naganeupseong/Resource/Textures/Prop/T_Bibimbap_R.png
REVIEW_UNREFERENCED_SMALL	171013	0.163	Assets/Naganeupseong/Resource/Textures/Prop/T_Strainer_R.png
REVIEW_UNREFERENCED_SMALL	170300	0.162	Assets/TemplesKor/Textures/T_Sun_Gate_sign_B/T_Sun_Gate_sign_B_N.png
REVIEW_UNREFERENCED_SMALL	170180	0.162	Assets/Naganeupseong/Resource/Textures/Prop/T_Meju_R.png
REVIEW_UNREFERENCED_SMALL	170052	0.162	Assets/TemplesKor/Textures/T_Sun_Kak_Stone_N.png
REVIEW_UNREFERENCED_SMALL	170052	0.162	Assets/TemplesKor/Textures/T_Sun_Bul_Stone_N.png
REVIEW_UNREFERENCED_SMALL	169323	0.161	Assets/Naganeupseong/Resource/Textures/Prop/T_Bowl01b_BC.png
REVIEW_UNREFERENCED_SMALL	168180	0.160	Assets/Naganeupseong/Resource/Textures/Prop/T_Pincers01b_BC.png
REVIEW_UNREFERENCED_SMALL	167816	0.160	Assets/TemplesKor/Textures/T_Ssang_Dae_Sign_A_S.png
REVIEW_UNREFERENCED_SMALL	167115	0.159	Assets/Naganeupseong/Resource/Textures/Prop/T_Earthenware_Bowl_R.png
REVIEW_UNREFERENCED_SMALL	167012	0.159	Assets/Naganeupseong/Resource/Textures/Prop/T_Spade_02_MT.png
REVIEW_UNREFERENCED_SMALL	166990	0.159	Assets/TemplesKor/Textures/T_Sun_Bul_Sign_N.png
REVIEW_UNREFERENCED_SMALL	166834	0.159	Assets/Procedural Worlds/Packages - Install/Gaia/Scripts/Core/Photo Mode/Prefabs and FX/PhotoModeRuntimeUIPrefab.prefab
REVIEW_UNREFERENCED_SMALL	166810	0.159	Assets/Naganeupseong/Prefabs/Build/Local_Personnel_Clerks_House_02.prefab
REVIEW_UNREFERENCED_SMALL	164944	0.157	Assets/Naganeupseong/Resource/Textures/Prop/T_Plate_BC.png
REVIEW_UNREFERENCED_SMALL	163793	0.156	Assets/Naganeupseong/Resource/Textures/Prop/T_Spade_02_R.png
REVIEW_UNREFERENCED_SMALL	163565	0.156	Assets/Procedural Worlds/Packages - Install/Gaia/Localization/English/GaiaManagerEditor.English.pwlpk
REVIEW_UNREFERENCED_SMALL	162241	0.155	Assets/TemplesKor/Textures/T_Sun_Kak_Sign_B_S.png
REVIEW_UNREFERENCED_SMALL	161240	0.154	Assets/TemplesKor/Textures/T_Sun_Kak_Sign_B_N.png
REVIEW_UNREFERENCED_SMALL	161189	0.154	Assets/Naganeupseong/Resource/Textures/Prop/T_Scoop_BC.png
REVIEW_UNREFERENCED_SMALL	161127	0.154	Assets/Naganeupseong/Resource/Textures/Prop/T_Broom01a_02_R.png
REVIEW_UNREFERENCED_SMALL	159140	0.152	Assets/TemplesKor/Textures/T_Sun_Pal_Sign/T_Sun_Pal_Sign_S.png
REVIEW_UNREFERENCED_SMALL	158522	0.151	Assets/TemplesKor/Textures/T_Sun_Pal_Sign/T_Sun_Pal_Sign_N.png
REVIEW_UNREFERENCED_SMALL	157193	0.150	Assets/Naganeupseong/Resource/Textures/Prop/T_Cauldron_Lid01a_R.png
REVIEW_UNREFERENCED_SMALL	157134	0.150	Assets/TemplesKor/Textures/T_Sun_Bul_Sign_S.png
REVIEW_UNREFERENCED_SMALL	156818	0.150	Assets/TemplesKor/Textures/SM_Song_Jong_Sign_N.png
REVIEW_UNREFERENCED_SMALL	156207	0.149	Assets/Naganeupseong/Resource/Textures/Prop/T_Seive_Support_R.png
REVIEW_UNREFERENCED_SMALL	154989	0.148	Assets/Naganeupseong/Resource/Textures/Prop/T_Basket01a_R.png
REVIEW_UNREFERENCED_SMALL	154945	0.148	Assets/Naganeupseong/Resource/Textures/Prop/T_Sieve_01_BC.png
REVIEW_UNREFERENCED_SMALL	154730	0.148	Assets/Naganeupseong/Resource/Textures/Prop/T_Pincers01a_R.png
REVIEW_UNREFERENCED_SMALL	154552	0.147	Assets/Naganeupseong/Resource/Textures/Prop/T_Cloth_Roller_R.png
REVIEW_UNREFERENCED_SMALL	153136	0.146	Assets/Naganeupseong/Resource/Meshes/Wall/SM_Wall02c.fbx
REVIEW_UNREFERENCED_SMALL	152888	0.146	Assets/Naganeupseong/Resource/Textures/Prop/T_Mung_Bean_Pancake_N.png
REVIEW_UNREFERENCED_SMALL	152156	0.145	Assets/Naganeupseong/Resource/Textures/Prop/T_Rice_R.png
REVIEW_UNREFERENCED_SMALL	151422	0.144	Assets/TemplesKor/Textures/SM_Song_Jong_Sign_S.png
REVIEW_UNREFERENCED_SMALL	151051	0.144	Assets/Naganeupseong/Resource/Textures/Prop/T_Basket01b_R.png
REVIEW_UNREFERENCED_SMALL	150242	0.143	Assets/Naganeupseong/Resource/Textures/Prop/T_Korean_Cabbage_N.png
REVIEW_UNREFERENCED_SMALL	150132	0.143	Assets/Naganeupseong/Resource/Textures/Prop/T_Seive_Support_AO.png
REVIEW_UNREFERENCED_SMALL	148915	0.142	Assets/Naganeupseong/Resource/Textures/Prop/T_Straw_Jar02a_R.png
REVIEW_UNREFERENCED_SMALL	148689	0.142	Assets/Naganeupseong/Resource/Textures/Prop/T_Cauldron_Lid01b_R.png
REVIEW_UNREFERENCED_SMALL	148396	0.142	Assets/Naganeupseong/Resource/Textures/Prop/T_Hammer_R.png
REVIEW_UNREFERENCED_SMALL	148172	0.141	Assets/Naganeupseong/Resource/Textures/Prop/T_Spoon_and_Chopsticks_MT.png
REVIEW_UNREFERENCED_SMALL	148145	0.141	Assets/Naganeupseong/Resource/Textures/Prop/T_Basket01a_AO.png
REVIEW_UNREFERENCED_SMALL	145146	0.138	Assets/Naganeupseong/Resource/Textures/Prop/T_Spade_01_R.png
REVIEW_UNREFERENCED_SMALL	144471	0.138	Assets/Naganeupseong/Resource/Textures/Prop/T_Lampstand_R.png
REVIEW_UNREFERENCED_SMALL	143098	0.136	Assets/Naganeupseong/Resource/Textures/Prop/T_Fire_Shovel_R.png
REVIEW_UNREFERENCED_SMALL	141868	0.135	Assets/Naganeupseong/Resource/Textures/Prop/T_Brazer_R.png
REVIEW_UNREFERENCED_SMALL	140779	0.134	Assets/Naganeupseong/Resource/Textures/Prop/T_Bowl01a_N.png
REVIEW_UNREFERENCED_SMALL	140464	0.134	Assets/Naganeupseong/Resource/Textures/Prop/T_Beef_Jerky_R.png
REVIEW_UNREFERENCED_SMALL	139137	0.133	Assets/Naganeupseong/Resource/Textures/Window/T_Window01c_R.png
REVIEW_UNREFERENCED_SMALL	137645	0.131	Assets/Naganeupseong/Resource/Textures/Prop/T_Cauldron01a_AO.png
REVIEW_UNREFERENCED_SMALL	137393	0.131	Assets/Naganeupseong/Resource/Textures/Prop/T_Rice_Soup_BC.png
REVIEW_UNREFERENCED_SMALL	137138	0.131	Assets/TemplesKor/Textures/T_Sun_Won_Dori_B_AO.png
REVIEW_UNREFERENCED_SMALL	137117	0.131	Assets/TemplesKor/Textures/T_Sun_Pal_Pillar_B/T_Sun_Pal_Pillar_B_S.png
REVIEW_UNREFERENCED_SMALL	137061	0.131	Assets/Naganeupseong/Resource/Textures/Prop/T_Mung_Bean_Pancake_BC.png
REVIEW_UNREFERENCED_SMALL	134219	0.128	Assets/Naganeupseong/Resource/Textures/Prop/T_Garlic_R.png
REVIEW_UNREFERENCED_SMALL	134203	0.128	Assets/Naganeupseong/Resource/Textures/Prop/T_Straw_Jar01a_R.png
REVIEW_UNREFERENCED_SMALL	134183	0.128	Assets/Procedural Worlds/Packages - Install/Gaia/Shaders/PW General/SubGraphs/PW_Water_Normals.shadersubgraph
REVIEW_UNREFERENCED_SMALL	132492	0.126	Assets/TemplesKor/Textures/T_Sun_Pal_Pillar_B/T_Sun_Pal_Pillar_B_N.png
REVIEW_UNREFERENCED_SMALL	132296	0.126	Assets/Naganeupseong/Resource/Textures/Prop/T_Plate_N.png
REVIEW_UNREFERENCED_SMALL	131133	0.125	Assets/Procedural Worlds/Packages - Install/Gaia/Shaders/PW General/SubGraphs/PW_WaterSurface.shadersubgraph
REVIEW_UNREFERENCED_SMALL	131123	0.125	Assets/Naganeupseong/Resource/Textures/Prop/T_Wooden_Tray_AO.png
REVIEW_UNREFERENCED_SMALL	130352	0.124	Assets/Naganeupseong/Resource/Meshes/Prop/Smithy/SM_Weeding_Hoe.fbx
REVIEW_UNREFERENCED_SMALL	129642	0.124	Assets/Procedural Worlds/Packages - Install/Asset Samples - Synty Studios/Prefabs/Small Farm 1.prefab
REVIEW_UNREFERENCED_SMALL	128752	0.123	Assets/Procedural Worlds/Packages - Install/Gaia Water/Content Resources/Textures/Wave Normal Textures/Noise_WaterWave_Med_09_N.jpg
REVIEW_UNREFERENCED_SMALL	127025	0.121	Assets/Naganeupseong/Resource/Textures/Prop/T_Rice_Chest_MT.png
REVIEW_UNREFERENCED_SMALL	126562	0.121	Assets/Naganeupseong/Resource/Textures/Prop/T_Haejangguk_N.png
REVIEW_UNREFERENCED_SMALL	126531	0.121	Assets/Naganeupseong/Resource/Textures/Prop/T_Pantry_Chest_02_BC.png
REVIEW_UNREFERENCED_SMALL	125671	0.120	Assets/Naganeupseong/Resource/Textures/Prop/T_Pantry_Chest_02_N.png
REVIEW_UNREFERENCED_SMALL	125297	0.119	Assets/Procedural Worlds/Packages - Install/Gaia Water/Content Resources/Textures/Wave Normal Textures/Noise_WaterWave_Med_07_N.jpg
REVIEW_UNREFERENCED_SMALL	125098	0.119	Assets/Naganeupseong/Resource/Textures/Prop/T_Kimchi_R.png
REVIEW_UNREFERENCED_SMALL	124990	0.119	Assets/Naganeupseong/Resource/Textures/Prop/T_Small_Dining_Table_AO.png
REVIEW_UNREFERENCED_SMALL	124664	0.119	Assets/Naganeupseong/Prefabs/Build/House_By_The_West_Gate_02.prefab
REVIEW_UNREFERENCED_SMALL	124558	0.119	Assets/Naganeupseong/Resource/Textures/Window/T_Window01e_R.png
REVIEW_UNREFERENCED_SMALL	124300	0.119	Assets/Procedural Worlds/Packages - Install/Gaia Water/Content Resources/Textures/Wave Normal Textures/Noise_WaterWave_Med_03_N.jpg
REVIEW_UNREFERENCED_SMALL	123871	0.118	Assets/Naganeupseong/Resource/Textures/Window/T_Window01e_AO.png
REVIEW_UNREFERENCED_SMALL	123787	0.118	Assets/Naganeupseong/Resource/Textures/Prop/T_Earthenware_Bowl_AO.png
REVIEW_UNREFERENCED_SMALL	123430	0.118	Assets/Naganeupseong/Resource/Textures/Prop/T_Cauldron_Lid01b_AO.png
REVIEW_UNREFERENCED_SMALL	123241	0.118	Assets/Naganeupseong/Resource/Textures/Prop/T_Cup_N.png
REVIEW_UNREFERENCED_SMALL	122394	0.117	Assets/Naganeupseong/Resource/Textures/Prop/T_Sweet_Potato_BC.png
REVIEW_UNREFERENCED_SMALL	122151	0.116	Assets/Naganeupseong/Resource/Textures/Prop/T_Wooden_Tray_R.png
REVIEW_UNREFERENCED_SMALL	121141	0.116	Assets/Naganeupseong/Resource/Textures/Prop/T_Pillow_R.png
REVIEW_UNREFERENCED_SMALL	120064	0.115	Assets/Procedural Worlds/Packages - Install/Gaia Water/Content Resources/Textures/Wave Normal Textures/Noise_WaterWave_Med_12_N.jpg
REVIEW_UNREFERENCED_SMALL	118628	0.113	Assets/Procedural Worlds/Packages - Install/Gaia Water/Content Resources/Textures/Wave Normal Textures/Noise_WaterWave_Med_02_N.jpg
REVIEW_UNREFERENCED_SMALL	118241	0.113	Assets/Naganeupseong/Resource/Textures/Prop/T_Cauldron01b_AO.png
REVIEW_UNREFERENCED_SMALL	117514	0.112	Assets/Procedural Worlds/Packages - Install/Gaia Water/Content Resources/Prefab/Underwater Particles Effects.prefab
REVIEW_UNREFERENCED_SMALL	117026	0.112	Assets/TemplesKor/Textures/T_Sun_Won_Dori_A_N.png
REVIEW_UNREFERENCED_SMALL	115108	0.110	Assets/Naganeupseong/Resource/Textures/Prop/T_Pestle_R.png
REVIEW_UNREFERENCED_SMALL	114763	0.109	Assets/Naganeupseong/Resource/Textures/Prop/T_Bowl01b_N.png
REVIEW_UNREFERENCED_SMALL	114456	0.109	Assets/Naganeupseong/Resource/Textures/Prop/T_Sieve_01_AO.png
REVIEW_UNREFERENCED_SMALL	114003	0.109	Assets/TemplesKor/Textures/T_Sun_Won_Dori_A_S.png
REVIEW_UNREFERENCED_SMALL	113395	0.108	Assets/Naganeupseong/Resource/Textures/Window/T_Window01c_AO.png
REVIEW_UNREFERENCED_SMALL	112992	0.108	Assets/Naganeupseong/Resource/Textures/Prop/T_Haejangguk_BC.png
REVIEW_UNREFERENCED_SMALL	112090	0.107	Assets/Naganeupseong/Prefabs/Build/Local_Personnel_Clerks_House_03.prefab
REVIEW_UNREFERENCED_SMALL	111604	0.106	Assets/Naganeupseong/Resource/Textures/Prop/T_Scikle_R.png
REVIEW_UNREFERENCED_SMALL	109760	0.105	Assets/Naganeupseong/Resource/Meshes/Prop/Smithy/SM_Chisel.fbx
REVIEW_UNREFERENCED_SMALL	108749	0.104	Assets/Naganeupseong/Resource/Textures/Prop/T_Hammer_MT.png
REVIEW_UNREFERENCED_SMALL	108599	0.104	Assets/Naganeupseong/Resource/Textures/Prop/T_Meju_AO.png
REVIEW_UNREFERENCED_SMALL	108139	0.103	Assets/Procedural Worlds/Packages - Install/Gaia/Scripts/Core/Extension System/Compatible/VillageExteriorsKit.png
REVIEW_UNREFERENCED_SMALL	107287	0.102	Assets/Naganeupseong/Resource/Textures/Prop/T_Bowl01a_BC.png
REVIEW_UNREFERENCED_SMALL	106778	0.102	Assets/Procedural Worlds/Packages - Install/Gaia/Shaders/PW General/SubGraphs/PW_WaterFoamMask.shadersubgraph
REVIEW_UNREFERENCED_SMALL	105620	0.101	Assets/Naganeupseong/Resource/Textures/Prop/T_Cup_BC.png
REVIEW_UNREFERENCED_SMALL	105430	0.101	Assets/Naganeupseong/Resource/Textures/Prop/T_Weeding_Hoe_MT.png
REVIEW_UNREFERENCED_SMALL	104996	0.100	Assets/Procedural Worlds/Packages - Install/Gaia/Shaders/PW General/PW_Details_LitBasic_URP.shadergraph
REVIEW_UNREFERENCED_SMALL	102759	0.098	Assets/Naganeupseong/Resource/Textures/Prop/T_Sieve_01_R.png
REVIEW_UNREFERENCED_SMALL	101724	0.097	Assets/TemplesKor/Textures/T_Ssang_Dae_Stone_BC.png
REVIEW_UNREFERENCED_SMALL	101724	0.097	Assets/TemplesKor/Textures/T_Geumsan_Mi_Stone_BC.png
REVIEW_UNREFERENCED_SMALL	100898	0.096	Assets/Naganeupseong/Resource/Textures/Prop/T_Cup_R.png
REVIEW_UNREFERENCED_SMALL	100580	0.096	Assets/Naganeupseong/Resource/Textures/Prop/T_Rice_Washing_Bowl_R.png
REVIEW_UNREFERENCED_SMALL	99641	0.095	Assets/Naganeupseong/Resource/Textures/Prop/T_Broom01a_01_R.png
REVIEW_UNREFERENCED_SMALL	99056	0.094	Assets/Naganeupseong/Resource/Meshes/Prop/Smithy/SM_Sickle.fbx
REVIEW_UNREFERENCED_SMALL	97639	0.093	Assets/Naganeupseong/Resource/Textures/Prop/T_Sieve_02_N.png
REVIEW_UNREFERENCED_SMALL	97387	0.093	Assets/Naganeupseong/Resource/Textures/Prop/T_Radish_BC.png
REVIEW_UNREFERENCED_SMALL	95340	0.091	Assets/Procedural Worlds/Packages - Install/Gaia/Editor Resources/Kelvin Image.png
REVIEW_UNREFERENCED_SMALL	95223	0.091	Assets/Naganeupseong/Resource/Textures/Prop/T_Bottle_N.png
REVIEW_UNREFERENCED_SMALL	93855	0.090	Assets/Naganeupseong/Resource/Textures/Prop/T_Scoop_MT.png
REVIEW_UNREFERENCED_SMALL	93803	0.089	Assets/Procedural Worlds/Packages - Install/Gaia Water/Content Resources/Textures/Wave Normal Textures/Noise_WaterWave_Large_09_N.jpg
REVIEW_UNREFERENCED_SMALL	93712	0.089	Assets/Naganeupseong/Resource/Meshes/Prop/Smithy/SM_Bellows.fbx
REVIEW_UNREFERENCED_SMALL	93626	0.089	Assets/Naganeupseong/Resource/Textures/Prop/T_Cup_AO.png
REVIEW_UNREFERENCED_SMALL	93534	0.089	Assets/Procedural Worlds/Packages - Install/Gaia Water/Content Resources/Textures/Wave Normal Textures/Noise_WaterWave_Med_06_N.jpg
REVIEW_UNREFERENCED_SMALL	93312	0.089	Assets/Naganeupseong/Resource/Meshes/Prop/Smithy/SM_Whetstone.fbx
REVIEW_UNREFERENCED_SMALL	92950	0.089	Assets/Naganeupseong/Resource/Textures/Prop/T_Gourd_BC.png
REVIEW_UNREFERENCED_SMALL	92065	0.088	Assets/Naganeupseong/Resource/Textures/Prop/T_Bowl01b_R.png
REVIEW_UNREFERENCED_SMALL	91667	0.087	Assets/Naganeupseong/Prefabs/Build/Wooden_Bench_House_03.prefab
REVIEW_UNREFERENCED_SMALL	90757	0.087	Assets/Naganeupseong/Resource/Textures/Prop/T_Pincers01b_R.png
REVIEW_UNREFERENCED_SMALL	90587	0.086	Assets/Naganeupseong/Resource/Textures/Prop/T_Cooked_Rice_Bowl_AO.png
REVIEW_UNREFERENCED_SMALL	90434	0.086	Assets/Naganeupseong/Resource/Textures/Prop/T_Bottle_AO.png
REVIEW_UNREFERENCED_SMALL	90096	0.086	Assets/Naganeupseong/Resource/Meshes/Prop/Smithy/SM_Anvil.fbx
REVIEW_UNREFERENCED_SMALL	89115	0.085	Assets/Naganeupseong/Prefabs/Build/Wooden_Bench_House_04.prefab
REVIEW_UNREFERENCED_SMALL	88499	0.084	Assets/Naganeupseong/Resource/Textures/Prop/T_Wicker_Basket_R.png
REVIEW_UNREFERENCED_SMALL	87904	0.084	Assets/Procedural Worlds/Packages - Install/Gaia Water/Content Resources/Mesh/Water Sample.fbx
REVIEW_UNREFERENCED_SMALL	87885	0.084	Assets/Procedural Worlds/Packages - Install/Gaia Water/Water Prefabs/URP/Gaia Water.prefab
REVIEW_UNREFERENCED_SMALL	87396	0.083	Assets/Naganeupseong/Resource/Textures/Prop/T_Potato_BC.png
REVIEW_UNREFERENCED_SMALL	86416	0.082	Assets/Naganeupseong/Resource/Textures/Prop/T_Basin01b_AO.png
REVIEW_UNREFERENCED_SMALL	86409	0.082	Assets/Procedural Worlds/Packages - Install/Gaia/Scripts/Core/Extension System/Compatible/VolumetricFog.png
REVIEW_UNREFERENCED_SMALL	85856	0.082	Assets/Naganeupseong/Resource/Textures/Prop/T_Bellows_AO.png
REVIEW_UNREFERENCED_SMALL	85665	0.082	Assets/Naganeupseong/Resource/Textures/Prop/T_Cabinet01b_MT.png
REVIEW_UNREFERENCED_SMALL	85312	0.081	Assets/Procedural Worlds/Packages - Install/Gaia/Scripts/Core/Photo Mode/Fonts/BaiJamjuree-MediumItalic.ttf
REVIEW_UNREFERENCED_SMALL	85152	0.081	Assets/Procedural Worlds/Packages - Install/Gaia/Scripts/Core/Photo Mode/Fonts/BaiJamjuree-Italic.ttf
REVIEW_UNREFERENCED_SMALL	85148	0.081	Assets/Procedural Worlds/Packages - Install/Gaia/Scripts/Core/Photo Mode/Fonts/BaiJamjuree-LightItalic.ttf
REVIEW_UNREFERENCED_SMALL	85148	0.081	Assets/Procedural Worlds/Packages - Install/Gaia/Scripts/Core/Photo Mode/Fonts/BaiJamjuree-SemiBoldItalic.ttf
REVIEW_UNREFERENCED_SMALL	85134	0.081	Assets/Naganeupseong/Resource/Textures/Prop/T_Cauldron_Lid01a_MT.png
REVIEW_UNREFERENCED_SMALL	84976	0.081	Assets/Procedural Worlds/Packages - Install/Gaia/Scripts/Core/Photo Mode/Fonts/BaiJamjuree-ExtraLightItalic.ttf
REVIEW_UNREFERENCED_SMALL	84656	0.081	Assets/Procedural Worlds/Packages - Install/Gaia/Scripts/Core/Photo Mode/Fonts/BaiJamjuree-BoldItalic.ttf
REVIEW_UNREFERENCED_SMALL	84388	0.080	Assets/Procedural Worlds/Packages - Install/Gaia/Localization/English/PWSkyStandaloneEditor.English.pwlpk
REVIEW_UNREFERENCED_SMALL	84388	0.080	Assets/Procedural Worlds/Packages - Install/Gaia/Localization/English/GaiaLightingEditor.English.pwlpk
REVIEW_UNREFERENCED_SMALL	82425	0.079	Assets/Procedural Worlds/Packages - Install/Gaia Water/Content Resources/Textures/Wave Normal Textures/Noise_WaterWave_Large_07_N.jpg
REVIEW_UNREFERENCED_SMALL	82317	0.079	Assets/Procedural Worlds/Packages - Install/Gaia/Shaders/PW General/SubGraphs/PW_Flora_SpecHighlight.shadersubgraph
REVIEW_UNREFERENCED_SMALL	82128	0.078	Assets/Naganeupseong/Resource/Meshes/Prop/Smithy/SM_Pincers01a.fbx
REVIEW_UNREFERENCED_SMALL	82045	0.078	Assets/Naganeupseong/Resource/Textures/Prop/T_Pumpkin_BC.png
REVIEW_UNREFERENCED_SMALL	81663	0.078	Assets/Naganeupseong/Resource/Textures/Prop/T_Wicker_Basket_AO.png
REVIEW_UNREFERENCED_SMALL	81082	0.077	Assets/Naganeupseong/Resource/Textures/Prop/T_Corn_01_R.png
REVIEW_UNREFERENCED_SMALL	80624	0.077	Assets/Procedural Worlds/Packages - Install/Sky & Lighting Presets/Textures/moon.jpg
REVIEW_UNREFERENCED_SMALL	80569	0.077	Assets/Naganeupseong/Resource/Textures/Prop/T_Plate_R.png
REVIEW_UNREFERENCED_SMALL	80041	0.076	Assets/Naganeupseong/Resource/Textures/Prop/T_Fish_Jerky_R.png
REVIEW_UNREFERENCED_SMALL	79984	0.076	Assets/Naganeupseong/Resource/Meshes/Prop/Smithy/SM_Pincers01b.fbx
REVIEW_UNREFERENCED_SMALL	79784	0.076	Assets/Procedural Worlds/Packages - Install/Gaia/Scripts/Core/Photo Mode/Fonts/BaiJamjuree-Medium.ttf
REVIEW_UNREFERENCED_SMALL	79772	0.076	Assets/Procedural Worlds/Packages - Install/Gaia/Scripts/Core/Photo Mode/Fonts/BaiJamjuree-SemiBold.ttf
REVIEW_UNREFERENCED_SMALL	79752	0.076	Assets/Naganeupseong/Resource/Textures/Prop/T_Pincers01a_MT.png
REVIEW_UNREFERENCED_SMALL	79736	0.076	Assets/Procedural Worlds/Packages - Install/Gaia/Scripts/Core/Photo Mode/Fonts/BaiJamjuree-Light.ttf
REVIEW_UNREFERENCED_SMALL	79712	0.076	Assets/Procedural Worlds/Packages - Install/Gaia/Scripts/Core/Photo Mode/Fonts/BaiJamjuree-Regular.ttf
REVIEW_UNREFERENCED_SMALL	79548	0.076	Assets/Naganeupseong/Resource/Textures/Prop/T_Pumpkin_N.png
REVIEW_UNREFERENCED_SMALL	79408	0.076	Assets/Procedural Worlds/Packages - Install/Gaia/Scripts/Core/Photo Mode/Fonts/BaiJamjuree-ExtraLight.ttf
REVIEW_UNREFERENCED_SMALL	79400	0.076	Assets/Procedural Worlds/Packages - Install/Gaia/Scripts/Core/Photo Mode/Fonts/BaiJamjuree-Bold.ttf
REVIEW_UNREFERENCED_SMALL	79130	0.075	Assets/Naganeupseong/Resource/Textures/Prop/T_Sieve_02_BC.png
REVIEW_UNREFERENCED_SMALL	79106	0.075	Assets/Procedural Worlds/Packages - Install/Gaia/Localization/English/HDRPTimeOfDayEditor.English.pwlpk
REVIEW_UNREFERENCED_SMALL	78843	0.075	Assets/Procedural Worlds/Packages - Install/Gaia Water/Content Resources/Textures/Wave Normal Textures/Noise_WaterWave_Large_03_N.jpg
REVIEW_UNREFERENCED_SMALL	78803	0.075	Assets/Procedural Worlds/Packages - Install/Gaia/Scripts/Core/Extension System/Compatible/CountrySidePack.png
REVIEW_UNREFERENCED_SMALL	78207	0.075	Assets/Procedural Worlds/Packages - Install/Gaia/Localization/English/StamperEditor.English.pwlpk
REVIEW_UNREFERENCED_SMALL	75847	0.072	Assets/Procedural Worlds/Packages - Install/Gaia/Scripts/Core/Extension System/Compatible/DesktopTreesPackage1.png
REVIEW_UNREFERENCED_SMALL	74865	0.071	Assets/Naganeupseong/Resource/Textures/Prop/T_Korean_Cabbage_BC.png
REVIEW_UNREFERENCED_SMALL	74288	0.071	Assets/Naganeupseong/Resource/Meshes/Prop/Exterior/SM_Straw_Mat01b.fbx
REVIEW_UNREFERENCED_SMALL	73945	0.071	Assets/Naganeupseong/Prefabs/Build/House_With_Wooden_Floored_Room_02.prefab
REVIEW_UNREFERENCED_SMALL	73025	0.070	Assets/Procedural Worlds/Packages - Install/Gaia/Scripts/Core/Extension System/Compatible/DesktopGroundCoverPackage1.png
REVIEW_UNREFERENCED_SMALL	71902	0.069	Assets/Naganeupseong/Resource/Textures/Prop/T_Pantry_Chest_02_R.png
REVIEW_UNREFERENCED_SMALL	71362	0.068	Assets/TemplesKor/Textures/T_Sun_Won_Dori_B_N.png
REVIEW_UNREFERENCED_SMALL	70698	0.067	Assets/TemplesKor/Textures/T_Sun_Won_Dori_B_S.png
REVIEW_UNREFERENCED_SMALL	70688	0.067	Assets/Naganeupseong/Resource/Meshes/Prop/Exterior/SM_Rice_Chest.fbx
REVIEW_UNREFERENCED_SMALL	70343	0.067	Assets/Naganeupseong/Resource/Textures/Prop/T_Bamboo_Basket_R.png
REVIEW_UNREFERENCED_SMALL	70134	0.067	Assets/Naganeupseong/Resource/Textures/Prop/T_Clothes_Rack_R.png
REVIEW_UNREFERENCED_SMALL	70054	0.067	Assets/Procedural Worlds/Packages - Install/Gaia/Scripts/Core/Extension System/Compatible/PolyPixelCountrySide.jpg
REVIEW_UNREFERENCED_SMALL	69936	0.067	Assets/Naganeupseong/Resource/Meshes/Prop/Exterior/SM_Rice_Straw.fbx
REVIEW_UNREFERENCED_SMALL	68576	0.065	Assets/Naganeupseong/Resource/Textures/Prop/T_Bowl01a_R.png
REVIEW_UNREFERENCED_SMALL	68506	0.065	Assets/Naganeupseong/Resource/Textures/Pillar/T_Pillar01d_AO.png
REVIEW_UNREFERENCED_SMALL	68110	0.065	Assets/Naganeupseong/Resource/Textures/Prop/T_Broom01a_02_A.png
REVIEW_UNREFERENCED_SMALL	67770	0.065	Assets/Naganeupseong/Resource/Textures/Prop/T_Cooked_Rice_Bowl_N.png
REVIEW_UNREFERENCED_SMALL	67728	0.065	Assets/TemplesKor/Meshes/SM_Sun_Pal_Stone_P.fbx
REVIEW_UNREFERENCED_SMALL	66989	0.064	Assets/Procedural Worlds/Packages - Install/Gaia Water/Content Resources/Textures/Wave Normal Textures/Noise_WaterWave_Med_05_N.jpg
REVIEW_UNREFERENCED_SMALL	66672	0.064	Assets/Naganeupseong/Resource/Meshes/Window/SM_Window01a.fbx
REVIEW_UNREFERENCED_SMALL	66567	0.063	Assets/Naganeupseong/Prefabs/Build/House_With_Wooden_Floored_Room_03.prefab
REVIEW_UNREFERENCED_SMALL	66416	0.063	Assets/Naganeupseong/Resource/Meshes/Prop/Food/SM_Radish.fbx
REVIEW_UNREFERENCED_SMALL	66315	0.063	Assets/Procedural Worlds/Packages - Install/Sky & Lighting Presets/Textures/Fog Noise Texture 3D.asset
REVIEW_UNREFERENCED_SMALL	65580	0.063	Assets/Procedural Worlds/Packages - Install/Gaia Water/Content Resources/Textures/Data Map Textures/WaterFoamFadeAlpha.tga
REVIEW_UNREFERENCED_SMALL	63759	0.061	Assets/Procedural Worlds/Packages - Install/Gaia Water/Content Resources/Audio/Gaia Ambient Submerge Down.mp3
REVIEW_UNREFERENCED_SMALL	62656	0.060	Assets/Naganeupseong/Resource/Meshes/Prop/Smithy/SM_Hammer.fbx
REVIEW_UNREFERENCED_SMALL	62112	0.059	Assets/TemplesKor/Meshes/SM_Sun_Dae_Stone_A.fbx
REVIEW_UNREFERENCED_SMALL	61267	0.058	Assets/Naganeupseong/Prefabs/Build/Local_Clerks_House_02.prefab
REVIEW_UNREFERENCED_SMALL	61040	0.058	Assets/Naganeupseong/Resource/Meshes/Prop/Farm_Tool/SM_Manure_Container.fbx
REVIEW_UNREFERENCED_SMALL	60029	0.057	Assets/Procedural Worlds/Packages - Install/Gaia/Localization/English/ProceduralWorldsGlobalWeatherEditor.English.pwlpk
REVIEW_UNREFERENCED_SMALL	59898	0.057	Assets/Procedural Worlds/Packages - Install/Gaia/Scripts/Core/Extension System/Compatible/ThirdPersonController.png
REVIEW_UNREFERENCED_SMALL	58986	0.056	Assets/Procedural Worlds/Packages - Install/Gaia/Localization/English/BiomeControllerEditor.English.pwlpk
REVIEW_UNREFERENCED_SMALL	58005	0.055	Assets/Procedural Worlds/Packages - Install/Gaia Water/Content Resources/Textures/Wave Normal Textures/Noise_WaterWave_Large_02_N.jpg
REVIEW_UNREFERENCED_SMALL	56945	0.054	Assets/Naganeupseong/Prefabs/Build/Wooden_Bench_House_02.prefab
REVIEW_UNREFERENCED_SMALL	56596	0.054	Assets/Naganeupseong/Resource/Textures/Prop/T_Pincers01b_MT.png
REVIEW_UNREFERENCED_SMALL	56405	0.054	Assets/Naganeupseong/Prefabs/Build/Bamboo_Rafter_House_03.prefab
REVIEW_UNREFERENCED_SMALL	55600	0.053	Assets/Naganeupseong/Resource/Textures/Prop/T_Mung_Bean_Pancake_R.png
REVIEW_UNREFERENCED_SMALL	55472	0.053	Assets/Naganeupseong/Resource/Textures/Window/T_Window01g_AO.png
REVIEW_UNREFERENCED_SMALL	54656	0.052	Assets/Naganeupseong/Resource/Meshes/Window/SM_Window01e.fbx
REVIEW_UNREFERENCED_SMALL	53359	0.051	Assets/Procedural Worlds/Packages - Install/Gaia/Localization/English/TerrainLoaderManagerEditor.English.pwlpk
REVIEW_UNREFERENCED_SMALL	52608	0.050	Assets/Naganeupseong/Resource/Meshes/Window/SM_Window01c.fbx
REVIEW_UNREFERENCED_SMALL	52356	0.050	Assets/TemplesKor/Textures/T_Geumsan_Mi_Stone_AO.png
REVIEW_UNREFERENCED_SMALL	52356	0.050	Assets/TemplesKor/Textures/T_Ssang_Dae_Stone_AO.png
REVIEW_UNREFERENCED_SMALL	52204	0.050	Assets/TemplesKor/Textures/T_Geumsan_Mi_Stone_S.png
REVIEW_UNREFERENCED_SMALL	52204	0.050	Assets/TemplesKor/Textures/T_Ssang_Dae_Stone_S.png
REVIEW_UNREFERENCED_SMALL	51664	0.049	Assets/Naganeupseong/Resource/Meshes/Prop/Farm_Tool/SM_Large_Scooped_Wooden_Bowl.fbx
REVIEW_UNREFERENCED_SMALL	51599	0.049	Assets/Naganeupseong/Resource/Textures/Prop/T_Rice_Soup_R.png
REVIEW_UNREFERENCED_SMALL	50405	0.048	Assets/Procedural Worlds/Packages - Install/Gaia/Localization/English/ExportTerrain.English.pwlpk
REVIEW_UNREFERENCED_SMALL	50240	0.048	Assets/Naganeupseong/Resource/Meshes/Door/SM_Door01l.fbx
REVIEW_UNREFERENCED_SMALL	49968	0.048	Assets/Naganeupseong/Resource/Meshes/Prop/Farm_Tool/SM_Seive_Support.fbx
REVIEW_UNREFERENCED_SMALL	49936	0.048	Assets/Naganeupseong/Resource/Meshes/Window/SM_Window01g.fbx
REVIEW_UNREFERENCED_SMALL	49773	0.047	Assets/Naganeupseong/Resource/Textures/Prop/T_Scikle_MT.png
REVIEW_UNREFERENCED_SMALL	49766	0.047	Assets/TemplesKor/Textures/T_Ssang_Dae_Stone_N.png
REVIEW_UNREFERENCED_SMALL	49766	0.047	Assets/TemplesKor/Textures/T_Geumsan_Mi_Stone_N.png
REVIEW_UNREFERENCED_SMALL	49364	0.047	Assets/Procedural Worlds/Packages - Install/Gaia/Scripts/Core/Photo Mode/Prefabs and FX/FlyCamera UI.prefab
REVIEW_UNREFERENCED_SMALL	49196	0.047	Assets/Procedural Worlds/Packages - Install/Gaia Water/Content Resources/Textures/Color Ramp Textures/WaterDepthColorRamp.tga
REVIEW_UNREFERENCED_SMALL	49129	0.047	Assets/Naganeupseong/Resource/Textures/Prop/T_Pumpkin_R.png
REVIEW_UNREFERENCED_SMALL	48997	0.047	Assets/Procedural Worlds/Packages - Install/Gaia/Localization/English/GaiaWaterEditor.English.pwlpk
REVIEW_UNREFERENCED_SMALL	48894	0.047	Assets/Procedural Worlds/Packages - Install/Gaia/Scripts/Core/Extension System/Compatible/DistingoGaiaImage.jpg
REVIEW_UNREFERENCED_SMALL	48831	0.047	Assets/Procedural Worlds/Packages - Install/Gaia/Shaders/PW General/SubGraphs/PW_Water_CalcUV.shadersubgraph
REVIEW_UNREFERENCED_SMALL	48429	0.046	Assets/Naganeupseong/Resource/Textures/Prop/T_Sieve_02_R.png
REVIEW_UNREFERENCED_SMALL	47798	0.046	Assets/Procedural Worlds/Packages - Install/Controller Support/Prefabs/Pro/FlyCam.prefab
REVIEW_UNREFERENCED_SMALL	47187	0.045	Assets/Naganeupseong/Resource/Textures/Prop/T_Haejangguk_R.png
REVIEW_UNREFERENCED_SMALL	47028	0.045	Assets/Naganeupseong/Resource/Textures/Prop/T_Lampstand_AO.png
REVIEW_UNREFERENCED_SMALL	46121	0.044	Assets/Naganeupseong/Prefabs/Prop/Sweet_Potato01a.prefab
REVIEW_UNREFERENCED_SMALL	45953	0.044	Assets/Naganeupseong/Prefabs/Prop/Potato01a.prefab
REVIEW_UNREFERENCED_SMALL	45252	0.043	Assets/Procedural Worlds/Packages - Install/Controller Support/Prefabs/FlyCam.prefab
REVIEW_UNREFERENCED_SMALL	45053	0.043	Assets/Procedural Worlds/Packages - Install/Gaia/Localization/English/TerrainConverterEditorWindow.English.pwlpk
REVIEW_UNREFERENCED_SMALL	44112	0.042	Assets/Naganeupseong/Scene/Resource/SM_Overview_cube.fbx
REVIEW_UNREFERENCED_SMALL	44025	0.042	Assets/Naganeupseong/Prefabs/Build/Tavern_House_02.prefab
REVIEW_UNREFERENCED_SMALL	43976	0.042	Assets/Naganeupseong/Prefabs/Build/Bamboo_Rafter_House_02.prefab
REVIEW_UNREFERENCED_SMALL	41872	0.040	Assets/Naganeupseong/Scene/Resource/SM_Overview_Floor.fbx
REVIEW_UNREFERENCED_SMALL	41641	0.040	Assets/Procedural Worlds/Packages - Install/Gaia/Shaders/PW General/SubGraphs/PW_WaterAmounts.shadersubgraph
REVIEW_UNREFERENCED_SMALL	40857	0.039	Assets/Procedural Worlds/Packages - Install/Gaia/Scripts/Core/Extension System/Compatible/Tenkoku.jpg
REVIEW_UNREFERENCED_SMALL	40228	0.038	Assets/Procedural Worlds/Packages - Install/Gaia Water/Content Resources/Textures/Wave Normal Textures/Noise_WaterWave_Med_14_N.jpg
REVIEW_UNREFERENCED_SMALL	40224	0.038	Assets/Naganeupseong/Resource/Meshes/Pillar/SM_Pillar01d.fbx
REVIEW_UNREFERENCED_SMALL	39647	0.038	Assets/Procedural Worlds/Packages - Install/Gaia/Localization/English/MaskMapEditor.English.pwlpk
REVIEW_UNREFERENCED_SMALL	39475	0.038	Assets/Naganeupseong/Resource/Textures/Prop/T_Anvil_MT.png
REVIEW_UNREFERENCED_SMALL	39331	0.038	Assets/Procedural Worlds/Packages - Install/Gaia/Localization/English/GaiaLightingProfileEditor.English.pwlpk
REVIEW_UNREFERENCED_SMALL	38762	0.037	Assets/Procedural Worlds/Packages - Install/Gaia Water/Content Resources/Textures/Wave Normal Textures/Noise_WaterWave_Med_10_N.jpg
REVIEW_UNREFERENCED_SMALL	38371	0.037	Assets/Naganeupseong/Resource/Textures/Prop/T_Korean_Cabbage_R.png
REVIEW_UNREFERENCED_SMALL	38240	0.036	Assets/TemplesKor/Meshes/SM_Sun_Dae_Stone_F.fbx
REVIEW_UNREFERENCED_SMALL	38224	0.036	Assets/TemplesKor/Meshes/SM_Sun_Dae_Stone_E.fbx
REVIEW_UNREFERENCED_SMALL	38160	0.036	Assets/TemplesKor/Meshes/SM_Sun_Dae_Stone_B.fbx
REVIEW_UNREFERENCED_SMALL	38128	0.036	Assets/TemplesKor/Meshes/SM_Sun_Bul_Stone_B.fbx
REVIEW_UNREFERENCED_SMALL	38112	0.036	Assets/TemplesKor/Meshes/SM_Sun_Dae_Stone_D.fbx
REVIEW_UNREFERENCED_SMALL	38016	0.036	Assets/TemplesKor/Meshes/SM_Sun_Bul_Stone_A.fbx
REVIEW_UNREFERENCED_SMALL	38000	0.036	Assets/TemplesKor/Meshes/SM_Sun_Bul_Stone_E.fbx
REVIEW_UNREFERENCED_SMALL	37920	0.036	Assets/TemplesKor/Meshes/SM_Sun_Bul_Stone_G.fbx
REVIEW_UNREFERENCED_SMALL	37920	0.036	Assets/TemplesKor/Meshes/SM_Sun_Pal_Stone_G.fbx
REVIEW_UNREFERENCED_SMALL	37920	0.036	Assets/TemplesKor/Meshes/SM_Sun_Pal_Stone_H.fbx
REVIEW_UNREFERENCED_SMALL	37840	0.036	Assets/TemplesKor/Meshes/SM_Sun_Bul_Stone_F.fbx
REVIEW_UNREFERENCED_SMALL	37760	0.036	Assets/TemplesKor/Meshes/SM_Sun_Pal_Stone_E.fbx
REVIEW_UNREFERENCED_SMALL	37744	0.036	Assets/TemplesKor/Meshes/SM_Sun_Pal_Stone_A.fbx
REVIEW_UNREFERENCED_SMALL	37536	0.036	Assets/TemplesKor/Meshes/SM_Sun_Pal_Stone_K.fbx
REVIEW_UNREFERENCED_SMALL	37399	0.036	Assets/Naganeupseong/Prefabs/Build/Watermill.prefab
REVIEW_UNREFERENCED_SMALL	37095	0.035	Assets/Naganeupseong/Resource/Textures/Prop/T_Potato_N.png
REVIEW_UNREFERENCED_SMALL	35760	0.034	Assets/Procedural Worlds/Packages - Install/Gaia Water/Content Resources/Textures/Wave Normal Textures/Noise_WaterWave_Med_17_N.jpg
REVIEW_UNREFERENCED_SMALL	35392	0.034	Assets/TemplesKor/Meshes/SM_Sun_Bul_Stone_K.fbx
REVIEW_UNREFERENCED_SMALL	35280	0.034	Assets/TemplesKor/Meshes/SM_Sun_Bul_Stone_L.fbx
REVIEW_UNREFERENCED_SMALL	35072	0.033	Assets/TemplesKor/Meshes/SM_Sun_Pal_Stone_O.fbx
REVIEW_UNREFERENCED_SMALL	35008	0.033	Assets/TemplesKor/Meshes/SM_Sun_Kak_stone_B.fbx
REVIEW_UNREFERENCED_SMALL	34976	0.033	Assets/TemplesKor/Meshes/SM_Sun_Pal_Stone_F.fbx
REVIEW_UNREFERENCED_SMALL	34816	0.033	Assets/TemplesKor/Meshes/SM_Sun_Pal_Stone_D.fbx
REVIEW_UNREFERENCED_SMALL	34784	0.033	Assets/TemplesKor/Meshes/SM_Sun_Pal_Stone_L.fbx
REVIEW_UNREFERENCED_SMALL	34784	0.033	Assets/TemplesKor/Meshes/SM_Sun_Pal_Stone_J.fbx
REVIEW_UNREFERENCED_SMALL	34736	0.033	Assets/TemplesKor/Meshes/SM_Sun_Pal_Stone_M.fbx
REVIEW_UNREFERENCED_SMALL	34525	0.033	Assets/Procedural Worlds/Packages - Install/Gaia/Scripts/Core/Extension System/Compatible/GameTexturesCom.png
REVIEW_UNREFERENCED_SMALL	34432	0.033	Assets/TemplesKor/Meshes/SM_Sun_Dae_Stone_L.fbx
REVIEW_UNREFERENCED_SMALL	34319	0.033	Assets/Naganeupseong/Resource/Textures/Prop/T_Cabinet01a_AO.png
REVIEW_UNREFERENCED_SMALL	34304	0.033	Assets/TemplesKor/Meshes/SM_Sun_Dae_Stone_K.fbx
REVIEW_UNREFERENCED_SMALL	34256	0.033	Assets/TemplesKor/Meshes/SM_Sun_Dae_Stone_H.fbx
REVIEW_UNREFERENCED_SMALL	34064	0.032	Assets/TemplesKor/Meshes/SM_Sun_Dae_Stone_I.fbx
REVIEW_UNREFERENCED_SMALL	34032	0.032	Assets/TemplesKor/Meshes/SM_Sun_Dae_Stone_C.fbx
REVIEW_UNREFERENCED_SMALL	33870	0.032	Assets/Procedural Worlds/Packages - Install/Gaia/Localization/English/GaiaWaterProfileEditor.English.pwlpk
REVIEW_UNREFERENCED_SMALL	33776	0.032	Assets/Naganeupseong/Resource/Meshes/Prop/Food/SM_Rice_Soup.fbx
REVIEW_UNREFERENCED_SMALL	33504	0.032	Assets/Naganeupseong/Resource/Meshes/Wall/SM_Wall22a.fbx
REVIEW_UNREFERENCED_SMALL	33328	0.032	Assets/Naganeupseong/Resource/Meshes/Wall/SM_Wall14a.fbx
REVIEW_UNREFERENCED_SMALL	33053	0.032	Assets/Procedural Worlds/Packages - Install/Gaia Water/Content Resources/Textures/Wave Normal Textures/Noise_WaterWave_Med_15_N.jpg
REVIEW_UNREFERENCED_SMALL	32864	0.031	Assets/TemplesKor/Meshes/SM_Sun_Kak_stone_D.fbx
REVIEW_UNREFERENCED_SMALL	32756	0.031	Assets/Procedural Worlds/Packages - Install/Gaia/Scripts/Core/Extension System/Compatible/uConstruct.jpg
REVIEW_UNREFERENCED_SMALL	32415	0.031	Assets/Procedural Worlds/Packages - Install/Gaia/Shaders/PW General/SubGraphs/PW_Flora_DitherFade.shadersubgraph
REVIEW_UNREFERENCED_SMALL	32032	0.031	Assets/Naganeupseong/Resource/Meshes/Wall/SM_Wall24a.fbx
REVIEW_UNREFERENCED_SMALL	31229	0.030	Assets/Procedural Worlds/Packages - Install/Gaia Water/Content Resources/Textures/Wave Normal Textures/Noise_WaterWave_Large_04_N.jpg
REVIEW_UNREFERENCED_SMALL	29104	0.028	Assets/Naganeupseong/Resource/Meshes/Prop/Exterior/SM_Straw_Mat01a.fbx
REVIEW_UNREFERENCED_SMALL	28688	0.027	Assets/Naganeupseong/Resource/Meshes/Wall/SM_Wall10a.fbx
REVIEW_UNREFERENCED_SMALL	28656	0.027	Assets/Naganeupseong/Resource/Meshes/Wall/SM_Wall11a.fbx
REVIEW_UNREFERENCED_SMALL	28595	0.027	Assets/Naganeupseong/Resource/Textures/Prop/T_Sweet_Potato_N.png
REVIEW_UNREFERENCED_SMALL	28224	0.027	Assets/TemplesKor/Meshes/SM_Sun_Bul_Stone_C.fbx
REVIEW_UNREFERENCED_SMALL	28144	0.027	Assets/TemplesKor/Meshes/SM_Sun_Pal_Stone_N.fbx
REVIEW_UNREFERENCED_SMALL	28128	0.027	Assets/TemplesKor/Meshes/SM_Sun_Pal_Stone_C.fbx
REVIEW_UNREFERENCED_SMALL	28128	0.027	Assets/TemplesKor/Meshes/SM_Sun_Pal_Stone_I.fbx
REVIEW_UNREFERENCED_SMALL	28112	0.027	Assets/TemplesKor/Meshes/SM_Sun_Kak_stone_C.fbx
REVIEW_UNREFERENCED_SMALL	28064	0.027	Assets/TemplesKor/Meshes/SM_Sun_Kak_stone_A.fbx
REVIEW_UNREFERENCED_SMALL	27840	0.027	Assets/TemplesKor/Meshes/SM_Sun_Dae_Stone_G.fbx
REVIEW_UNREFERENCED_SMALL	27824	0.027	Assets/TemplesKor/Meshes/SM_Sun_Dae_Stone_J.fbx
REVIEW_UNREFERENCED_SMALL	27351	0.026	Assets/Procedural Worlds/Packages - Install/Gaia/Localization/English/GaiaPlayerEditor.English.pwlpk
REVIEW_UNREFERENCED_SMALL	27340	0.026	Assets/Procedural Worlds/Packages - Install/Gaia/Scripts/Core/Photo Mode/Textures/Reticule.png
REVIEW_UNREFERENCED_SMALL	27120	0.026	Assets/Procedural Worlds/Packages - Install/Asset Samples - Synty Studios/GeNa Spawners/GeNa Spawners.zip
REVIEW_UNREFERENCED_SMALL	26650	0.025	Assets/Procedural Worlds/Packages - Install/Gaia Water/Content Resources/Textures/Wave Normal Textures/Noise_WaterWave_Large_06_N.jpg
REVIEW_UNREFERENCED_SMALL	25216	0.024	Assets/Procedural Worlds/Packages - Install/Gaia/Editor Resources/Tree Stand-In.fbx
REVIEW_UNREFERENCED_SMALL	24412	0.023	Assets/Naganeupseong/Resource/Meshes/Prop/Farm_Tool/SM_Grain_Rake01b.fbx
REVIEW_UNREFERENCED_SMALL	23865	0.023	Assets/Naganeupseong/Resource/Textures/Prop/T_Radish_N.png
REVIEW_UNREFERENCED_SMALL	23443	0.022	Assets/Naganeupseong/Prefabs/Prop/Spoon_And_Chopsticks01a.prefab
REVIEW_UNREFERENCED_SMALL	23376	0.022	Assets/Procedural Worlds/Packages - Install/Gaia Water/Content Resources/Textures/Wave Normal Textures/Noise_WaterWave_Large_08_N.jpg
REVIEW_UNREFERENCED_SMALL	23270	0.022	Assets/Procedural Worlds/Packages - Install/Sky & Lighting Presets/Textures/TerminalSun_Flare.asset
REVIEW_UNREFERENCED_SMALL	22461	0.021	Assets/Naganeupseong/Resource/Textures/Window/T_Window01e_MT.png
REVIEW_UNREFERENCED_SMALL	21632	0.021	Assets/TemplesKor/Meshes/SM_Sun_Pal_Step.fbx
REVIEW_UNREFERENCED_SMALL	21577	0.021	Assets/Procedural Worlds/Packages - Install/Gaia/Localization/English/GaiaResourceEditor.English.pwlpk
REVIEW_UNREFERENCED_SMALL	21405	0.020	Assets/Naganeupseong/Resource/Textures/Window/T_Window01g_MT.png
REVIEW_UNREFERENCED_SMALL	20729	0.020	Assets/Procedural Worlds/Packages - Install/Gaia/Editor Resources/Settings Icon.png
REVIEW_UNREFERENCED_SMALL	19027	0.018	Assets/Procedural Worlds/Packages - Install/Sky & Lighting Presets/Presets/URP/Evening Preset Post Processing URP.asset
REVIEW_UNREFERENCED_SMALL	19012	0.018	Assets/Procedural Worlds/Packages - Install/Sky & Lighting Presets/Presets/URP/Night Preset Post Processing URP.asset
REVIEW_UNREFERENCED_SMALL	19008	0.018	Assets/Procedural Worlds/Packages - Install/Sky & Lighting Presets/Presets/URP/Legacy Day Preset Post Processing URP.asset
REVIEW_UNREFERENCED_SMALL	19004	0.018	Assets/Procedural Worlds/Packages - Install/Sky & Lighting Presets/Presets/URP/Default Preset Post Processing URP.asset
REVIEW_UNREFERENCED_SMALL	19001	0.018	Assets/Procedural Worlds/Packages - Install/Sky & Lighting Presets/Presets/URP/Day Preset Post Processing URP.asset
REVIEW_UNREFERENCED_SMALL	18319	0.017	Assets/Naganeupseong/Resource/Textures/Window/T_Window01c_MT.png
REVIEW_UNREFERENCED_SMALL	18229	0.017	Assets/Naganeupseong/Prefabs/Build/House_With_Wooden_Floored_Room_04.prefab
REVIEW_UNREFERENCED_SMALL	18163	0.017	Assets/Naganeupseong/Resource/Textures/Prop/T_Bowl01b_AO.png
REVIEW_UNREFERENCED_SMALL	18121	0.017	Assets/Naganeupseong/Resource/Textures/Prop/T_Corn_02_A.png
REVIEW_UNREFERENCED_SMALL	17152	0.016	Assets/Procedural Worlds/Packages - Install/Gaia/Scripts/Core/Extension System/Compatible/AQUASWaterSet.jpg
REVIEW_UNREFERENCED_SMALL	16927	0.016	Assets/Naganeupseong/Resource/Textures/Prop/T_Chili_R.png
REVIEW_UNREFERENCED_SMALL	16922	0.016	Assets/Procedural Worlds/Packages - Install/Gaia/Shaders/PW General/SubGraphs/PW_Flora_Wind.shadersubgraph
REVIEW_UNREFERENCED_SMALL	16794	0.016	Assets/Procedural Worlds/Packages - Install/Gaia/Shaders/PW General/SubGraphs/PW_WindMovement.shadersubgraph
REVIEW_UNREFERENCED_SMALL	15094	0.014	Assets/Procedural Worlds/Packages - Install/Gaia/Localization/English/GaiaSessionManagerEditor.English.pwlpk
REVIEW_UNREFERENCED_SMALL	14817	0.014	Assets/Procedural Worlds/Packages - Install/Gaia/Localization/English/PWS_WaterReflectionsEditor.English.pwlpk
REVIEW_UNREFERENCED_SMALL	14755	0.014	Assets/Procedural Worlds/Packages - Install/Gaia/Localization/English/PhotoModeEditor.English.pwlpk
REVIEW_UNREFERENCED_SMALL	14182	0.014	Assets/Procedural Worlds/Packages - Install/Gaia/Localization/English/TerrainLoaderEditor.English.pwlpk
REVIEW_UNREFERENCED_SMALL	14095	0.013	Assets/Procedural Worlds/Packages - Install/Gaia/Localization/English/UIProfileDataStorageEditor.English.pwlpk
REVIEW_UNREFERENCED_SMALL	14036	0.013	Assets/Procedural Worlds/Packages - Install/Gaia/Settings/GaiaSettings.asset
REVIEW_UNREFERENCED_SMALL	13894	0.013	Assets/Procedural Worlds/Packages - Install/Gaia/Shaders/PW General/SubGraphs/PW_Flora_ColorVariationMix.shadersubgraph
REVIEW_UNREFERENCED_SMALL	13708	0.013	Assets/Naganeupseong/Resource/Textures/Prop/T_Chili_N.png
REVIEW_UNREFERENCED_SMALL	13449	0.013	Assets/Naganeupseong/Resource/Textures/Prop/T_Gourd_N.png
REVIEW_UNREFERENCED_SMALL	13401	0.013	Assets/Naganeupseong/Prefabs/Prop/Radish01a.prefab
REVIEW_UNREFERENCED_SMALL	13323	0.013	Assets/Procedural Worlds/Packages - Install/Gaia/Localization/English/GaiaGlobalEditor.English.pwlpk
REVIEW_UNREFERENCED_SMALL	13201	0.013	Assets/Procedural Worlds/Packages - Install/Gaia Water/Content Resources/Prefab/Underwater Horizon.prefab
REVIEW_UNREFERENCED_SMALL	13189	0.013	Assets/Procedural Worlds/Packages - Install/Gaia/Localization/English/GaiaRuntimeUIEditor.English.pwlpk
REVIEW_UNREFERENCED_SMALL	13135	0.013	Assets/Procedural Worlds/Packages - Install/Gaia/Scripts/Core/Photo Mode/Textures/PhotoMode Background.png
REVIEW_UNREFERENCED_SMALL	12986	0.012	Assets/Procedural Worlds/Packages - Install/Gaia Water/Content Resources/Material/Horizon Water Material.mat
REVIEW_UNREFERENCED_SMALL	12779	0.012	Assets/Procedural Worlds/Packages - Install/Gaia/Scripts/Core/Photo Mode/Prefabs and FX/Tooltip System.prefab
REVIEW_UNREFERENCED_SMALL	12656	0.012	Assets/Procedural Worlds/Packages - Install/Gaia Water/Content Resources/Textures/Color Ramp Textures/WaterDepthColorRamp 04.png
REVIEW_UNREFERENCED_SMALL	12553	0.012	Assets/Procedural Worlds/Packages - Install/Gaia Water/Content Resources/Textures/Color Ramp Textures/WaterDepthColorRamp 03.png
REVIEW_UNREFERENCED_SMALL	12517	0.012	Assets/Procedural Worlds/Packages - Install/Gaia Water/Content Resources/Textures/Color Ramp Textures/WaterDepthColorRamp 02.png
REVIEW_UNREFERENCED_SMALL	12442	0.012	Assets/Naganeupseong/Resource/Textures/Prop/T_Cabinet01a_MT.png
REVIEW_UNREFERENCED_SMALL	12260	0.012	Assets/Procedural Worlds/Frameworks/Setup1/Gaia.pwcfg
REVIEW_UNREFERENCED_SMALL	12254	0.012	Assets/Procedural Worlds/Packages - Install/Gaia/Scripts/Core/Photo Mode/Prefabs and FX/Photo Mode Tooltip Profile.asset
REVIEW_UNREFERENCED_SMALL	11982	0.011	Assets/Procedural Worlds/Packages - Install/Gaia Water/Content Resources/Textures/Color Ramp Textures/WaterDepthColorRamp 06.png
REVIEW_UNREFERENCED_SMALL	11766	0.011	Assets/Procedural Worlds/Packages - Install/Gaia Water/Content Resources/Textures/Color Ramp Textures/WaterDepthColorRamp 07.png
REVIEW_UNREFERENCED_SMALL	11725	0.011	Assets/Procedural Worlds/Packages - Install/Gaia Water/Content Resources/Textures/Color Ramp Textures/WaterDepthColorRamp 08.png
REVIEW_UNREFERENCED_SMALL	11678	0.011	Assets/Procedural Worlds/Packages - Install/Gaia/Shaders/PW General/SubGraphs/PW_Flora_EnableFlora.shadersubgraph
REVIEW_UNREFERENCED_SMALL	11660	0.011	Assets/Procedural Worlds/Packages - Install/Gaia Water/Content Resources/Textures/Color Ramp Textures/WaterDepthColorRamp 05.png
REVIEW_UNREFERENCED_SMALL	11534	0.011	Assets/Procedural Worlds/Packages - Install/Gaia Water/Content Resources/Textures/Color Ramp Textures/WaterDepthColorRamp 09.png
REVIEW_UNREFERENCED_SMALL	11409	0.011	Assets/Procedural Worlds/Packages - Install/Gaia Water/Content Resources/Textures/Color Ramp Textures/WaterDepthColorRamp 10.png
REVIEW_UNREFERENCED_SMALL	11308	0.011	Assets/Procedural Worlds/Packages - Install/Gaia Water/Content Resources/Audio/Gaia Ambient Submerge Up.mp3
REVIEW_UNREFERENCED_SMALL	11146	0.011	Assets/Procedural Worlds/Packages - Install/Gaia/Localization/English/HDRPTimeOfDayOverrideVolumeEditor.English.pwlpk
REVIEW_UNREFERENCED_SMALL	10995	0.010	Assets/Naganeupseong/Prefabs/Prop/Mung_Bean_Pancake01a.prefab
REVIEW_UNREFERENCED_SMALL	10979	0.010	Assets/Naganeupseong/Prefabs/Prop/Beef_Jerky01a.prefab
REVIEW_UNREFERENCED_SMALL	10922	0.010	Assets/Procedural Worlds/Packages - Install/Gaia Water/Content Resources/Prefab/Water Surface.prefab
REVIEW_UNREFERENCED_SMALL	10876	0.010	Assets/Naganeupseong/Prefabs/Prop/Korean_Cabbage01a.prefab
REVIEW_UNREFERENCED_SMALL	10705	0.010	Assets/Procedural Worlds/Packages - Install/Gaia/Scripts/Core/Photo Mode/Textures/Rule Of Third.png
REVIEW_UNREFERENCED_SMALL	9623	0.009	Assets/Procedural Worlds/Packages - Install/Gaia/Localization/English/HDRPDensityVolumeControllerEditor.English.pwlpk
REVIEW_UNREFERENCED_SMALL	9288	0.009	Assets/Procedural Worlds/Packages - Install/Gaia/Localization/English/LocationManagerEditor.English.pwlpk
REVIEW_UNREFERENCED_SMALL	9060	0.009	Assets/Procedural Worlds/Packages - Install/Gaia/Shaders/PW General/SubGraphs/PW_GetLightURP.shadersubgraph
REVIEW_UNREFERENCED_SMALL	8927	0.009	Assets/Procedural Worlds/Packages - Install/Gaia/Settings/Universal Pipeline/Default Profiles/UP Underwater Post Processing.asset
REVIEW_UNREFERENCED_SMALL	8774	0.008	Assets/Procedural Worlds/Frameworks/Setup1/Editor Resources/Icon_Install.png
REVIEW_UNREFERENCED_SMALL	8669	0.008	Assets/Procedural Worlds/Packages - Install/Gaia Water/Water Prefabs/URP/Water Material.mat
REVIEW_UNREFERENCED_SMALL	8654	0.008	Assets/Procedural Worlds/Packages - Install/Gaia/Editor Resources/IconPro_Cancel.png
REVIEW_UNREFERENCED_SMALL	8509	0.008	Assets/Procedural Worlds/Packages - Install/Gaia/Localization/English/GaiaUnderwaterEffectsEditor.English.pwlpk
REVIEW_UNREFERENCED_SMALL	8492	0.008	Assets/Procedural Worlds/Packages - Install/Gaia/Localization/English/ScannerEditor.English.pwlpk
REVIEW_UNREFERENCED_SMALL	7904	0.008	Assets/Procedural Worlds/Packages - Install/Gaia/Settings/Unity Pipeline Gaia Profile.asset
REVIEW_UNREFERENCED_SMALL	7859	0.007	Assets/Procedural Worlds/Frameworks/Setup1/Editor Resources/Icon_OK.png
REVIEW_UNREFERENCED_SMALL	7859	0.007	Assets/Procedural Worlds/Packages - Install/Gaia/Editor Resources/Icon_OK.png
REVIEW_UNREFERENCED_SMALL	7758	0.007	Assets/Procedural Worlds/Packages - Install/Gaia/Scripts/Core/Photo Mode/Prefabs and FX/Photo Mode Camera.prefab
REVIEW_UNREFERENCED_SMALL	7653	0.007	Assets/Naganeupseong/Resource/Textures/Prop/T_Cooked_Rice_Bowl_R.png
REVIEW_UNREFERENCED_SMALL	7548	0.007	Assets/Procedural Worlds/Frameworks/Setup1/Editor Resources/Icon_Warning.png
REVIEW_UNREFERENCED_SMALL	7548	0.007	Assets/Procedural Worlds/Packages - Install/Gaia/Editor Resources/Icon_Warning.png
REVIEW_UNREFERENCED_SMALL	7535	0.007	Assets/Procedural Worlds/Frameworks/Setup1/Editor Resources/Icon_Error.png
REVIEW_UNREFERENCED_SMALL	7535	0.007	Assets/Procedural Worlds/Packages - Install/Gaia/Editor Resources/Icon_Error.png
REVIEW_UNREFERENCED_SMALL	7445	0.007	Assets/Procedural Worlds/Packages - Install/Gaia/Editor Resources/IconPro_Settings.png
REVIEW_UNREFERENCED_SMALL	7399	0.007	Assets/Procedural Worlds/Packages - Install/Gaia/Editor Resources/Icon_Settings.png
REVIEW_UNREFERENCED_SMALL	7374	0.007	Assets/Naganeupseong/Prefabs/Structure/Wall/Wall03c.prefab
REVIEW_UNREFERENCED_SMALL	7356	0.007	Assets/Procedural Worlds/Packages - Install/Gaia/Editor Resources/OriginUIbackground.png
REVIEW_UNREFERENCED_SMALL	7355	0.007	Assets/Procedural Worlds/Packages - Install/Gaia/Editor Resources/OriginUIbackground_Pro.png
REVIEW_UNREFERENCED_SMALL	7262	0.007	Assets/Procedural Worlds/Packages - Install/Gaia/Settings/Universal Pipeline/Default Profiles/URP Global Post Processing Profile.asset
REVIEW_UNREFERENCED_SMALL	7186	0.007	Assets/Procedural Worlds/Packages - Install/Sky & Lighting Presets/Presets/URP/Day Preset PostProcessing URP.asset
REVIEW_UNREFERENCED_SMALL	6918	0.007	Assets/Procedural Worlds/Packages - Install/Gaia/Localization/English/UserFilesEditor.English.pwlpk
REVIEW_UNREFERENCED_SMALL	6821	0.007	Assets/Procedural Worlds/Packages - Install/Gaia/Localization/English/InteriorWeatherControllerEditor.English.pwlpk
REVIEW_UNREFERENCED_SMALL	6665	0.006	Assets/Procedural Worlds/Packages - Install/Gaia Water/Content Resources/Material/Gaia Ocean.mat
REVIEW_UNREFERENCED_SMALL	6661	0.006	Assets/Procedural Worlds/Packages - Install/Gaia/Localization/English/BiomePresetEditor.English.pwlpk
REVIEW_UNREFERENCED_SMALL	6639	0.006	Assets/Procedural Worlds/Packages - Install/Gaia/Scripts/Core/Unity/Terrain Tools/license.txt
REVIEW_UNREFERENCED_SMALL	6639	0.006	Assets/Procedural Worlds/Packages - Install/Gaia/Shaders/Unity/Terrain Tools/license.txt
REVIEW_UNREFERENCED_SMALL	6605	0.006	Assets/Procedural Worlds/Packages - Install/Gaia/Localization/English/GaiaPlanarReflectionsHDRPEditor.English.pwlpk
REVIEW_UNREFERENCED_SMALL	6411	0.006	Assets/Naganeupseong/Prefabs/Structure/Wall/Wall02c.prefab
REVIEW_UNREFERENCED_SMALL	6384	0.006	Assets/Procedural Worlds/Packages - Install/Sky & Lighting Presets/Presets/URP/Day Preset DirectionalLight.prefab
REVIEW_UNREFERENCED_SMALL	6377	0.006	Assets/Procedural Worlds/Packages - Install/Sky & Lighting Presets/Presets/URP/Procedural Worlds Sky DirectionalLight.prefab
REVIEW_UNREFERENCED_SMALL	6376	0.006	Assets/Procedural Worlds/Packages - Install/Gaia/Editor Resources/Resources Icon.png
REVIEW_UNREFERENCED_SMALL	6351	0.006	Assets/Procedural Worlds/Packages - Install/Gaia/Localization/English/ReflectionProbeManagerEditor.English.pwlpk
REVIEW_UNREFERENCED_SMALL	6269	0.006	Assets/Procedural Worlds/Packages - Install/Gaia/Localization/English/GaiaResourceHelper.English.pwlpk
REVIEW_UNREFERENCED_SMALL	6230	0.006	Assets/Naganeupseong/Prefabs/Prop/Haejangguk01a.prefab
REVIEW_UNREFERENCED_SMALL	6228	0.006	Assets/Naganeupseong/Prefabs/Prop/Rice_Soup01a.prefab
REVIEW_UNREFERENCED_SMALL	6214	0.006	Assets/Naganeupseong/Prefabs/Prop/Bibimbap01a.prefab
REVIEW_UNREFERENCED_SMALL	6210	0.006	Assets/Naganeupseong/Prefabs/Prop/Rice01a.prefab
REVIEW_UNREFERENCED_SMALL	6080	0.006	Assets/Naganeupseong/Prefabs/Prop/Straw_Mat03b.prefab
REVIEW_UNREFERENCED_SMALL	5964	0.006	Assets/Procedural Worlds/Packages - Install/Gaia/Localization/English/GaiaTerrainStitcher.English.pwlpk
REVIEW_UNREFERENCED_SMALL	5853	0.006	Assets/Naganeupseong/Prefabs/Prop/Fish_Jerky01a.prefab
REVIEW_UNREFERENCED_SMALL	5843	0.006	Assets/Naganeupseong/Prefabs/Prop/Sieve.prefab
REVIEW_UNREFERENCED_SMALL	5832	0.006	Assets/Naganeupseong/Prefabs/Prop/Kimchi01a.prefab
REVIEW_UNREFERENCED_SMALL	5832	0.006	Assets/Naganeupseong/Prefabs/Prop/Spade.prefab
REVIEW_UNREFERENCED_SMALL	5747	0.005	Assets/Procedural Worlds/Packages - Install/Gaia/Localization/English/GaiaMassEditTerrains.English.pwlpk
REVIEW_UNREFERENCED_SMALL	5632	0.005	Assets/Naganeupseong/Resource/Materials/M_Sieve_02.mat
REVIEW_UNREFERENCED_SMALL	5566	0.005	Assets/Procedural Worlds/Packages - Install/Gaia/Gaia_License_Info.txt
REVIEW_UNREFERENCED_SMALL	5552	0.005	Assets/Naganeupseong/Resource/Materials/M_Fire_pot01a.mat
REVIEW_UNREFERENCED_SMALL	5550	0.005	Assets/Naganeupseong/Resource/Materials/M_Spade_02.mat
REVIEW_UNREFERENCED_SMALL	5511	0.005	Assets/Naganeupseong/Resource/Materials/M_Large_Scooped_Wooden_Bowl.mat
REVIEW_UNREFERENCED_SMALL	5500	0.005	Assets/Naganeupseong/Resource/Materials/M_Grain_Rake01b.mat
REVIEW_UNREFERENCED_SMALL	5499	0.005	Assets/Naganeupseong/Resource/Materials/M_Grain_Rake01a.mat
REVIEW_UNREFERENCED_SMALL	5499	0.005	Assets/Naganeupseong/Resource/Materials/M_Seive Support.mat
REVIEW_UNREFERENCED_SMALL	5496	0.005	Assets/Naganeupseong/Resource/Materials/M_Ox_Mill01a.mat
REVIEW_UNREFERENCED_SMALL	5494	0.005	Assets/Naganeupseong/Resource/Materials/M_Sieve_01.mat
REVIEW_UNREFERENCED_SMALL	5384	0.005	Assets/Naganeupseong/Resource/Materials/M_Spade_01.mat
REVIEW_UNREFERENCED_SMALL	5384	0.005	Assets/Procedural Worlds/Packages - Install/Gaia/Shaders/Unity/Terrain Tools/NoiseLib/Templates/FractalFbm.noisehlsltemplate
REVIEW_UNREFERENCED_SMALL	5373	0.005	Assets/Procedural Worlds/Packages - Install/Gaia/Localization/English/ScreenShotterEditor.English.pwlpk
REVIEW_UNREFERENCED_SMALL	5190	0.005	Assets/Procedural Worlds/Packages - Install/Gaia/Editor Resources/WorldmapTexture.png
REVIEW_UNREFERENCED_SMALL	5069	0.005	Assets/Procedural Worlds/Packages - Install/Gaia/Localization/English/TerrainDetailOverwriteEditor.English.pwlpk
REVIEW_UNREFERENCED_SMALL	4936	0.005	Assets/Procedural Worlds/Packages - Install/Gaia Water/Content Resources/Textures/Color Ramp Textures/Standard Lake Color Depth.png
REVIEW_UNREFERENCED_SMALL	4925	0.005	Assets/Procedural Worlds/Packages - Install/Gaia/Localization/English/PolyMaskEditor.English.pwlpk
REVIEW_UNREFERENCED_SMALL	4773	0.005	Assets/Procedural Worlds/Packages - Install/Gaia/Settings/Universal Pipeline/UPRenderPipelineAsset PWS UP 14.0.7.asset
REVIEW_UNREFERENCED_SMALL	4707	0.004	Assets/Procedural Worlds/Packages - Install/Gaia/Editor Resources/GaiaScannerMaterial.mat
REVIEW_UNREFERENCED_SMALL	4647	0.004	Assets/Procedural Worlds/Packages - Install/Gaia/Editor Resources/Tree Stand-In.mat
REVIEW_UNREFERENCED_SMALL	4577	0.004	Assets/Naganeupseong/Resource/Materials/M_Broom01a_02.mat
REVIEW_UNREFERENCED_SMALL	4574	0.004	Assets/Procedural Worlds/Packages - Install/Gaia/Editor Resources/Settings Icon 2.png
REVIEW_UNREFERENCED_SMALL	4555	0.004	Assets/Naganeupseong/Scene/Resource/M_SkySphere.mat
REVIEW_UNREFERENCED_SMALL	4507	0.004	Assets/Procedural Worlds/Packages - Install/Gaia/Localization/English/WorldMapEditor.English.pwlpk
REVIEW_UNREFERENCED_SMALL	4470	0.004	Assets/Naganeupseong/Scene/Resource/M_Grid.mat
REVIEW_UNREFERENCED_SMALL	4470	0.004	Assets/Procedural Worlds/Packages - Install/Gaia/Scripts/Core/Photo Mode/Fonts/OFL.txt
REVIEW_UNREFERENCED_SMALL	4459	0.004	Assets/Procedural Worlds/Packages - Install/Gaia/Localization/English/GaiaAudioManagerEditor.English.pwlpk
REVIEW_UNREFERENCED_SMALL	4385	0.004	Assets/Procedural Worlds/Packages - Install/Gaia/Scripts/Core/Photo Mode/Textures/Post Processing Icon.png
REVIEW_UNREFERENCED_SMALL	4366	0.004	Assets/Procedural Worlds/Packages - Install/Gaia/Editor Resources/Tree Stand-In.prefab
REVIEW_UNREFERENCED_SMALL	4291	0.004	Assets/Meshs/Materials/T_man04_hair_Top.mat
REVIEW_UNREFERENCED_SMALL	4221	0.004	Assets/Procedural Worlds/Packages - Install/Gaia/Localization/English/GaiaAudioZoneManagerEditor.English.pwlpk
REVIEW_UNREFERENCED_SMALL	4174	0.004	Assets/Naganeupseong/Resource/Materials/M_Corn_02.mat
REVIEW_UNREFERENCED_SMALL	4075	0.004	Assets/Naganeupseong/Prefabs/Structure/Roof/Roof02a.prefab
REVIEW_UNREFERENCED_SMALL	4075	0.004	Assets/Naganeupseong/Prefabs/Structure/Roof/Roof04a.prefab
REVIEW_UNREFERENCED_SMALL	4075	0.004	Assets/Naganeupseong/Prefabs/Structure/Roof/Roof05a.prefab
REVIEW_UNREFERENCED_SMALL	4007	0.004	Assets/Naganeupseong/Prefabs/Structure/Ground/Ground03a.prefab
REVIEW_UNREFERENCED_SMALL	4007	0.004	Assets/Naganeupseong/Prefabs/Structure/Ground/Ground04a.prefab
REVIEW_UNREFERENCED_SMALL	4006	0.004	Assets/Procedural Worlds/Packages - Install/Gaia/Scripts/Core/Photo Mode/Textures/Landscape Icon.png
REVIEW_UNREFERENCED_SMALL	4005	0.004	Assets/Naganeupseong/Prefabs/Structure/Floor/Floor01c.prefab
REVIEW_UNREFERENCED_SMALL	3974	0.004	Assets/JoseonSoul/FirstVillageTempleGraybox/M_Timber.mat
REVIEW_UNREFERENCED_SMALL	3974	0.004	Assets/Naganeupseong/Resource/Textures/Prop/T_Chili_BC.png
REVIEW_UNREFERENCED_SMALL	3974	0.004	Assets/JoseonSoul/FirstVillageTempleGraybox/M_Roof.mat
REVIEW_UNREFERENCED_SMALL	3972	0.004	Assets/JoseonSoul/FirstVillageTempleGraybox/M_Ground.mat
REVIEW_UNREFERENCED_SMALL	3972	0.004	Assets/JoseonSoul/FirstVillageTempleGraybox/M_Dummy.mat
REVIEW_UNREFERENCED_SMALL	3971	0.004	Assets/JoseonSoul/FirstVillageTempleGraybox/M_Stone.mat
REVIEW_UNREFERENCED_SMALL	3935	0.004	Assets/Naganeupseong/Prefabs/Structure/Ground/Ground01a.prefab
REVIEW_UNREFERENCED_SMALL	3933	0.004	Assets/Naganeupseong/Prefabs/Structure/Floor/Floor03a.prefab
REVIEW_UNREFERENCED_SMALL	3933	0.004	Assets/Naganeupseong/Prefabs/Structure/Floor/Floor04a.prefab
REVIEW_UNREFERENCED_SMALL	3933	0.004	Assets/Naganeupseong/Prefabs/Structure/Floor/Floor01a.prefab
REVIEW_UNREFERENCED_SMALL	3933	0.004	Assets/Naganeupseong/Prefabs/Structure/Floor/Floor02a.prefab
REVIEW_UNREFERENCED_SMALL	3933	0.004	Assets/Naganeupseong/Prefabs/Structure/Floor/Floor01d.prefab
REVIEW_UNREFERENCED_SMALL	3933	0.004	Assets/Naganeupseong/Prefabs/Structure/Floor/Floor05a.prefab
REVIEW_UNREFERENCED_SMALL	3933	0.004	Assets/Naganeupseong/Prefabs/Structure/Floor/Floor06a.prefab
REVIEW_UNREFERENCED_SMALL	3926	0.004	Assets/Materials/Floor.mat
REVIEW_UNREFERENCED_SMALL	3908	0.004	Assets/Procedural Worlds/Packages - Install/Gaia/Localization/English/GaiaHierarchyUtilsEditor.English.pwlpk
REVIEW_UNREFERENCED_SMALL	3872	0.004	Assets/Naganeupseong/Prefabs/Prop/Pantry_Chest.prefab
REVIEW_UNREFERENCED_SMALL	3866	0.004	Assets/Naganeupseong/Prefabs/Structure/Pillar/Pillar01d.prefab
REVIEW_UNREFERENCED_SMALL	3864	0.004	Assets/Naganeupseong/Prefabs/Prop/Broom01a.prefab
REVIEW_UNREFERENCED_SMALL	3856	0.004	Assets/Naganeupseong/Prefabs/Prop/Cart.prefab
REVIEW_UNREFERENCED_SMALL	3856	0.004	Assets/Naganeupseong/Prefabs/Prop/Corn.prefab
REVIEW_UNREFERENCED_SMALL	3827	0.004	Assets/Naganeupseong/Prefabs/Prop/Spade_For_Irrigation_Work.prefab
REVIEW_UNREFERENCED_SMALL	3819	0.004	Assets/Naganeupseong/Prefabs/Prop/Wood_Burning_Stove01b.prefab
REVIEW_UNREFERENCED_SMALL	3819	0.004	Assets/Naganeupseong/Prefabs/Prop/Wood_Burning_Stove02b.prefab
REVIEW_UNREFERENCED_SMALL	3819	0.004	Assets/Naganeupseong/Prefabs/Prop/Wood_Burning_Stove03b.prefab
REVIEW_UNREFERENCED_SMALL	3817	0.004	Assets/Naganeupseong/Prefabs/Prop/Spoon_And_Chopsticks.prefab
REVIEW_UNREFERENCED_SMALL	3813	0.004	Assets/Naganeupseong/Prefabs/Prop/A_frame_Carrier01b.prefab
REVIEW_UNREFERENCED_SMALL	3813	0.004	Assets/Naganeupseong/Prefabs/Prop/A_frame_Carrier01a.prefab
REVIEW_UNREFERENCED_SMALL	3813	0.004	Assets/Naganeupseong/Prefabs/Prop/Small_Dining_Table.prefab
REVIEW_UNREFERENCED_SMALL	3811	0.004	Assets/Naganeupseong/Prefabs/Prop/Mung_Bean_Pancake.prefab
REVIEW_UNREFERENCED_SMALL	3811	0.004	Assets/Naganeupseong/Prefabs/Prop/Rice_Washing_Bowl.prefab
REVIEW_UNREFERENCED_SMALL	3811	0.004	Assets/Naganeupseong/Prefabs/Prop/Irrigation_Bucket.prefab
REVIEW_UNREFERENCED_SMALL	3809	0.004	Assets/Naganeupseong/Scene/Resource/Overview_Floor.prefab
REVIEW_UNREFERENCED_SMALL	3809	0.004	Assets/Naganeupseong/Prefabs/Prop/Dishwater_Bucket.prefab
REVIEW_UNREFERENCED_SMALL	3809	0.004	Assets/Naganeupseong/Prefabs/Prop/Cooked_Rice_Bowl.prefab
REVIEW_UNREFERENCED_SMALL	3809	0.004	Assets/Naganeupseong/Prefabs/Prop/Jar_With_A_Spout.prefab
REVIEW_UNREFERENCED_SMALL	3809	0.004	Assets/Naganeupseong/Prefabs/Prop/Manure_Container.prefab
REVIEW_UNREFERENCED_SMALL	3809	0.004	Assets/Naganeupseong/Prefabs/Prop/Earthenware_Bowl.prefab
REVIEW_UNREFERENCED_SMALL	3807	0.004	Assets/Naganeupseong/Prefabs/Prop/Bed_Clothes_01a.prefab
REVIEW_UNREFERENCED_SMALL	3807	0.004	Assets/Naganeupseong/Prefabs/Prop/Cauldron_Lid01a.prefab
REVIEW_UNREFERENCED_SMALL	3807	0.004	Assets/Naganeupseong/Prefabs/Prop/Cauldron_Lid01b.prefab
REVIEW_UNREFERENCED_SMALL	3805	0.004	Assets/Naganeupseong/Prefabs/Prop/Stone_Steps01a.prefab
REVIEW_UNREFERENCED_SMALL	3805	0.004	Assets/Naganeupseong/Prefabs/Prop/Korean_Cabbage.prefab
REVIEW_UNREFERENCED_SMALL	3803	0.004	Assets/Naganeupseong/Prefabs/Prop/Bamboo_Basket.prefab
REVIEW_UNREFERENCED_SMALL	3803	0.004	Assets/Naganeupseong/Prefabs/Prop/Fulling_Block.prefab
REVIEW_UNREFERENCED_SMALL	3803	0.004	Assets/Naganeupseong/Prefabs/Prop/Kitchen_Board.prefab
REVIEW_UNREFERENCED_SMALL	3803	0.004	Assets/Naganeupseong/Prefabs/Prop/Wicker_Basket.prefab
REVIEW_UNREFERENCED_SMALL	3801	0.004	Assets/Naganeupseong/Prefabs/Prop/Pantry_Shelf.prefab
REVIEW_UNREFERENCED_SMALL	3801	0.004	Assets/Naganeupseong/Prefabs/Prop/Straw_Mat01b.prefab
REVIEW_UNREFERENCED_SMALL	3801	0.004	Assets/Naganeupseong/Prefabs/Prop/Straw_Jar02a.prefab
REVIEW_UNREFERENCED_SMALL	3801	0.004	Assets/Naganeupseong/Prefabs/Prop/Straw_Jar01a.prefab
REVIEW_UNREFERENCED_SMALL	3801	0.004	Assets/Naganeupseong/Prefabs/Prop/Cloth_Roller.prefab
REVIEW_UNREFERENCED_SMALL	3801	0.004	Assets/Naganeupseong/Prefabs/Prop/Straw_Mat01a.prefab
REVIEW_UNREFERENCED_SMALL	3801	0.004	Assets/Naganeupseong/Prefabs/Prop/Straw_Mat02b.prefab
REVIEW_UNREFERENCED_SMALL	3801	0.004	Assets/Naganeupseong/Prefabs/Prop/Sweet_Potato.prefab
REVIEW_UNREFERENCED_SMALL	3801	0.004	Assets/Naganeupseong/Prefabs/Prop/Clothes_Rack.prefab
REVIEW_UNREFERENCED_SMALL	3799	0.004	Assets/Naganeupseong/Prefabs/Prop/Cauldron01b.prefab
REVIEW_UNREFERENCED_SMALL	3799	0.004	Assets/Naganeupseong/Prefabs/Prop/Fire_Shovel.prefab
REVIEW_UNREFERENCED_SMALL	3799	0.004	Assets/Naganeupseong/Prefabs/Prop/Cauldron01a.prefab
REVIEW_UNREFERENCED_SMALL	3799	0.004	Assets/Naganeupseong/Prefabs/Prop/Weeding_Hoe.prefab
REVIEW_UNREFERENCED_SMALL	3799	0.004	Assets/Naganeupseong/Prefabs/Prop/Spoon_Stand.prefab
REVIEW_UNREFERENCED_SMALL	3799	0.004	Assets/Naganeupseong/Prefabs/Prop/Water_Scoop.prefab
REVIEW_UNREFERENCED_SMALL	3799	0.004	Assets/Naganeupseong/Prefabs/Prop/Wooden_Tray.prefab
REVIEW_UNREFERENCED_SMALL	3797	0.004	Assets/Naganeupseong/Prefabs/Prop/Fish_Jerky.prefab
REVIEW_UNREFERENCED_SMALL	3797	0.004	Assets/Naganeupseong/Prefabs/Prop/Pincers01b.prefab
REVIEW_UNREFERENCED_SMALL	3797	0.004	Assets/Naganeupseong/Prefabs/Prop/Beef_Jerky.prefab
REVIEW_UNREFERENCED_SMALL	3797	0.004	Assets/Naganeupseong/Prefabs/Prop/Cabinet01a.prefab
REVIEW_UNREFERENCED_SMALL	3797	0.004	Assets/Naganeupseong/Prefabs/Prop/Cabinet01b.prefab
REVIEW_UNREFERENCED_SMALL	3797	0.004	Assets/Naganeupseong/Prefabs/Prop/Rice_Chest.prefab
REVIEW_UNREFERENCED_SMALL	3797	0.004	Assets/Naganeupseong/Prefabs/Prop/Chimney01a.prefab
REVIEW_UNREFERENCED_SMALL	3797	0.004	Assets/Naganeupseong/Prefabs/Prop/Haejangguk.prefab
REVIEW_UNREFERENCED_SMALL	3797	0.004	Assets/Naganeupseong/Prefabs/Prop/Pincers01a.prefab
REVIEW_UNREFERENCED_SMALL	3797	0.004	Assets/Naganeupseong/Prefabs/Prop/Small_Plow.prefab
REVIEW_UNREFERENCED_SMALL	3797	0.004	Assets/Naganeupseong/Prefabs/Prop/Rice_Straw.prefab
REVIEW_UNREFERENCED_SMALL	3795	0.004	Assets/Naganeupseong/Prefabs/Prop/Straw_Bag.prefab
REVIEW_UNREFERENCED_SMALL	3795	0.004	Assets/Naganeupseong/Prefabs/Prop/Closet01a.prefab
REVIEW_UNREFERENCED_SMALL	3795	0.004	Assets/Naganeupseong/Prefabs/Prop/Basket01b.prefab
REVIEW_UNREFERENCED_SMALL	3795	0.004	Assets/Naganeupseong/Prefabs/Prop/Lampstand.prefab
REVIEW_UNREFERENCED_SMALL	3795	0.004	Assets/Naganeupseong/Prefabs/Structure/Pillar/Pillar01a.prefab
REVIEW_UNREFERENCED_SMALL	3795	0.004	Assets/Naganeupseong/Prefabs/Prop/Basket01a.prefab
REVIEW_UNREFERENCED_SMALL	3795	0.004	Assets/Naganeupseong/Prefabs/Prop/Whetstone.prefab
REVIEW_UNREFERENCED_SMALL	3795	0.004	Assets/Naganeupseong/Prefabs/Structure/Pillar/Pillar03b.prefab
REVIEW_UNREFERENCED_SMALL	3795	0.004	Assets/Naganeupseong/Prefabs/Prop/Water_Jar.prefab
REVIEW_UNREFERENCED_SMALL	3795	0.004	Assets/Naganeupseong/Prefabs/Structure/Pillar/Pillar02b.prefab
REVIEW_UNREFERENCED_SMALL	3795	0.004	Assets/Naganeupseong/Prefabs/Prop/Hand_Mill.prefab
REVIEW_UNREFERENCED_SMALL	3795	0.004	Assets/Naganeupseong/Prefabs/Prop/Rice_Soup.prefab
REVIEW_UNREFERENCED_SMALL	3793	0.004	Assets/Naganeupseong/Prefabs/Prop/Bibimbap.prefab
REVIEW_UNREFERENCED_SMALL	3793	0.004	Assets/Naganeupseong/Prefabs/Prop/Basin01b.prefab
REVIEW_UNREFERENCED_SMALL	3793	0.004	Assets/Naganeupseong/Prefabs/Prop/Broom01b.prefab
REVIEW_UNREFERENCED_SMALL	3793	0.004	Assets/Naganeupseong/Prefabs/Prop/Basin01a.prefab
REVIEW_UNREFERENCED_SMALL	3793	0.004	Assets/Naganeupseong/Prefabs/Prop/Stair01a.prefab
REVIEW_UNREFERENCED_SMALL	3793	0.004	Assets/Naganeupseong/Prefabs/Prop/Strainer.prefab
REVIEW_UNREFERENCED_SMALL	3791	0.004	Assets/Naganeupseong/Prefabs/Prop/Bowl01b.prefab
REVIEW_UNREFERENCED_SMALL	3791	0.004	Assets/Naganeupseong/Prefabs/Prop/Bowl01a.prefab
REVIEW_UNREFERENCED_SMALL	3791	0.004	Assets/Naganeupseong/Prefabs/Prop/Net_Bag.prefab
REVIEW_UNREFERENCED_SMALL	3791	0.004	Assets/Naganeupseong/Prefabs/Structure/Door/Door01k.prefab
REVIEW_UNREFERENCED_SMALL	3791	0.004	Assets/Naganeupseong/Prefabs/Structure/Wall/Wall06b.prefab
REVIEW_UNREFERENCED_SMALL	3791	0.004	Assets/Naganeupseong/Prefabs/Structure/Wall/Wall02b.prefab
REVIEW_UNREFERENCED_SMALL	3791	0.004	Assets/Naganeupseong/Prefabs/Structure/Wall/Wall05b.prefab
REVIEW_UNREFERENCED_SMALL	3791	0.004	Assets/Naganeupseong/Prefabs/Structure/Wall/Wall07b.prefab
REVIEW_UNREFERENCED_SMALL	3791	0.004	Assets/Naganeupseong/Prefabs/Structure/Door/Door01l.prefab
REVIEW_UNREFERENCED_SMALL	3791	0.004	Assets/Naganeupseong/Prefabs/Structure/Wall/Wall04a.prefab
REVIEW_UNREFERENCED_SMALL	3791	0.004	Assets/Naganeupseong/Prefabs/Structure/Wall/Wall03b.prefab
REVIEW_UNREFERENCED_SMALL	3791	0.004	Assets/Naganeupseong/Prefabs/Structure/Wall/Wall04b.prefab
REVIEW_UNREFERENCED_SMALL	3791	0.004	Assets/Naganeupseong/Prefabs/Structure/Wall/Wall08b.prefab
REVIEW_UNREFERENCED_SMALL	3791	0.004	Assets/Naganeupseong/Prefabs/Prop/Bellows.prefab
REVIEW_UNREFERENCED_SMALL	3791	0.004	Assets/Naganeupseong/Prefabs/Prop/Pumpkin.prefab
REVIEW_UNREFERENCED_SMALL	3791	0.004	Assets/Naganeupseong/Prefabs/Structure/Wall/Wall01b.prefab
REVIEW_UNREFERENCED_SMALL	3789	0.004	Assets/Naganeupseong/Prefabs/Prop/Bottle.prefab
REVIEW_UNREFERENCED_SMALL	3789	0.004	Assets/Naganeupseong/Prefabs/Prop/Jar01c.prefab
REVIEW_UNREFERENCED_SMALL	3789	0.004	Assets/Naganeupseong/Prefabs/Prop/Chisel.prefab
REVIEW_UNREFERENCED_SMALL	3789	0.004	Assets/Naganeupseong/Prefabs/Prop/Winnow.prefab
REVIEW_UNREFERENCED_SMALL	3789	0.004	Assets/Naganeupseong/Prefabs/Prop/Jar01a.prefab
REVIEW_UNREFERENCED_SMALL	3789	0.004	Assets/Naganeupseong/Prefabs/Prop/Potato.prefab
REVIEW_UNREFERENCED_SMALL	3789	0.004	Assets/Naganeupseong/Prefabs/Prop/Kimchi.prefab
REVIEW_UNREFERENCED_SMALL	3789	0.004	Assets/Naganeupseong/Prefabs/Prop/Mortar.prefab
REVIEW_UNREFERENCED_SMALL	3789	0.004	Assets/Naganeupseong/Prefabs/Prop/Radish.prefab
REVIEW_UNREFERENCED_SMALL	3789	0.004	Assets/Naganeupseong/Prefabs/Prop/Garlic.prefab
REVIEW_UNREFERENCED_SMALL	3789	0.004	Assets/Naganeupseong/Prefabs/Prop/Sickle.prefab
REVIEW_UNREFERENCED_SMALL	3789	0.004	Assets/Naganeupseong/Prefabs/Prop/Pestle.prefab
REVIEW_UNREFERENCED_SMALL	3789	0.004	Assets/Naganeupseong/Prefabs/Prop/Pillow.prefab
REVIEW_UNREFERENCED_SMALL	3789	0.004	Assets/Naganeupseong/Prefabs/Prop/Hammer.prefab
REVIEW_UNREFERENCED_SMALL	3789	0.004	Assets/Naganeupseong/Prefabs/Prop/Brazer.prefab
REVIEW_UNREFERENCED_SMALL	3787	0.004	Assets/Naganeupseong/Prefabs/Prop/Anvil.prefab
REVIEW_UNREFERENCED_SMALL	3787	0.004	Assets/Naganeupseong/Prefabs/Prop/Scoop.prefab
REVIEW_UNREFERENCED_SMALL	3787	0.004	Assets/Naganeupseong/Prefabs/Prop/Chili.prefab
REVIEW_UNREFERENCED_SMALL	3787	0.004	Assets/Naganeupseong/Prefabs/Prop/Plate.prefab
REVIEW_UNREFERENCED_SMALL	3787	0.004	Assets/Naganeupseong/Prefabs/Prop/Gourd.prefab
REVIEW_UNREFERENCED_SMALL	3785	0.004	Assets/Naganeupseong/Prefabs/Prop/Fork.prefab
REVIEW_UNREFERENCED_SMALL	3785	0.004	Assets/Naganeupseong/Prefabs/Prop/Rice.prefab
REVIEW_UNREFERENCED_SMALL	3785	0.004	Assets/Naganeupseong/Prefabs/Prop/Meju.prefab
REVIEW_UNREFERENCED_SMALL	3785	0.004	Assets/Naganeupseong/Prefabs/Prop/Lamp.prefab
REVIEW_UNREFERENCED_SMALL	3783	0.004	Assets/Naganeupseong/Prefabs/Prop/Cup.prefab
REVIEW_UNREFERENCED_SMALL	3751	0.004	Assets/Procedural Worlds/Packages - Install/Gaia/Scripts/Core/Photo Mode/Textures/Camera Icon.png
REVIEW_UNREFERENCED_SMALL	3679	0.004	Assets/Procedural Worlds/Packages - Install/Gaia/Localization/English/GaiaRuntimeUICreateUIElementEditor.English.pwlpk
REVIEW_UNREFERENCED_SMALL	3571	0.003	Assets/Procedural Worlds/Packages - Install/Gaia/Scripts/Core/Photo Mode/Prefabs and FX/Photo Mode Profile.asset
REVIEW_UNREFERENCED_SMALL	3478	0.003	Assets/Procedural Worlds/Packages - Install/Gaia/Scripts/Core/Photo Mode/Textures/Unity Icon.png
REVIEW_UNREFERENCED_SMALL	3456	0.003	Assets/Procedural Worlds/Packages - Install/Gaia/Localization/English/FreeCameraEditor.English.pwlpk
REVIEW_UNREFERENCED_SMALL	3393	0.003	Assets/Procedural Worlds/Packages - Install/Gaia/Localization/English/ReflectionMaskerEditor.English.pwlpk
REVIEW_UNREFERENCED_SMALL	3389	0.003	Assets/Procedural Worlds/Packages - Install/Gaia/Localization/English/GaiaStampSelectorEditorWindow.English.pwlpk
REVIEW_UNREFERENCED_SMALL	3323	0.003	Assets/Naganeupseong/Resource/Materials/M_Cabinet01b.mat
REVIEW_UNREFERENCED_SMALL	3320	0.003	Assets/Naganeupseong/Resource/Materials/M_Cauldron01a.mat
REVIEW_UNREFERENCED_SMALL	3320	0.003	Assets/Naganeupseong/Resource/Materials/M_Window01g.mat
REVIEW_UNREFERENCED_SMALL	3320	0.003	Assets/Naganeupseong/Resource/Materials/M_Cauldron01b.mat
REVIEW_UNREFERENCED_SMALL	3319	0.003	Assets/Naganeupseong/Resource/Materials/M_Cart01a_02.mat
REVIEW_UNREFERENCED_SMALL	3319	0.003	Assets/Naganeupseong/Resource/Materials/M_Rice_Chest.mat
REVIEW_UNREFERENCED_SMALL	3319	0.003	Assets/Naganeupseong/Resource/Materials/M_Cart01a_01.mat
REVIEW_UNREFERENCED_SMALL	3319	0.003	Assets/Naganeupseong/Resource/Materials/M_Cabinet01a.mat
REVIEW_UNREFERENCED_SMALL	3318	0.003	Assets/Naganeupseong/Resource/Materials/M_Window01e.mat
REVIEW_UNREFERENCED_SMALL	3318	0.003	Assets/Naganeupseong/Resource/Materials/M_Window01c.mat
REVIEW_UNREFERENCED_SMALL	3316	0.003	Assets/Naganeupseong/Resource/Materials/M_Door01k.mat
REVIEW_UNREFERENCED_SMALL	3314	0.003	Assets/Naganeupseong/Resource/Materials/M_Anvil.mat
REVIEW_UNREFERENCED_SMALL	3297	0.003	Assets/Naganeupseong/Resource/Materials/M_Pantry_Chest_01.mat
REVIEW_UNREFERENCED_SMALL	3272	0.003	Assets/Naganeupseong/Resource/Materials/M_Small_Dining_Table.mat
REVIEW_UNREFERENCED_SMALL	3272	0.003	Assets/Naganeupseong/Resource/Materials/M_A_frame_Carrier01b.mat
REVIEW_UNREFERENCED_SMALL	3272	0.003	Assets/Naganeupseong/Resource/Materials/M_Earthenware_Bowl.mat
REVIEW_UNREFERENCED_SMALL	3272	0.003	Assets/Naganeupseong/Resource/Materials/M_A_frame_Carrier01a.mat
REVIEW_UNREFERENCED_SMALL	3271	0.003	Assets/Naganeupseong/Resource/Materials/M_Irrigation_Bucket.mat
REVIEW_UNREFERENCED_SMALL	3270	0.003	Assets/Naganeupseong/Resource/Materials/M_Watermill_02.mat
REVIEW_UNREFERENCED_SMALL	3270	0.003	Assets/Naganeupseong/Resource/Materials/M_Manure_Container.mat
REVIEW_UNREFERENCED_SMALL	3270	0.003	Assets/Naganeupseong/Resource/Materials/M_Jar_With_A_Spout.mat
REVIEW_UNREFERENCED_SMALL	3270	0.003	Assets/Naganeupseong/Resource/Materials/M_Dishwater_Bucket.mat
REVIEW_UNREFERENCED_SMALL	3270	0.003	Assets/Naganeupseong/Resource/Materials/M_Cooked_Rice_Bowl.mat
REVIEW_UNREFERENCED_SMALL	3269	0.003	Assets/Naganeupseong/Resource/Materials/M_Cauldron_Lid01b.mat
REVIEW_UNREFERENCED_SMALL	3268	0.003	Assets/Naganeupseong/Resource/Materials/M_Watermill_01.mat
REVIEW_UNREFERENCED_SMALL	3268	0.003	Assets/Naganeupseong/Resource/Materials/M_Pantry_Shelf.mat
REVIEW_UNREFERENCED_SMALL	3267	0.003	Assets/Naganeupseong/Resource/Materials/M_Wicker_Basket.mat
REVIEW_UNREFERENCED_SMALL	3266	0.003	Assets/Naganeupseong/Resource/Materials/M_Small_Plow.mat
REVIEW_UNREFERENCED_SMALL	3266	0.003	Assets/Naganeupseong/Resource/Materials/M_Straw_Mat01b.mat
REVIEW_UNREFERENCED_SMALL	3265	0.003	Assets/Naganeupseong/Resource/Materials/M_Wooden_Tray.mat
REVIEW_UNREFERENCED_SMALL	3265	0.003	Assets/Naganeupseong/Resource/Materials/M_Water_Scoop.mat
REVIEW_UNREFERENCED_SMALL	3263	0.003	Assets/Naganeupseong/Resource/Materials/M_Pillar01d.mat
REVIEW_UNREFERENCED_SMALL	3263	0.003	Assets/Naganeupseong/Resource/Materials/M_Hand_Mill.mat
REVIEW_UNREFERENCED_SMALL	3263	0.003	Assets/Naganeupseong/Resource/Materials/M_Basket01a.mat
REVIEW_UNREFERENCED_SMALL	3263	0.003	Assets/Naganeupseong/Resource/Materials/M_Lampstand.mat
REVIEW_UNREFERENCED_SMALL	3263	0.003	Assets/Naganeupseong/Resource/Materials/M_Straw_Bag.mat
REVIEW_UNREFERENCED_SMALL	3262	0.003	Assets/Naganeupseong/Resource/Materials/M_Basin01b.mat
REVIEW_UNREFERENCED_SMALL	3262	0.003	Assets/Naganeupseong/Resource/Materials/M_Strainer.mat
REVIEW_UNREFERENCED_SMALL	3261	0.003	Assets/Naganeupseong/Resource/Materials/M_Bellows.mat
REVIEW_UNREFERENCED_SMALL	3261	0.003	Assets/Naganeupseong/Resource/Materials/M_Bowl01b.mat
REVIEW_UNREFERENCED_SMALL	3260	0.003	Assets/Naganeupseong/Resource/Materials/M_Chisel.mat
REVIEW_UNREFERENCED_SMALL	3258	0.003	Assets/Naganeupseong/Resource/Materials/M_Meju.mat
REVIEW_UNREFERENCED_SMALL	3257	0.003	Assets/Naganeupseong/Resource/Materials/M_Cup.mat
REVIEW_UNREFERENCED_SMALL	3242	0.003	Assets/Naganeupseong/Resource/Materials/M_Bottle.mat
REVIEW_UNREFERENCED_SMALL	3236	0.003	Assets/Procedural Worlds/Packages - Install/Gaia Water/Content Resources/Textures/Color Ramp Textures/Clear Blue Ocean Color Depth.png
REVIEW_UNREFERENCED_SMALL	3224	0.003	Assets/Naganeupseong/Resource/Materials/M_Spade_For_Irrigation_Work.mat
REVIEW_UNREFERENCED_SMALL	3219	0.003	Assets/Naganeupseong/Resource/Materials/M_Spoon_and_Chopsticks.mat
REVIEW_UNREFERENCED_SMALL	3214	0.003	Assets/Naganeupseong/Resource/Materials/M_Cauldron_Lid01a.mat
REVIEW_UNREFERENCED_SMALL	3214	0.003	Assets/Naganeupseong/Resource/Materials/M_Pantry_Chest_02.mat
REVIEW_UNREFERENCED_SMALL	3212	0.003	Assets/Naganeupseong/Resource/Materials/M_Bed_Clothes.mat
REVIEW_UNREFERENCED_SMALL	3210	0.003	Assets/Naganeupseong/Resource/Materials/M_Weeding_Hoe.mat
REVIEW_UNREFERENCED_SMALL	3209	0.003	Assets/Naganeupseong/Resource/Materials/M_Pincers01b.mat
REVIEW_UNREFERENCED_SMALL	3209	0.003	Assets/Naganeupseong/Resource/Materials/M_Pincers01a.mat
REVIEW_UNREFERENCED_SMALL	3205	0.003	Assets/Naganeupseong/Resource/Materials/M_Sickle.mat
REVIEW_UNREFERENCED_SMALL	3205	0.003	Assets/Naganeupseong/Resource/Materials/M_Hammer.mat
REVIEW_UNREFERENCED_SMALL	3204	0.003	Assets/Naganeupseong/Resource/Materials/M_Scoop.mat
REVIEW_UNREFERENCED_SMALL	3201	0.003	Assets/Procedural Worlds/Packages - Install/Sky & Lighting Presets/Presets/URP/Default Preset DirectionalLight.prefab
REVIEW_UNREFERENCED_SMALL	3199	0.003	Assets/Procedural Worlds/Packages - Install/Sky & Lighting Presets/Presets/URP/Night Preset DirectionalLight.prefab
REVIEW_UNREFERENCED_SMALL	3197	0.003	Assets/Procedural Worlds/Packages - Install/Sky & Lighting Presets/Presets/URP/Evening Preset DirectionalLight.prefab
REVIEW_UNREFERENCED_SMALL	3196	0.003	Assets/Procedural Worlds/Packages - Install/Sky & Lighting Presets/Presets/URP/Morning Preset DirectionalLight.prefab
REVIEW_UNREFERENCED_SMALL	3195	0.003	Assets/Naganeupseong/Scene/Resource/SkySphere.prefab
REVIEW_UNREFERENCED_SMALL	3190	0.003	Assets/Procedural Worlds/Packages - Install/Gaia Water/Content Resources/Textures/Color Ramp Textures/Deep Blue Ocean Color Depth.png
REVIEW_UNREFERENCED_SMALL	3181	0.003	Assets/Naganeupseong/Resource/Materials/M_Straw_Jar02a.mat
REVIEW_UNREFERENCED_SMALL	3181	0.003	Assets/Naganeupseong/Resource/Materials/M_Straw_Jar01a.mat
REVIEW_UNREFERENCED_SMALL	3180	0.003	Assets/Naganeupseong/Resource/Materials/M_Fire_Shovel.mat
REVIEW_UNREFERENCED_SMALL	3179	0.003	Assets/Procedural Worlds/Packages - Install/Sky & Lighting Presets/Presets/URP/Legacy Day Preset DirectionalLight.prefab
REVIEW_UNREFERENCED_SMALL	3174	0.003	Assets/Naganeupseong/Resource/Materials/M_Plate.mat
REVIEW_UNREFERENCED_SMALL	3165	0.003	Assets/Naganeupseong/Resource/Materials/M_Mung_Bean_Pancake.mat
REVIEW_UNREFERENCED_SMALL	3161	0.003	Assets/Naganeupseong/Resource/Materials/M_Rice_Washing_Bowl.mat
REVIEW_UNREFERENCED_SMALL	3158	0.003	Assets/Naganeupseong/Resource/Materials/M_Korean_Cabbage.mat
REVIEW_UNREFERENCED_SMALL	3157	0.003	Assets/Naganeupseong/Resource/Materials/M_Bamboo_Basket.mat
REVIEW_UNREFERENCED_SMALL	3157	0.003	Assets/Naganeupseong/Resource/Materials/M_Kitchen_Board.mat
REVIEW_UNREFERENCED_SMALL	3157	0.003	Assets/Naganeupseong/Resource/Materials/M_Fulling_Block.mat
REVIEW_UNREFERENCED_SMALL	3156	0.003	Assets/Naganeupseong/Resource/Materials/M_Straw_Mat01a.mat
REVIEW_UNREFERENCED_SMALL	3156	0.003	Assets/Naganeupseong/Resource/Materials/M_Cloth_Roller.mat
REVIEW_UNREFERENCED_SMALL	3156	0.003	Assets/Naganeupseong/Resource/Materials/M_Clothes_Rack.mat
REVIEW_UNREFERENCED_SMALL	3156	0.003	Assets/Naganeupseong/Resource/Materials/M_Rice_Soup.mat
REVIEW_UNREFERENCED_SMALL	3155	0.003	Assets/Naganeupseong/Resource/Materials/M_Broom01a_01.mat
REVIEW_UNREFERENCED_SMALL	3155	0.003	Assets/Naganeupseong/Resource/Materials/M_Bibimbap.mat
REVIEW_UNREFERENCED_SMALL	3155	0.003	Assets/Naganeupseong/Resource/Materials/M_Spoon_Stand.mat
REVIEW_UNREFERENCED_SMALL	3154	0.003	Assets/Naganeupseong/Resource/Materials/M_Beef_Jerky.mat
REVIEW_UNREFERENCED_SMALL	3154	0.003	Assets/Naganeupseong/Resource/Materials/M_Rice_Straw.mat
REVIEW_UNREFERENCED_SMALL	3154	0.003	Assets/Naganeupseong/Resource/Materials/M_Fish_Jerky.mat
REVIEW_UNREFERENCED_SMALL	3153	0.003	Assets/Naganeupseong/Resource/Materials/M_Whetstone.mat
REVIEW_UNREFERENCED_SMALL	3153	0.003	Assets/Naganeupseong/Resource/Materials/M_Basket01b.mat
REVIEW_UNREFERENCED_SMALL	3152	0.003	Assets/Naganeupseong/Resource/Materials/M_Broom01b.mat
REVIEW_UNREFERENCED_SMALL	3151	0.003	Assets/Naganeupseong/Resource/Materials/M_Corn_01.mat
REVIEW_UNREFERENCED_SMALL	3151	0.003	Assets/Naganeupseong/Resource/Materials/M_Bowl01a.mat
REVIEW_UNREFERENCED_SMALL	3151	0.003	Assets/Naganeupseong/Resource/Materials/M_Net_Bag.mat
REVIEW_UNREFERENCED_SMALL	3151	0.003	Assets/Naganeupseong/Resource/Materials/M_Pumpkin.mat
REVIEW_UNREFERENCED_SMALL	3150	0.003	Assets/Naganeupseong/Resource/Materials/M_Mortar.mat
REVIEW_UNREFERENCED_SMALL	3150	0.003	Assets/Naganeupseong/Resource/Materials/M_Winnow.mat
REVIEW_UNREFERENCED_SMALL	3150	0.003	Assets/Naganeupseong/Resource/Materials/M_Garlic.mat
REVIEW_UNREFERENCED_SMALL	3150	0.003	Assets/Naganeupseong/Resource/Materials/M_Brazer.mat
REVIEW_UNREFERENCED_SMALL	3150	0.003	Assets/Naganeupseong/Resource/Materials/M_Pillow.mat
REVIEW_UNREFERENCED_SMALL	3150	0.003	Assets/Naganeupseong/Resource/Materials/M_Pestle.mat
REVIEW_UNREFERENCED_SMALL	3148	0.003	Assets/Naganeupseong/Resource/Materials/M_Fork.mat
REVIEW_UNREFERENCED_SMALL	3148	0.003	Assets/Naganeupseong/Resource/Materials/M_Lamp.mat
REVIEW_UNREFERENCED_SMALL	3132	0.003	Assets/Naganeupseong/Resource/Materials/M_Haejangguk.mat
REVIEW_UNREFERENCED_SMALL	3128	0.003	Assets/Naganeupseong/Resource/Materials/M_Kimchi.mat
REVIEW_UNREFERENCED_SMALL	3126	0.003	Assets/Naganeupseong/Resource/Materials/M_Rice.mat
REVIEW_UNREFERENCED_SMALL	3097	0.003	Assets/Naganeupseong/Resource/Materials/M_Chili01a.mat
REVIEW_UNREFERENCED_SMALL	3081	0.003	Assets/Naganeupseong/Resource/Textures/Prop/T_Sieve_02_A.png
REVIEW_UNREFERENCED_SMALL	3070	0.003	Assets/Procedural Worlds/Packages - Install/Gaia/Localization/English/PW_VFX_CloudsEditor.English.pwlpk
REVIEW_UNREFERENCED_SMALL	3050	0.003	Assets/Procedural Worlds/Packages - Install/Gaia/Editor Resources/Icon_Visible_Disabled.png
REVIEW_UNREFERENCED_SMALL	3049	0.003	Assets/Procedural Worlds/Packages - Install/Gaia/Editor Resources/IconPro_Visible_Disabled.png
REVIEW_UNREFERENCED_SMALL	3046	0.003	Assets/Naganeupseong/Resource/Materials/M_Sweet_Potato.mat
REVIEW_UNREFERENCED_SMALL	3042	0.003	Assets/Naganeupseong/Scene/Resource/Overview_cube.prefab
REVIEW_UNREFERENCED_SMALL	3040	0.003	Assets/Naganeupseong/Resource/Materials/M_Potato.mat
REVIEW_UNREFERENCED_SMALL	3040	0.003	Assets/Naganeupseong/Resource/Materials/M_Radish.mat
REVIEW_UNREFERENCED_SMALL	3039	0.003	Assets/Naganeupseong/Resource/Materials/M_Gourd.mat
REVIEW_UNREFERENCED_SMALL	3029	0.003	Assets/Procedural Worlds/Packages - Install/Gaia/Editor Resources/gadvIco_p.png
REVIEW_UNREFERENCED_SMALL	2967	0.003	Assets/Procedural Worlds/Packages - Install/Gaia/Editor Resources/Icon_EyeDropper.png
REVIEW_UNREFERENCED_SMALL	2965	0.003	Assets/Procedural Worlds/Packages - Install/Gaia/Editor Resources/IconPro_EyeDropper.png
REVIEW_UNREFERENCED_SMALL	2956	0.003	Assets/Procedural Worlds/Packages - Install/Gaia/Editor Resources/Icon_Paste.png
REVIEW_UNREFERENCED_SMALL	2955	0.003	Assets/Procedural Worlds/Packages - Install/Gaia/Editor Resources/Icon_Visible.png
REVIEW_UNREFERENCED_SMALL	2953	0.003	Assets/Procedural Worlds/Packages - Install/Gaia/Editor Resources/IconPro_Paste.png
REVIEW_UNREFERENCED_SMALL	2953	0.003	Assets/Procedural Worlds/Packages - Install/Gaia/Editor Resources/IconPro_Visible.png
REVIEW_UNREFERENCED_SMALL	2941	0.003	Assets/Procedural Worlds/Packages - Install/Gaia/Editor Resources/Icon_Remove.png
REVIEW_UNREFERENCED_SMALL	2937	0.003	Assets/Procedural Worlds/Packages - Install/Gaia/Editor Resources/IconPro_Remove.png
REVIEW_UNREFERENCED_SMALL	2913	0.003	Assets/Procedural Worlds/Packages - Install/Gaia/Editor Resources/IconPro_Help.png
REVIEW_UNREFERENCED_SMALL	2905	0.003	Assets/Procedural Worlds/Packages - Install/Gaia/Editor Resources/Icon_Copy.png
REVIEW_UNREFERENCED_SMALL	2904	0.003	Assets/Procedural Worlds/Packages - Install/Gaia/Editor Resources/IconPro_Copy.png
REVIEW_UNREFERENCED_SMALL	2887	0.003	Assets/Procedural Worlds/Packages - Install/Gaia/Editor Resources/Icon_Help.png
REVIEW_UNREFERENCED_SMALL	2811	0.003	Assets/Procedural Worlds/Packages - Install/Gaia/Shaders/Unity/Terrain Tools/NoiseLib/Templates/Blit.noisehlsltemplate
REVIEW_UNREFERENCED_SMALL	2773	0.003	Assets/Procedural Worlds/Packages - Install/Gaia/Localization/English/GaiaRuntimeUIProfileEditor.English.pwlpk
REVIEW_UNREFERENCED_SMALL	2770	0.003	Assets/Procedural Worlds/Packages - Install/Gaia/Localization/English/SimpleCameraLayerCullingEditor.English.pwlpk
REVIEW_UNREFERENCED_SMALL	2736	0.003	Assets/Procedural Worlds/Packages - Install/Gaia/Editor Resources/Icon_Duplicate.png
REVIEW_UNREFERENCED_SMALL	2736	0.003	Assets/Procedural Worlds/Packages - Install/Gaia/Editor Resources/IconPro_Duplicate.png
REVIEW_UNREFERENCED_SMALL	2734	0.003	Assets/Procedural Worlds/Packages - Install/Gaia/Scripts/Core/Spawning System/Spawn Extensions/GeNaSpawnExtension.file
REVIEW_UNREFERENCED_SMALL	2696	0.003	Assets/Procedural Worlds/Packages - Install/Gaia/Editor Resources/Icon_Up.png
REVIEW_UNREFERENCED_SMALL	2692	0.003	Assets/Procedural Worlds/Packages - Install/Gaia/Editor Resources/IconPro_Up.png
REVIEW_UNREFERENCED_SMALL	2690	0.003	Assets/Procedural Worlds/Packages - Install/Gaia/Editor Resources/Icon_Down.png
REVIEW_UNREFERENCED_SMALL	2686	0.003	Assets/Procedural Worlds/Packages - Install/Gaia/Editor Resources/IconPro_Down.png
REVIEW_UNREFERENCED_SMALL	2651	0.003	Assets/Procedural Worlds/Packages - Install/Gaia/Localization/English/WindManagerEditor.English.pwlpk
REVIEW_UNREFERENCED_SMALL	2499	0.002	Assets/Procedural Worlds/Frameworks/Setup1/Editor Resources/Icon_NoUnityPackage.png
REVIEW_UNREFERENCED_SMALL	2495	0.002	Assets/TemplesKor/Textures/T_Sun_Pal_Pillar_A/SM_Sun_Pal_Wall_B.prefab
REVIEW_UNREFERENCED_SMALL	2478	0.002	Assets/Procedural Worlds/Packages - Install/Gaia/Localization/English/ConvertStamps.English.pwlpk
REVIEW_UNREFERENCED_SMALL	2451	0.002	Assets/Procedural Worlds/Packages - Install/Gaia/Scripts/Core/Extension System/GaiaXtnFooter.txt
REVIEW_UNREFERENCED_SMALL	2448	0.002	Assets/Naganeupseong/Prefabs/Prop/Large_Scooped_Wooden_Bowl.prefab
REVIEW_UNREFERENCED_SMALL	2438	0.002	Assets/Naganeupseong/Prefabs/Prop/Grain_Rake01b.prefab
REVIEW_UNREFERENCED_SMALL	2433	0.002	Assets/Naganeupseong/Prefabs/Prop/Seive_Support.prefab
REVIEW_UNREFERENCED_SMALL	2432	0.002	Assets/Naganeupseong/Prefabs/Prop/Fire_pot01a.prefab
REVIEW_UNREFERENCED_SMALL	2432	0.002	Assets/Naganeupseong/Prefabs/Prop/Grain_Rake01a.prefab
REVIEW_UNREFERENCED_SMALL	2429	0.002	Assets/Procedural Worlds/Packages - Install/Gaia/Shaders/Unity/Terrain Tools/NoiseLib/Templates/Fill.noisehlsltemplate
REVIEW_UNREFERENCED_SMALL	2411	0.002	Assets/Procedural Worlds/Packages - Install/Gaia/Editor Resources/World Designer Sample Objects.mat
REVIEW_UNREFERENCED_SMALL	2375	0.002	Assets/Procedural Worlds/Packages - Install/Gaia/Localization/English/CommandBufferManagerEditor.English.pwlpk
REVIEW_UNREFERENCED_SMALL	2314	0.002	Assets/Procedural Worlds/Packages - Install/Gaia/Settings/Universal Pipeline/Procedural Worlds Universal Pipeline_Renderer 14.0.7.asset
REVIEW_UNREFERENCED_SMALL	2288	0.002	Assets/Procedural Worlds/Packages - Install/Asset Samples - Synty Studios/Materials/Texture_02.mat
REVIEW_UNREFERENCED_SMALL	2214	0.002	Assets/Procedural Worlds/Packages - Install/Sky & Lighting Presets/Presets/URP/Day Preset Environment SkyBox.mat
REVIEW_UNREFERENCED_SMALL	2210	0.002	Assets/Procedural Worlds/Packages - Install/Gaia/Localization/English/PWSkyPostProcessingManagerEditor.English.pwlpk
REVIEW_UNREFERENCED_SMALL	2192	0.002	Assets/Procedural Worlds/Frameworks/Setup1/Editor Resources/Icon_UpdateAvailable.png
REVIEW_UNREFERENCED_SMALL	2156	0.002	Assets/Procedural Worlds/Packages - Install/Gaia/Localization/English/WorldMapStampTokenEditor.English.pwlpk
REVIEW_UNREFERENCED_SMALL	2155	0.002	Assets/Procedural Worlds/Packages - Install/Gaia/Settings/Materials/Pipeline Terrain Material HD.mat
REVIEW_UNREFERENCED_SMALL	2080	0.002	Assets/Player_Bone_Template.ht
REVIEW_UNREFERENCED_SMALL	1998	0.002	Assets/Procedural Worlds/Packages - Install/Gaia/Localization/English/UnityPipelineProfileEditor.English.pwlpk
REVIEW_UNREFERENCED_SMALL	1947	0.002	Assets/Procedural Worlds/Packages - Install/Gaia Water/Content Resources/Prefab/Underwater Transition Post Processing.prefab
REVIEW_UNREFERENCED_SMALL	1924	0.002	Assets/Procedural Worlds/Packages - Install/Gaia/Localization/English/KelvinConverterEditor.English.pwlpk
REVIEW_UNREFERENCED_SMALL	1904	0.002	Assets/Procedural Worlds/Packages - Install/Gaia/Localization/English/PW_WaterReflectionZoneEditor.English.pwlpk
REVIEW_UNREFERENCED_SMALL	1867	0.002	Assets/Naganeupseong/Scene/Resource/OverviewSettings.lighting
REVIEW_UNREFERENCED_SMALL	1814	0.002	Assets/Procedural Worlds/Packages - Install/Gaia Water/Content Resources/Textures/Color Ramp Textures/Standard Clear Lake Color Depth.png
REVIEW_UNREFERENCED_SMALL	1752	0.002	Assets/JoseonSoul/FirstVillageTempleGraybox/T_GroundColor.asset
REVIEW_UNREFERENCED_SMALL	1743	0.002	Assets/Procedural Worlds/Packages - Install/Gaia/Localization/English/SpawnerSettingsEditor.English.pwlpk
REVIEW_UNREFERENCED_SMALL	1727	0.002	Assets/Procedural Worlds/Packages - Install/Gaia/Scripts/Core/Photo Mode/Prefabs and FX/Post Processing/Pause Menu Blur URP Profile.asset
REVIEW_UNREFERENCED_SMALL	1631	0.002	Assets/Procedural Worlds/Packages - Install/Gaia/Localization/English/GaiaStopwatchDatasetEditor.English.pwlpk
REVIEW_UNREFERENCED_SMALL	1620	0.002	Assets/Procedural Worlds/Packages - Install/Gaia Water/Content Resources/Material/Gaia Ocean Underwater.mat
REVIEW_UNREFERENCED_SMALL	1573	0.002	Assets/Procedural Worlds/Packages - Install/Sky & Lighting Presets/Presets/URP/Day Preset GlobalPostProcessing.prefab
REVIEW_UNREFERENCED_SMALL	1556	0.001	Assets/Procedural Worlds/Packages - Install/Sky & Lighting Presets/Presets/URP/Procedural Worlds Sky GlobalPostProcessing.prefab
REVIEW_UNREFERENCED_SMALL	1552	0.001	Assets/Procedural Worlds/Packages - Install/Sky & Lighting Presets/Presets/URP/Legacy Day Preset GlobalPostProcessing.prefab
REVIEW_UNREFERENCED_SMALL	1549	0.001	Assets/Procedural Worlds/Packages - Install/Sky & Lighting Presets/Presets/URP/Default Preset GlobalPostProcessing.prefab
REVIEW_UNREFERENCED_SMALL	1549	0.001	Assets/Procedural Worlds/Packages - Install/Sky & Lighting Presets/Presets/URP/Evening Preset GlobalPostProcessing.prefab
REVIEW_UNREFERENCED_SMALL	1547	0.001	Assets/Procedural Worlds/Packages - Install/Sky & Lighting Presets/Presets/URP/Night Preset GlobalPostProcessing.prefab
REVIEW_UNREFERENCED_SMALL	1532	0.001	Assets/Procedural Worlds/Packages - Install/Sky & Lighting Presets/Skyboxes/license_readme.txt
REVIEW_UNREFERENCED_SMALL	1477	0.001	Assets/Procedural Worlds/Packages - Install/Gaia/Localization/English/GaiaStopwatchControlEditor.English.pwlpk
REVIEW_UNREFERENCED_SMALL	1457	0.001	Assets/Procedural Worlds/Packages - Install/Gaia/Localization/English/PW_VFX_AtmosphereEditor.English.pwlpk
REVIEW_UNREFERENCED_SMALL	1435	0.001	Assets/Procedural Worlds/Packages - Install/Gaia/Scripts/Core/Extension System/GaiaXtnHeader.txt
REVIEW_UNREFERENCED_SMALL	1393	0.001	Assets/Procedural Worlds/Packages - Install/Gaia/Localization/English/MaskMapExportSettingsEditor.English.pwlpk
REVIEW_UNREFERENCED_SMALL	1305	0.001	Assets/Procedural Worlds/Packages - Install/Gaia/Scripts/Core/Photo Mode/Textures/Lighting Icon.png
REVIEW_UNREFERENCED_SMALL	1291	0.001	Assets/Procedural Worlds/Packages - Install/Gaia/Localization/English/DisableUnderwaterFXTriggerEditor.English.pwlpk
REVIEW_UNREFERENCED_SMALL	1245	0.001	Assets/Procedural Worlds/Frameworks/Common5/PW_c5.pwcfg
REVIEW_UNREFERENCED_SMALL	1169	0.001	Assets/Procedural Worlds/Packages - Install/Gaia/Settings/Materials/Pipeline Terrain Material UP.mat
REVIEW_UNREFERENCED_SMALL	1143	0.001	Assets/Procedural Worlds/Packages - Install/Gaia/Scripts/Core/Photo Mode/Textures/Photo Mode Settings Icon.png
REVIEW_UNREFERENCED_SMALL	1142	0.001	Assets/Procedural Worlds/Packages - Install/Gaia/Settings/GD Powerful Desktop Settings.asset
REVIEW_UNREFERENCED_SMALL	1137	0.001	Assets/Procedural Worlds/Packages - Install/Gaia/Shaders/Unity/Standard Shaders/license.txt
REVIEW_UNREFERENCED_SMALL	1132	0.001	Assets/Procedural Worlds/Packages - Install/Gaia/Settings/GD Desktop Settings.asset
REVIEW_UNREFERENCED_SMALL	1129	0.001	Assets/Procedural Worlds/Packages - Install/Gaia/Scripts/Core/Photo Mode/Prefabs and FX/Post Processing/Pause Menu Blur Profile.asset
REVIEW_UNREFERENCED_SMALL	1126	0.001	Assets/Procedural Worlds/Packages - Install/Gaia/Settings/GD Ultra Light Settings.asset
REVIEW_UNREFERENCED_SMALL	1124	0.001	Assets/Procedural Worlds/Packages - Install/Gaia/Settings/GD Mobile Settings.asset
REVIEW_UNREFERENCED_SMALL	1111	0.001	Assets/Procedural Worlds/Packages - Cache/Gaia/Stamps.asset
REVIEW_UNREFERENCED_SMALL	1109	0.001	Assets/Procedural Worlds/Packages - Cache/Gaia/Asset Samples - Synty Studios.asset
REVIEW_UNREFERENCED_SMALL	1100	0.001	Assets/Procedural Worlds/Packages - Cache/Gaia/Controller Support.asset
REVIEW_UNREFERENCED_SMALL	1096	0.001	Assets/Procedural Worlds/Packages - Install/Sky & Lighting Presets/Presets/URP/Default Preset Environment SkyBox.mat
REVIEW_UNREFERENCED_SMALL	1094	0.001	Assets/Procedural Worlds/Packages - Install/Sky & Lighting Presets/Textures/license_readme.txt
REVIEW_UNREFERENCED_SMALL	1090	0.001	Assets/Procedural Worlds/Packages - Install/Sky & Lighting Presets/Presets/URP/Procedural Worlds Sky Environment.asset
REVIEW_UNREFERENCED_SMALL	1083	0.001	Assets/Procedural Worlds/Packages - Install/Gaia/Scripts/Core/Mesh Simplifier/license.txt
REVIEW_UNREFERENCED_SMALL	1060	0.001	Assets/Procedural Worlds/Packages - Cache/Gaia/Sky & Lighting Presets.asset
REVIEW_UNREFERENCED_SMALL	1053	0.001	Assets/Procedural Worlds/Packages - Install/Sky & Lighting Presets/Presets/URP/Morning Preset Environment SkyBox.mat
REVIEW_UNREFERENCED_SMALL	1048	0.001	Assets/Procedural Worlds/Packages - Install/Sky & Lighting Presets/Presets/URP/Night Preset Environment SkyBox.mat
REVIEW_UNREFERENCED_SMALL	1043	0.001	Assets/Procedural Worlds/Packages - Install/Sky & Lighting Presets/Presets/URP/Day Preset Environment.asset
REVIEW_UNREFERENCED_SMALL	1043	0.001	Assets/Procedural Worlds/Packages - Install/Sky & Lighting Presets/Presets/URP/Legacy Day Preset Environment SkyBox.mat
REVIEW_UNREFERENCED_SMALL	1042	0.001	Assets/Procedural Worlds/Packages - Install/Sky & Lighting Presets/Presets/URP/Evening Preset Environment SkyBox.mat
REVIEW_UNREFERENCED_SMALL	1037	0.001	Assets/Procedural Worlds/Packages - Install/Sky & Lighting Presets/Presets/URP/Evening Preset Environment.asset
REVIEW_UNREFERENCED_SMALL	1037	0.001	Assets/Procedural Worlds/Packages - Install/Sky & Lighting Presets/Presets/URP/Default Preset Environment.asset
REVIEW_UNREFERENCED_SMALL	1036	0.001	Assets/Procedural Worlds/Packages - Install/Sky & Lighting Presets/Presets/URP/Morning Preset Environment.asset
REVIEW_UNREFERENCED_SMALL	1032	0.001	Assets/Procedural Worlds/Packages - Install/Sky & Lighting Presets/Presets/URP/Night Preset Environment.asset
REVIEW_UNREFERENCED_SMALL	1018	0.001	Assets/Procedural Worlds/Packages - Cache/Gaia/Unity HDRP Water.asset
REVIEW_UNREFERENCED_SMALL	1017	0.001	Assets/Procedural Worlds/Packages - Install/Sky & Lighting Presets/Presets/URP/Legacy Day Preset Environment.asset
REVIEW_UNREFERENCED_SMALL	1008	0.001	Assets/Procedural Worlds/Packages - Cache/Gaia/Asset Samples.asset
REVIEW_UNREFERENCED_SMALL	996	0.001	Assets/Procedural Worlds/Packages - Cache/Gaia/Gaia Water.asset
REVIEW_UNREFERENCED_SMALL	986	0.001	Assets/Procedural Worlds/Packages - Install/Gaia/Localization/English/GaiaWelcome.English.pwlpk
REVIEW_UNREFERENCED_SMALL	978	0.001	Assets/Procedural Worlds/Packages - Install/Gaia/Scripts/Core/Photo Mode/Textures/Water Icon.png
REVIEW_UNREFERENCED_SMALL	955	0.001	Assets/Procedural Worlds/Packages - Cache/Gaia/Gaia.asset
REVIEW_UNREFERENCED_SMALL	954	0.001	Assets/Procedural Worlds/Packages - Install/Gaia/Editor Resources/Made With Gaia Watermark.png
REVIEW_UNREFERENCED_SMALL	947	0.001	Assets/Procedural Worlds/Packages - Install/Gaia/Shaders/Unity/Terrain Tools/NoiseLib/Templates/FractalNone.noisehlsltemplate
REVIEW_UNREFERENCED_SMALL	867	0.001	Assets/Procedural Worlds/Frameworks/Setup1/Settings/Setup Settings.asset
REVIEW_UNREFERENCED_SMALL	858	0.001	Assets/Procedural Worlds/Packages - Install/Gaia/Settings/Materials/Gaia Sky.mat
REVIEW_UNREFERENCED_SMALL	856	0.001	Assets/Procedural Worlds/Packages - Install/Sky & Lighting Presets/Presets/URP/Legacy Day Preset.asset
REVIEW_UNREFERENCED_SMALL	850	0.001	Assets/Procedural Worlds/Packages - Install/Gaia Water/Content Resources/Material/Underwater Particles Material.mat
REVIEW_UNREFERENCED_SMALL	850	0.001	Assets/Procedural Worlds/Packages - Install/Sky & Lighting Presets/Presets/URP/Evening Preset.asset
REVIEW_UNREFERENCED_SMALL	850	0.001	Assets/Procedural Worlds/Packages - Install/Sky & Lighting Presets/Presets/URP/Default Preset.asset
REVIEW_UNREFERENCED_SMALL	850	0.001	Assets/Procedural Worlds/Packages - Install/Sky & Lighting Presets/Presets/URP/Morning Preset.asset
REVIEW_UNREFERENCED_SMALL	847	0.001	Assets/Procedural Worlds/Packages - Install/Controller Support/Settings/Controller Settings.asset
REVIEW_UNREFERENCED_SMALL	846	0.001	Assets/Procedural Worlds/Packages - Install/Sky & Lighting Presets/Presets/URP/Night Preset.asset
REVIEW_UNREFERENCED_SMALL	836	0.001	Assets/Procedural Worlds/Packages - Install/Gaia/Settings/Materials/Gaia Default Sky.mat
REVIEW_UNREFERENCED_SMALL	831	0.001	Assets/Procedural Worlds/Packages - Install/Sky & Lighting Presets/Presets/URP/Day Preset.asset
REVIEW_UNREFERENCED_SMALL	794	0.001	Assets/Naganeupseong/Scene/Resource/Terrain/TR_Ground02b.terrainlayer
REVIEW_UNREFERENCED_SMALL	794	0.001	Assets/Naganeupseong/Scene/Resource/Terrain/TR_Ground01b.terrainlayer
REVIEW_UNREFERENCED_SMALL	779	0.001	Assets/Procedural Worlds/Packages - Install/Sky & Lighting Presets/Presets/URP/Procedural Worlds Sky.asset
REVIEW_UNREFERENCED_SMALL	775	0.001	Assets/JoseonSoul/FirstVillageTempleGraybox/TL_Ground.terrainlayer
REVIEW_UNREFERENCED_SMALL	763	0.001	Assets/Procedural Worlds/Packages - Install/Gaia/Editor Resources/Worldmap Terrain Layer.terrainlayer
REVIEW_UNREFERENCED_SMALL	736	0.001	Assets/Procedural Worlds/Packages - Install/Gaia Water/Settings/Water Settings.asset
REVIEW_UNREFERENCED_SMALL	701	0.001	Assets/Procedural Worlds/Packages - Install/Gaia/Settings/Gaia Maintenance Profile.asset
REVIEW_UNREFERENCED_SMALL	662	0.001	Assets/Procedural Worlds/Packages - Install/Gaia/Localization/English/GaiaTerrainPlaceHolderEditor.English.pwlpk
REVIEW_UNREFERENCED_SMALL	650	0.001	Assets/Procedural Worlds/Packages - Install/Gaia/Editor Resources/OriginUIPro_Unfold_Down.png
REVIEW_UNREFERENCED_SMALL	647	0.001	Assets/Procedural Worlds/Packages - Install/Gaia/Editor Resources/OriginUIPro_Unfold_Up.png
REVIEW_UNREFERENCED_SMALL	645	0.001	Assets/Procedural Worlds/Packages - Install/Gaia/Editor Resources/OriginUI_Unfold_Up.png
REVIEW_UNREFERENCED_SMALL	644	0.001	Assets/Procedural Worlds/Packages - Install/Gaia/Editor Resources/OriginUI_Unfold_Down.png
REVIEW_UNREFERENCED_SMALL	572	0.001	Assets/Procedural Worlds/Packages - Install/Gaia/Scripts/Core/Mesh Simplifier/Third Party Notices.txt
REVIEW_UNREFERENCED_SMALL	465	0.000	Assets/Procedural Worlds/Packages - Install/Gaia/Editor Resources/gstdIco_p.png
REVIEW_UNREFERENCED_SMALL	462	0.000	Assets/Procedural Worlds/Packages - Install/Gaia/Editor Resources/ggxIco_p.png
REVIEW_UNREFERENCED_SMALL	412	0.000	Assets/Procedural Worlds/Packages - Install/Gaia/Editor Resources/gstdIco.png
REVIEW_UNREFERENCED_SMALL	402	0.000	Assets/Procedural Worlds/Packages - Install/Gaia/Localization/English/GaiaMaintenanceProfileEditor.English.pwlpk
REVIEW_UNREFERENCED_SMALL	402	0.000	Assets/Procedural Worlds/Packages - Install/Gaia/Localization/English/WorldOriginEditor.English.pwlpk
REVIEW_UNREFERENCED_SMALL	402	0.000	Assets/Procedural Worlds/Packages - Install/Gaia/Localization/English/StamperSettingsEditor.English.pwlpk
REVIEW_UNREFERENCED_SMALL	379	0.000	Assets/Procedural Worlds/Packages - Install/Asset Samples - Synty Studios/GeNa Spawners/Readme.txt
REVIEW_UNREFERENCED_SMALL	372	0.000	Assets/Procedural Worlds/Packages - Install/Gaia/Editor Resources/gmoreIco_p.png
REVIEW_UNREFERENCED_SMALL	361	0.000	Assets/Procedural Worlds/Packages - Install/Gaia/Editor Resources/gmoreIco.png
REVIEW_UNREFERENCED_SMALL	310	0.000	Assets/Procedural Worlds/Packages - Install/Asset Samples - Synty Studios/Readme.txt
REVIEW_UNREFERENCED_SMALL	220	0.000	Assets/Procedural Worlds/Packages - Install/Gaia/Localization/English/GaiaPipelineUtilsEditor.English.pwlpk
REVIEW_UNREFERENCED_SMALL	91	0.000	Assets/Procedural Worlds/Packages - Install/Gaia/Gaia_ReadMe.txt
SAFE_SAMPLE_CANDIDATE	16777260	16.000	Assets/Procedural Worlds/Packages - Install/Asset Samples/NatureManufacture/T_Ground_Snow_1_A_Sm.tga
SAFE_SAMPLE_CANDIDATE	16777260	16.000	Assets/Procedural Worlds/Packages - Install/Asset Samples/NatureManufacture/T_Ground_Snow_1_N.tga
SAFE_SAMPLE_CANDIDATE	16514758	15.750	Assets/Procedural Worlds/Packages - Install/Asset Samples/NatureManufacture/T_Ground_Snow_1_M.tga
SAFE_SAMPLE_CANDIDATE	4562536	4.351	Assets/Procedural Worlds/Packages - Install/Asset Samples/Procedural Worlds/Content Resources/Audio/Gaia Ambient Audio Morning.mp3
SAFE_SAMPLE_CANDIDATE	4194348	4.000	Assets/Procedural Worlds/Packages - Install/Asset Samples/NatureManufacture/T_ground_rock_01_AO.tga
SAFE_SAMPLE_CANDIDATE	4194348	4.000	Assets/Procedural Worlds/Packages - Install/Asset Samples/NatureManufacture/T_ground_rock_02_AO.tga
SAFE_SAMPLE_CANDIDATE	4194348	4.000	Assets/Procedural Worlds/Packages - Install/Asset Samples/NatureManufacture/T_Ground_Sand_02_H.tga
SAFE_SAMPLE_CANDIDATE	4194348	4.000	Assets/Procedural Worlds/Packages - Install/Asset Samples/NatureManufacture/T_Ground_Sand_02_AO.tga
SAFE_SAMPLE_CANDIDATE	4194348	4.000	Assets/Procedural Worlds/Packages - Install/Asset Samples/NatureManufacture/T_ground_rock_01_H.tga
SAFE_SAMPLE_CANDIDATE	4194348	4.000	Assets/Procedural Worlds/Packages - Install/Asset Samples/NatureManufacture/T_ground_grass_01_H.tga
SAFE_SAMPLE_CANDIDATE	4194348	4.000	Assets/Procedural Worlds/Packages - Install/Asset Samples/NatureManufacture/T_Ground_Snow_1_AO.tga
SAFE_SAMPLE_CANDIDATE	4194348	4.000	Assets/Procedural Worlds/Packages - Install/Asset Samples/NatureManufacture/T_ground_grass_01_AO.tga
SAFE_SAMPLE_CANDIDATE	4194348	4.000	Assets/Procedural Worlds/Packages - Install/Asset Samples/NatureManufacture/T_ground_rock_02_H.tga
SAFE_SAMPLE_CANDIDATE	3993448	3.808	Assets/Procedural Worlds/Packages - Install/Asset Samples/Procedural Worlds/Content Resources/Audio/Gaia Ambient Audio Night.mp3
SAFE_SAMPLE_CANDIDATE	3299143	3.146	Assets/Procedural Worlds/Packages - Install/Asset Samples/Procedural Worlds/Content Resources/PW_Tree_Spruce_05/PW_Tree_Spruce_01_05_LOD3_O.png
SAFE_SAMPLE_CANDIDATE	2638768	2.517	Assets/Procedural Worlds/Frameworks/PWAddressables1/DemoClient/Content/World B Screenshot.png
SAFE_SAMPLE_CANDIDATE	2582438	2.463	Assets/Procedural Worlds/Packages - Install/Asset Samples/Procedural Worlds/Content Resources/PW_Tree_Spruce_05/PW_Tree_Spruce_01_05_LOD3_T.png
SAFE_SAMPLE_CANDIDATE	2205101	2.103	Assets/Procedural Worlds/Frameworks/PWAddressables1/DemoClient/Content/World A Screenshot.png
SAFE_SAMPLE_CANDIDATE	2085736	1.989	Assets/Procedural Worlds/Packages - Install/Asset Samples/Procedural Worlds/Content Resources/Audio/Gaia Ambient Audio Evening.mp3
SAFE_SAMPLE_CANDIDATE	1223176	1.167	Assets/Procedural Worlds/Packages - Install/Asset Samples/NatureManufacture/T_Ground_Snow_1_H.png
SAFE_SAMPLE_CANDIDATE	807682	0.770	Assets/Procedural Worlds/Packages - Install/Asset Samples/Procedural Worlds/Content Resources/Audio/Gaia Ambient Audio Day.mp3
SAFE_SAMPLE_CANDIDATE	303269	0.289	Assets/Procedural Worlds/Packages - Install/Asset Samples/Biomes/Gaia Pro Sample/GaiaPro-Village.asset
SAFE_SAMPLE_CANDIDATE	99456	0.095	Assets/Procedural Worlds/Frameworks/PWAddressables1/DemoClient/DemoClient.unity
SAFE_SAMPLE_CANDIDATE	79333	0.076	Assets/Procedural Worlds/Packages - Install/Asset Samples/Biomes/Example Spawners/Terrain Modifier Stamp Example.asset
SAFE_SAMPLE_CANDIDATE	15732	0.015	Assets/Procedural Worlds/Frameworks/PWAddressables1/DemoClient/Prefabs/WorldEntry.prefab
SAFE_SAMPLE_CANDIDATE	7059	0.007	Assets/Procedural Worlds/Packages - Install/Asset Samples/Procedural Worlds/Content Resources/PW_Stone_01/PW_Stone_01_Moss.mat
SAFE_SAMPLE_CANDIDATE	1337	0.001	Assets/Procedural Worlds/Packages - Install/Asset Samples/Biomes/Scene Culling Profiles/Gaia Pro Sample Scene Culling Profile.asset
SAFE_SAMPLE_CANDIDATE	1334	0.001	Assets/Procedural Worlds/Packages - Install/Asset Samples/Biomes/Scene Culling Profiles/Synty Studios Scene Culling Profile.asset
SAFE_SAMPLE_CANDIDATE	1215	0.001	Assets/Procedural Worlds/Frameworks/PWAddressables1/DemoClient/World Selection Configuration.asset
SAFE_SAMPLE_CANDIDATE	940	0.001	Assets/Procedural Worlds/Packages - Install/Asset Samples/README.txt
SAFE_SAMPLE_CANDIDATE	351	0.000	Assets/Procedural Worlds/Packages - Install/Asset Samples/NatureManufacture/_Readme.txt
